X,Y,OBJECTID,asset_id,system_type,invert_level_nzvd2016,invert_level_wgtn1953,chamber_floor_depth,cover_level_nzvd2016,cover_level_wgtn1953,node_type,manhole_type,status,location,kcdc_histo_id,year_installed
1769990.947,5473375.6115,13010052,KWWN000901,Wastewater,9.64,10,0.5,10.14,10.5,WWCE,,INUS,Waikanae,WSM00925,1979
1781288.432,5485525.6965,13010053,KWWN000300,Wastewater,9.06,9.43,2.15,11.21,11.58,WWMH,,INUS,Otaki,OSM00375,1978
1780489.763,5485577.3565,13010054,KWWN000256,Wastewater,4.89,5.26,2.55,7.44,7.81,WWMH,,INUS,Otaki,OSM00724,1978
1780379.142,5486068.2255,13010055,KWWN000156,Wastewater,5.98,6.35,1.59,7.57,7.94,WWMH,,INUS,Otaki,OSM00278,1976
1769608.713,5473948.4525,13010056,KWWN000843,Wastewater,3.08,3.44,1.56,4.64,5,WWMH,,INUS,Waikanae,WSM00861,1974
1781254.993,5485789.6175,13010057,KWWN000294,Wastewater,8.79,9.16,1.62,10.41,10.78,WWMH,,INUS,Otaki,OSM00369,1977
1779735.058,5486358.5205,13010058,KWWN000131,Wastewater,2.29,2.66,2.55,4.84,5.21,WWMH,,INUS,Otaki,OSM00202,1977
1781061.562,5486718.5355,13010059,KWWN000420,Wastewater,8.6,8.97,1.19,9.79,10.16,WWMH,,INUS,Otaki,OSM00794,1977
1780824.345,5485455.4335,13010060,KWWN000248,Wastewater,,,,,,WWMH,,INUS,Otaki,OSM00592,1979
1780830.926,5484916.4505,13010061,KWWN000067,Wastewater,7.38,7.75,3.45,10.83,11.2,WWMH,,INUS,Otaki,OSM00336,1978
1779527.423,5486342.5605,13010062,KWWN000128,Wastewater,2.2,2.57,2.1,4.3,4.67,WWMH,,INUS,Otaki,OSM00199,1978
1781414.072,5486145.8775,13010063,KWWN000707,Wastewater,5.82,6.19,2.7,8.52,8.89,WWMH,,INUS,Otaki,OSM00607,1978
1780805.537,5486296.9025,13010064,KWWN000362,Wastewater,5.97,6.34,2.31,8.28,8.65,WWMH,,INUS,Otaki,OSM00256,1977
1781505.288,5486129.3055,13010065,KWWN000715,Wastewater,6.86,7.24,1.52,8.39,8.76,WWMH,,INUS,Otaki,OSM00615,1978
1778156.002,5486855.3405,13010066,KWWN000011,Wastewater,-0.91,-0.54,2.77,1.86,2.23,WWMH,,INUS,Otaki,OSM00189,1977
1780567.336,5486897.5015,13010067,KWWN000336,Wastewater,4.52,4.89,1.38,5.9,6.27,WWMH,,INUS,Otaki,OSM00216,1977
1780885.984,5486420.5015,13010068,KWWN000398,Wastewater,6.02,6.39,2.11,8.13,8.5,WWMH,,INUS,Otaki,OSM00245,1977
1774473.587,5473348.1565,13010069,KWWN000990,Wastewater,33.65,34,1.28,34.93,35.28,WWMH,,INUS,Waikanae,WSM00292,1978
1780337.267,5485522.0765,13010070,KWWN000238,Wastewater,4.27,4.64,3.4,7.67,8.04,WWMH,,INUS,Otaki,OSM00326,1978
1781066.711,5484733.3135,13010071,KWWN000086,Wastewater,9.35,9.72,3.15,12.5,12.88,WWMH,,INUS,Otaki,OSM00568,1978
1778953.844,5488046.5325,13010072,KWWN000612,Wastewater,0.38,0.75,2.55,2.93,3.3,WWMH,,INUS,Otaki,OSM00670,1978
1769927.965,5473422.0595,13010073,KWWN000904,Wastewater,1.92,2.27,1.61,3.53,3.88,WWMH,,INUS,Waikanae,WSM00928,1979
1782600.042,5485962.9625,13010074,KWWN000763,Wastewater,26.38,26.76,2.1,28.48,28.86,WWMH,,INUS,Otaki,OSM00433,1978
1783140.054,5485886.6215,13010075,KWWN000801,Wastewater,37.33,37.71,1.82,39.15,39.53,WWMH,,INUS,Otaki,OSM00446,1977
1781819.22,5485427.3935,13010076,KWWN000695,Wastewater,10.74,11.12,1.77,12.51,12.89,WWMH,,INUS,Otaki,OSM00410,1978
1778310.56,5486589.4695,13010077,KWWN000050,Wastewater,0.45,0.82,1.4,1.85,2.22,WWMH,,INUS,Otaki,OSM00187,1977
1781373.626,5486076.0805,13010078,KWWN000684,Wastewater,6.56,6.94,2.49,9.05,9.43,WWMH,,INUS,Otaki,OSM00355,1978
1778128.922,5487184.9645,13010079,KWWN000426,Wastewater,2.38,2.75,2.1,4.48,4.85,WWMH,,INUS,Otaki,OSM00635,1978
1778852.154,5487380.6115,13010080,KWWN000195,Wastewater,7.62,7.99,1.06,8.68,9.05,WWMH,,INUS,Otaki,OSM00098,1978
1781347.227,5486244.8555,13010081,KWWN000282,Wastewater,6.57,6.95,1.92,8.49,8.87,WWMH,,INUS,Otaki,OSM00342,1977
1783084.623,5485673.9075,13010082,KWWN000822,Wastewater,37.56,37.93,1,38.56,38.93,WWMH,,INUS,Otaki,OSM00524,1979
1780700.955,5486071.0545,13010083,KWWN000164,Wastewater,7.02,7.39,1.63,8.65,9.02,WWMH,,INUS,Otaki,OSM00295,1976
1782544.095,5485300.4565,13010084,KWWN000522,Wastewater,11.79,12.17,2.75,14.54,14.92,WWMH,,INUS,Otaki,OSM00468,1978
1775063.954,5473650.6265,13010085,KWWN000546,Wastewater,56.86,57.21,1.46,58.32,58.67,WWMH,,INUS,Waikanae,WSM00057,1978
1769540.159,5473513.1505,13010086,KWWN000912,Wastewater,1.85,2.21,1.23,3.08,3.44,WWMH,,INUS,Waikanae,WSM00936,1990
1780840.862,5485837.1755,13010087,KWWN000225,Wastewater,6.95,7.32,2.4,9.35,9.72,WWMH,,INUS,Otaki,OSM00305,1978
1779125.957,5487964.5665,13010088,KWWN000203,Wastewater,4.68,5.05,1.15,5.83,6.2,WWMH,,INUS,Otaki,OSM00129,1978
1769654.288,5473103.4835,13010089,KWWN000870,Wastewater,13.05,13.4,2.09,15.14,15.49,WWMH,,INUS,Waikanae,WSM00891,1985
1780639.783,5487052.5445,13010090,KWWN000392,Wastewater,3.76,4.13,1.65,5.41,5.78,WWMH,,INUS,Otaki,OSM00799,1977
1778257.862,5487438.7545,13010091,KWWN000423,Wastewater,3.2,3.57,1.53,4.73,5.1,WWMH,,INUS,Otaki,OSM00632,1978
1775228.537,5474060.7275,13010092,KWWN000940,Wastewater,54.98,55.33,1.31,56.29,56.64,WWMH,,INUS,Waikanae,WSM00009,1989
1769761.849,5473053.3665,13010093,KWWN000874,Wastewater,3.06,3.42,1.95,5.01,5.37,WWMH,,INUS,Waikanae,WSM00895,1985
1780904.987,5486487.3575,13010094,KWWN000417,Wastewater,6.16,6.53,1.22,7.38,7.75,WWMH,,INUS,Otaki,OSM00721,1978
1780801.831,5485888.6495,13010095,KWWN000226,Wastewater,7.39,7.76,1.4,8.79,9.16,WWMH,,INUS,Otaki,OSM00306,1978
1775135.273,5473697.2405,13010096,KWWN000536,Wastewater,64.17,64.52,1.9,66.07,66.42,WWMH,,INUS,Waikanae,WSM00047,1978
1780853.251,5486375.9285,13010097,KWWN000416,Wastewater,6.2,6.57,2.28,8.48,8.85,WWMH,,INUS,Otaki,OSM00720,1977
1778658.949,5486036.1875,13010098,KWWN000031,Wastewater,1.82,2.2,0.96,2.78,3.16,WWMH,,INUS,Otaki,OSM00174,1979
1780435.225,5486025.4625,13010099,KWWN000155,Wastewater,4.91,5.28,2.87,7.78,8.15,WWMH,,INUS,Otaki,OSM00277,1976
1774452.149,5473418.0595,13010100,KWWN000992,Wastewater,27.89,28.25,1.02,28.92,29.27,WWMH,,INUS,Waikanae,WSM00294,1978
1780597.985,5485840.1165,13010101,KWWN000227,Wastewater,6.99,7.36,1.52,8.51,8.88,WWMH,,INUS,Otaki,OSM00308,1979
1782632.616,5486000.9355,13010102,KWWN000765,Wastewater,26.76,27.14,2.3,29.06,29.44,WWMH,,INUS,Otaki,OSM00435,1978
1774940.486,5473799.5925,13010103,KWWN000959,Wastewater,36.88,37.23,1.2,38.08,38.43,WWMH,,INUS,Waikanae,WSM00028,1971
1781295.337,5485178.9085,13010104,KWWN000074,Wastewater,9.17,9.54,1.95,11.12,11.49,WWMH,,INUS,Otaki,OSM00393,1977
1780637.609,5486702.6955,13010105,KWWN000340,Wastewater,6.12,6.49,0.98,7.1,7.47,WWMH,,INUS,Otaki,OSM00220,1977
1781857.523,5485380.6995,13010106,KWWN000491,Wastewater,11.57,11.95,1.39,12.96,13.34,WWMH,,INUS,Otaki,OSM00412,1978
1774902.457,5473865.7245,13010107,KWWN001000,Wastewater,30.45,30.8,0.75,31.2,31.55,WWMH,,INUS,Waikanae,WSM00303,1992
1775235.509,5473900.1105,13010108,KWWN000950,Wastewater,69.08,69.43,2.15,71.23,71.58,WWMH,,INUS,Waikanae,WSM00019,1978
1782865.433,5485402.5415,13010109,KWWN000527,Wastewater,30.48,30.86,1.63,32.11,32.49,WWMH,,INUS,Otaki,OSM00482,1979
1775080.588,5473721.2095,13010110,KWWN000544,Wastewater,58.61,58.96,1.53,60.14,60.49,WWMH,,INUS,Waikanae,WSM00055,1978
1782584.437,5485787.1075,13010111,KWWN000784,Wastewater,25.57,25.95,2.8,28.37,28.75,WWMH,,INUS,Otaki,OSM00528,1978
1781793.418,5485951.7185,13010112,KWWN000701,Wastewater,8.59,8.97,1.76,10.35,10.73,WWMH,,INUS,Otaki,OSM00519,1989
1779783.373,5486402.0245,13010113,KWWN000134,Wastewater,3.71,4.08,1.08,4.79,5.16,WWMH,,INUS,Otaki,OSM00746,1977
1775129.52,5473527.6775,13010114,KWWN000981,Wastewater,70.63,70.99,1.56,72.19,72.55,WWMH,,INUS,Waikanae,WSM00062,1978
1780894.434,5485651.5795,13010115,KWWN000275,Wastewater,7.91,8.29,2.16,10.07,10.44,WWMH,,INUS,Otaki,OSM00321,1978
1780709.82,5485596.7265,13010116,KWWN000246,Wastewater,6.62,7,1.6,8.22,8.6,WWMH,,INUS,Otaki,OSM00585,1978
1778757.729,5486128.0975,13010117,KWWN000029,Wastewater,1.81,2.18,1.15,2.96,3.33,WWMH,,INUS,Otaki,OSM00172,1977
1780300.834,5486068.5515,13010118,KWWN000112,Wastewater,4.38,4.75,1.44,5.82,6.19,WWMH,,INUS,Otaki,OSM00591,1977
1778911.52,5487653.1915,13010119,KWWN000458,Wastewater,1.92,2.29,1.9,3.82,4.19,WWMH,,INUS,Otaki,OSM00688,1978
1780616.448,5485280.3915,13010120,KWWN000069,Wastewater,7.24,7.62,1.74,8.98,9.36,WWMH,,INUS,Otaki,OSM00579,1978
1778558.465,5487632.3985,13010121,KWWN000183,Wastewater,,,,,,WWMH,,INUS,Otaki,OSM00740,1979
1780802.462,5486709.7555,13010122,KWWN000344,Wastewater,7.39,7.76,1.43,8.82,9.19,WWMH,,INUS,Otaki,OSM00224,1977
1780738.201,5485574.2745,13010123,KWWN000245,Wastewater,6.58,6.95,2.1,8.68,9.05,WWMH,,INUS,Otaki,OSM00584,1978
1778890.669,5487234.3425,13010124,KWWN000200,Wastewater,1.79,2.17,0.88,2.67,3.04,WWMH,,INUS,Otaki,OSM00104,1978
1781461.385,5485249.6015,13010125,KWWN000658,Wastewater,11.03,11.41,1,12.03,12.41,WWMH,,INUS,Otaki,OSM00397,1978
1775117.294,5473819.3725,13010126,KWWN000969,Wastewater,59.63,59.98,3.15,62.78,63.13,WWMH,,INUS,Waikanae,WSM00038,1978
1780806.67,5485768.2705,13010127,KWWN000259,Wastewater,7.78,8.15,1.67,9.45,9.82,WWMH,,INUS,Otaki,OSM00758,1978
1780964.921,5485753.2475,13010128,KWWN000280,Wastewater,7.03,7.4,2.95,9.98,10.35,WWMH,,INUS,Otaki,OSM00339,1977
1780856.294,5485849.1765,13010129,KWWN000316,Wastewater,7,7.37,2.4,9.4,9.77,WWMH,,INUS,Otaki,OSM00599,1977
1779197.044,5488406.4715,13010130,KWWN000548,Wastewater,3.06,3.43,1.9,4.96,5.33,WWMH,,INUS,Otaki,OSM00011,1978
1781264.295,5486299.7785,13010131,KWWN000409,Wastewater,6.11,6.48,0.05,6.16,6.53,WWMH,,INUS,Otaki,OSM00616,1977
1769709.814,5474009.0595,13010132,KWWN000849,Wastewater,3.31,3.67,1.18,4.49,4.85,WWMH,,INUS,Waikanae,WSM00867,1976
1782420.887,5485387.3155,13010133,KWWN000518,Wastewater,12.55,12.93,1.76,14.31,14.69,WWMH,,INUS,Otaki,OSM00464,1978
1778401.328,5486446.7865,13010134,KWWN000042,Wastewater,-1.53,-1.16,3.02,1.49,1.86,WWMH,,INUS,Otaki,OSM00156,1977
1782996.44,5485222.0035,13010135,KWWN000668,Wastewater,31.88,32.25,1.69,33.57,33.95,WWMH,,INUS,Otaki,OSM00497,1978
1779055.531,5487942.7135,13010136,KWWN000466,Wastewater,1.72,2.09,1.05,2.77,3.14,WWMH,,INUS,Otaki,OSM00712,1978
1782455.527,5485179.8605,13010137,KWWN000530,Wastewater,12.33,12.7,2.85,15.18,15.55,WWMH,,INUS,Otaki,OSM00736,1979
1778836.607,5488277.5585,13010138,KWWN000560,Wastewater,-0.46,-0.09,2.86,2.4,2.77,WWMH,,INUS,Otaki,OSM00035,1978
1775067.265,5473889.1695,13010139,KWWN000961,Wastewater,50.49,50.84,1.28,51.77,52.12,WWMH,,INUS,Waikanae,WSM00030,1978
1782907.294,5485356.9775,13010140,KWWN000517,Wastewater,30.76,31.14,2.23,32.99,33.37,WWMH,,INUS,Otaki,OSM00565,1979
1780548.404,5486156.1235,13010141,KWWN000151,Wastewater,5.48,5.85,2.28,7.76,8.13,WWMH,,INUS,Otaki,OSM00273,1977
1782390.046,5485104.9585,13010142,KWWN000529,Wastewater,12.81,13.18,2.61,15.42,15.79,WWMH,,INUS,Otaki,OSM00735,1978
1781958.721,5485394.1905,13010143,KWWN000511,Wastewater,9.13,9.51,3.73,12.86,13.24,WWMH,,INUS,Otaki,OSM00803,1978
1783260.19,5485686.4435,13010144,KWWN000828,Wastewater,40.83,41.21,0.95,41.78,42.16,WWMH,,INUS,Otaki,OSM00836,1979
1779164.049,5488101.3275,13010145,KWWN000578,Wastewater,7.95,8.32,0.67,8.62,8.99,WWMH,,INUS,Otaki,OSM00111,1978
1778621.349,5487963.6745,13010146,KWWN000429,Wastewater,2.35,2.72,0.5,2.85,3.22,WWMH,,INUS,Otaki,OSM00057,1978
1778701.193,5487499.1095,13010147,KWWN000173,Wastewater,-0.59,-0.22,3.5,2.91,3.28,WWMH,,INUS,Otaki,OSM00195,1978
1781995.343,5485358.4515,13010148,KWWN000513,Wastewater,9.42,9.8,3.85,13.27,13.64,WWMH,,INUS,Otaki,OSM00805,1978
1782519.767,5485975.9075,13010149,KWWN000761,Wastewater,27.45,27.83,1.15,28.6,28.98,WWMH,,INUS,Otaki,OSM00431,1978
1775001.128,5473800.2575,13010150,KWWN000963,Wastewater,,,,,,WWMH,,INUS,Waikanae,WSM00032,1978
1769804.412,5473915.8005,13010151,KWWN000853,Wastewater,1.12,1.48,1.24,2.36,2.72,WWMH,,INUS,Waikanae,WSM00871,1975
1781968.371,5485336.8255,13010152,KWWN000507,Wastewater,9.77,10.15,3.48,13.25,13.63,WWMH,,INUS,Otaki,OSM00548,1979
1782766.319,5485593.7205,13010153,KWWN000777,Wastewater,28.89,29.27,2.94,31.83,32.21,WWMH,,INUS,Otaki,OSM00476,1978
1778899.452,5488499.1175,13010154,KWWN000555,Wastewater,1.74,2.11,2.55,4.29,4.66,WWMH,,INUS,Otaki,OSM00026,1978
1775161.335,5473494.1415,13010155,KWWN000980,Wastewater,79.6,79.95,0.64,80.24,80.59,WWMH,,PRV,Waikanae,WSM00061,1988
1781957.513,5485545.3925,13010156,KWWN000747,Wastewater,11.24,11.62,1.34,12.58,12.96,WWMH,,INUS,Otaki,OSM00768,1979
1778708.247,5486378.3445,13010157,KWWN000053,Wastewater,0.83,1.2,1.7,2.53,2.9,WWMH,,INUS,Otaki,OSM00706,1977
1781797.016,5485269.0315,13010158,KWWN000495,Wastewater,10.7,11.08,3.25,13.95,14.33,WWMH,,INUS,Otaki,OSM00540,1978
1778730.989,5487959.4135,13010159,KWWN000431,Wastewater,1.26,1.63,1.7,2.96,3.33,WWMH,,INUS,Otaki,OSM00059,1978
1779065.972,5487853.2465,13010160,KWWN000209,Wastewater,3.43,3.8,3.38,6.81,7.18,WWMH,,INUS,Otaki,OSM00135,1978
1782636.857,5486114.2065,13010161,KWWN000762,Wastewater,26.62,27,1.1,27.72,28.1,WWMH,,INUS,Otaki,OSM00432,1978
1779024.89,5488081.0615,13010162,KWWN000610,Wastewater,1.43,1.81,1.6,3.03,3.41,WWMH,,INUS,Otaki,OSM00668,1978
1780908.931,5486348.4095,13010163,KWWN000402,Wastewater,6.72,7.09,1.97,8.69,9.06,WWMH,,INUS,Otaki,OSM00249,1979
1780421.22,5486317.5635,13010164,KWWN000376,Wastewater,4.26,4.63,1.98,6.24,6.61,WWMH,,INUS,Otaki,OSM00625,1977
1779005.019,5488372.4775,13010165,KWWN000490,Wastewater,2.17,2.54,1.67,3.84,4.21,WWMH,,INUS,Otaki,OSM00009,1978
1780837.338,5486157.1515,13010166,KWWN000252,Wastewater,6.87,7.24,2.32,9.19,9.56,WWMH,,INUS,Otaki,OSM00603,1977
1779087.213,5487893.8605,13010167,KWWN000207,Wastewater,5.72,6.09,0.6,6.32,6.69,WWMH,,INUS,Otaki,OSM00133,1978
1781319.003,5485499.4245,13010168,KWWN000301,Wastewater,9.22,9.6,2.3,11.52,11.9,WWMH,,INUS,Otaki,OSM00376,1978
1778561.966,5487861.2355,13010169,KWWN000441,Wastewater,1.72,2.09,1.32,3.04,3.42,WWMH,,INUS,Otaki,OSM00073,1978
1769907.536,5473521.8555,13010170,KWWN000923,Wastewater,0.53,0.89,2.47,3,3.36,WWMH,,INUS,Waikanae,WSM00947,1987
1769677.518,5473379.4815,13010171,KWWN000920,Wastewater,1.98,2.34,1.52,3.5,3.86,WWMH,,INUS,Waikanae,WSM00944,1987
1779129.378,5488363.5085,13010172,KWWN000603,Wastewater,3.5,3.87,1,4.5,4.87,WWMH,,INUS,Otaki,OSM00660,1978
1778292.785,5487506.9585,13010173,KWWN000168,Wastewater,3.44,3.81,1.25,4.69,5.06,WWMH,,INUS,Otaki,OSM00094,1978
1780359.353,5486345.7975,13010174,KWWN000372,Wastewater,4.58,4.95,1.05,5.63,6,WWMH,,INUS,Otaki,OSM00270,1977
1782552.241,5485907.2845,13010175,KWWN000757,Wastewater,25.81,26.19,1.74,27.55,27.92,WWMH,,INUS,Otaki,OSM00427,1978
1781740.637,5485564.5065,13010176,KWWN000718,Wastewater,9.66,10.04,2.1,11.76,12.14,WWMH,,PRV,Otaki,OSM00822,1979
1775124.239,5473524.2695,13010177,KWWN000983,Wastewater,70.36,70.71,1.85,72.2,72.56,WWMH,,INUS,Waikanae,WSM00065,1978
1781877.744,5485398.7705,13010178,KWWN000649,Wastewater,11.94,12.32,0.82,12.76,13.14,WWMH,,INUS,Otaki,OSM00414,1978
1782807.495,5485646.4685,13010179,KWWN000776,Wastewater,31.28,31.66,1.06,32.34,32.72,WWMH,,INUS,Otaki,OSM00475,1991
1775073.898,5473534.0685,13010180,KWWN000989,Wastewater,64.9,65.25,1.49,66.39,66.74,WWMH,,INUS,Waikanae,WSM00071,1978
1782160.421,5485562.9035,13010181,KWWN000748,Wastewater,10.98,11.36,2.2,13.18,13.56,WWMH,,INUS,Otaki,OSM00769,1978
1780587.649,5485307.0845,13010182,KWWN000062,Wastewater,6.3,6.68,2.6,8.9,9.28,WWMH,,INUS,Otaki,OSM00331,1979
1778748.527,5487582.4255,13010183,KWWN000448,Wastewater,0.62,0.99,2.67,3.29,3.66,WWMH,,INUS,Otaki,OSM00082,1978
1780771.802,5486217.4065,13010184,KWWN000253,Wastewater,7.71,8.08,0.83,8.54,8.91,WWCE,,INUS,Otaki,OSM00623,1977
1779220.726,5488144.9735,13010185,KWWN000591,Wastewater,5.7,6.07,1.05,6.75,7.12,WWMH,,INUS,Otaki,OSM00185,1978
1778397.453,5487509.6185,13010186,KWWN000456,Wastewater,2.89,3.26,1.14,4.03,4.4,WWMH,,INUS,Otaki,OSM00090,1979
1775178.17,5473969.4285,13010187,KWWN000936,Wastewater,55.74,56.09,1.02,56.76,57.11,WWMH,,INUS,Waikanae,WSM00005,1978
1780069.419,5486032.5345,13010188,KWWN000108,Wastewater,4.99,5.36,1.3,6.29,6.66,WWMH,,INUS,Otaki,OSM00288,1978
1780584.011,5485640.5415,13010189,KWWN000261,Wastewater,5.31,5.68,2.77,8.08,8.45,WWMH,,INUS,Otaki,OSM00760,1978
1781197.422,5484817.8925,13010190,KWWN000082,Wastewater,10.38,10.76,2.52,12.9,13.28,WWMH,,INUS,Otaki,OSM00406,1977
1780323.336,5485948.3965,13010191,KWWN000103,Wastewater,4.74,5.11,1.53,6.27,6.64,WWMH,,INUS,Otaki,OSM00283,1978
1775207.36,5473893.6535,13010192,KWWN000951,Wastewater,65.03,65.39,2.26,67.29,67.64,WWMH,,INUS,Waikanae,WSM00020,1978
1781683.096,5485239.3795,13010193,KWWN000654,Wastewater,11.67,12.05,1.44,13.11,13.49,WWMH,,INUS,Otaki,OSM00382,1978
1778984.663,5486217.0815,13010194,KWWN000037,Wastewater,2.08,2.45,1.17,3.25,3.62,WWMH,,INUS,Otaki,OSM00177,1977
1769754.64,5473653.4575,13010195,KWWN000914,Wastewater,1.19,1.55,1.85,3.04,3.4,WWMH,,INUS,Waikanae,WSM00938,1996
1778413.483,5487692.0965,13010196,KWWN000166,Wastewater,,,,,,WWMH,,INUS,Otaki,OSM00092,1979
1782935.613,5485310.1225,13010197,KWWN000533,Wastewater,30.94,31.32,2.4,33.34,33.72,WWMH,,INUS,Otaki,OSM00487,1979
1780214.37,5486092.0095,13010198,KWWN000110,Wastewater,3.77,4.14,1.59,5.36,5.73,WWMH,,INUS,Otaki,OSM00290,1977
1777940.816,5486517.4655,13010199,KWWN000003,Wastewater,1.18,1.55,1.06,2.24,2.61,WWMH,,INUS,Otaki,OSM00145,1979
1780804.824,5485481.4055,13010200,KWWN000249,Wastewater,,,,,,WWMH,,INUS,Otaki,OSM00593,1979
1778861.9,5486150.0005,13010201,KWWN000035,Wastewater,1.41,1.78,1.96,3.37,3.74,WWMH,,INUS,Otaki,OSM00175,1977
1778696.187,5486153.7135,13010202,KWWN000027,Wastewater,1.44,1.81,1.26,2.7,3.07,WWMH,,INUS,Otaki,OSM00170,1977
1779018.173,5488612.0115,13010203,KWWN000487,Wastewater,2.06,2.43,1.05,3.11,3.48,WWMH,,INUS,Otaki,OSM00006,1978
1769721.637,5473166.3235,13010204,KWWN000881,Wastewater,11.49,11.85,2.06,13.55,13.91,WWMH,,INUS,Waikanae,WSM00903,1976
1782657.346,5486036.6385,13010205,KWWN000789,Wastewater,27.13,27.51,2.13,29.27,29.64,WWMH,,INUS,Otaki,OSM00533,1978
1782964.486,5485197.9325,13010206,KWWN000679,Wastewater,29.06,29.44,1.11,30.17,30.55,WWMH,,INUS,Otaki,OSM00555,1978
1778856.831,5488407.4985,13010207,KWWN000557,Wastewater,1.71,2.08,0.78,2.49,2.86,WWMH,,INUS,Otaki,OSM00028,1978
1782504.313,5485947.3335,13010208,KWWN000792,Wastewater,25.15,25.53,1.39,26.54,26.91,WWMH,,INUS,Otaki,OSM00536,1978
1781004.198,5485396.1275,13010209,KWWN000071,Wastewater,9.14,9.51,2.8,11.94,12.31,WWMH,,INUS,Otaki,OSM00386,1978
1779141.821,5488811.3325,13010210,KWWN000598,Wastewater,4.14,4.51,0.93,5.07,5.44,WWMH,,INUS,Otaki,OSM00655,1978
1782091.223,5485488.0765,13010211,KWWN000749,Wastewater,12.02,12.4,1.05,13.08,13.45,WWMH,,INUS,Otaki,OSM00770,1978
1773353.356,5472728.3265,13010212,KWWN001036,Wastewater,16.03,16.38,2.62,18.65,19,WWMH,,INUS,Waikanae,WSM00617,1979
1780907.754,5486287.1815,13010213,KWWN000403,Wastewater,7.04,7.41,1.35,8.39,8.76,WWMH,,INUS,Otaki,OSM00250,1979
1781924.169,5485438.8035,13010214,KWWN000751,Wastewater,8.73,9.11,3.79,12.52,12.9,WWMH,,INUS,Otaki,OSM00801,1978
1783007.125,5485478.2165,13010215,KWWN000823,Wastewater,33.88,34.26,1.88,35.76,36.14,WWMH,,INUS,Otaki,OSM00525,1979
1780690.871,5486510.2505,13010216,KWWN000354,Wastewater,6.52,6.89,0.78,7.3,7.67,WWMH,,INUS,Otaki,OSM00239,1979
1779314.862,5488129.6295,13010217,KWWN000633,Wastewater,3.59,3.96,1.19,4.78,5.15,WWMH,,INUS,Otaki,OSM00118,1978
1778864.884,5488179.8815,13010218,KWWN000570,Wastewater,2.11,2.48,0.79,2.9,3.27,WWMH,,INUS,Otaki,OSM00050,1978
1782694.98,5485978.8745,13010219,KWWN000799,Wastewater,29.24,29.62,1.01,30.25,30.63,WWMH,,INUS,Otaki,OSM00772,1978
1781179.206,5485672.9805,13010220,KWWN000297,Wastewater,8.49,8.86,1.65,10.14,10.51,WWMH,,INUS,Otaki,OSM00372,1977
1778951.975,5488212.5755,13010221,KWWN000567,Wastewater,0.47,0.84,2.2,2.67,3.04,WWMH,,INUS,Otaki,OSM00047,1978
1780861.676,5486729.5375,13010222,KWWN000395,Wastewater,7.94,8.31,1.2,9.14,9.51,WWMH,,INUS,Otaki,OSM00225,1977
1782714.775,5485173.5635,13010223,KWWN000524,Wastewater,12.79,13.17,2.78,15.57,15.95,WWMH,,INUS,Otaki,OSM00470,1978
1780800.566,5485015.6085,13010224,KWWN000066,Wastewater,6.91,7.28,3.51,10.42,10.79,WWMH,,INUS,Otaki,OSM00335,1978
1769928.849,5474141.9405,13010225,KWWN000861,Wastewater,1.5,1.85,1.24,2.74,3.09,WWMH,,INUS,Waikanae,WSM00880,1979
1779221.195,5488201.2045,13010226,KWWN000589,Wastewater,3.95,4.32,1.15,5.1,5.47,WWMH,,INUS,Otaki,OSM00142,1978
1781190.453,5486327.5705,13010227,KWWN000413,Wastewater,5.83,6.2,1,6.83,7.2,WWMH,,INUS,Otaki,OSM00620,1979
1769702.662,5473285.7155,13010228,KWWN000890,Wastewater,3.81,4.17,2.51,6.32,6.68,WWMH,,INUS,Waikanae,WSM00912,1977
1783110.39,5485738.4385,13010229,KWWN000814,Wastewater,37.27,37.65,2.38,39.65,40.03,WWMH,,INUS,Otaki,OSM00508,1979
1775218.477,5474175.0275,13010230,KWWN000982,Wastewater,44.19,44.54,1.54,45.73,46.08,WWMH,,INUS,Waikanae,WSM00063,1990
1775034.879,5473926.5515,13010231,KWWN000956,Wastewater,39.41,39.76,2.9,42.31,42.66,WWMH,,INUS,Waikanae,WSM00025,1978
1780979.856,5486728.8985,13010232,KWWN000421,Wastewater,7.97,8.34,1.58,9.55,9.92,WWMH,,INUS,Otaki,OSM00795,1977
1780503.509,5486757.9105,13010233,KWWN000334,Wastewater,4.93,5.3,1.1,6.03,6.4,WWMH,,INUS,Otaki,OSM00214,1977
1775180.519,5474123.7405,13010234,KWWN000932,Wastewater,43.66,44.01,1.46,45.12,45.47,WWMH,,INUS,Waikanae,WSM00001,1989
1779073.496,5488713.1545,13010235,KWWN000485,Wastewater,2.41,2.78,3.2,5.61,5.98,WWMH,,INUS,Otaki,OSM00004,1978
1781714.242,5486176.2705,13010236,KWWN000717,Wastewater,12.53,12.91,1.71,14.24,14.62,WWMH,,INUS,Otaki,OSM00642,1978
1779019.481,5487958.1235,13010237,KWWN000467,Wastewater,1.4,1.77,1.55,2.95,3.32,WWMH,,INUS,Otaki,OSM00713,1978
1780431.689,5486314.0345,13010238,KWWN000371,Wastewater,4.42,4.79,1.93,6.35,6.72,WWMH,,INUS,Otaki,OSM00269,1977
1781330.009,5485210.2495,13010239,KWWN000076,Wastewater,9.4,9.78,1.85,11.25,11.63,WWMH,,INUS,Otaki,OSM00395,1977
1769764.045,5473993.1255,13010240,KWWN000850,Wastewater,0.89,1.25,1.82,2.71,3.07,WWMH,,INUS,Waikanae,WSM00868,1976
1770022.834,5473760.5435,13010241,KWWN000869,Wastewater,0.24,0.6,1.82,2.06,2.42,WWMH,,INUS,Waikanae,WSM00888,1979
1781933.461,5485768.0315,13010242,KWWN000730,Wastewater,10.1,10.47,1.55,11.65,12.03,WWMH,,INUS,Otaki,OSM00423,1978
1781888.716,5485410.1325,13010243,KWWN000645,Wastewater,11.68,12.06,1.14,12.82,13.2,WWMH,,INUS,Otaki,OSM00415,1978
1767457.563,5467783.9495,13010244,KWWN001038,Wastewater,4.06,4.4,1.5,5.56,5.9,WWMH,,INUS,Paraparaumu,PSM00050,1979
1781095.825,5485430.0105,13010245,KWWN000303,Wastewater,9.59,9.96,1.95,11.54,11.91,WWMH,,INUS,Otaki,OSM00385,1978
1781122.341,5486235.8965,13010246,KWWN000286,Wastewater,6.36,6.73,1.93,8.29,8.66,WWMH,,INUS,Otaki,OSM00346,1977
1780320.616,5485879.4215,13010247,KWWN000116,Wastewater,4.24,4.62,2.16,6.41,6.78,WWMH,,INUS,Otaki,OSM00762,1979
1779095.755,5487971.4765,13010248,KWWN000202,Wastewater,3.09,3.46,0.93,4.02,4.39,WWMH,,INUS,Otaki,OSM00127,1978
1779883.03,5486388.7635,13010249,KWWN000135,Wastewater,3.06,3.43,2.24,5.3,5.67,WWMH,,INUS,Otaki,OSM00203,1977
1778974.837,5488650.7495,13010250,KWWN000615,Wastewater,-0.06,0.31,2.67,2.61,2.98,WWMH,,INUS,Otaki,OSM00673,1978
1781596.754,5486116.8735,13010251,KWWN000714,Wastewater,7.37,7.75,1.8,9.17,9.54,WWMH,,INUS,Otaki,OSM00614,1978
1782363.645,5485489.6835,13010252,KWWN000744,Wastewater,11.5,11.88,2.62,14.12,14.5,WWMH,,INUS,Otaki,OSM00562,1978
1781093.818,5486252.3575,13010253,KWWN000285,Wastewater,6.24,6.61,2.03,8.27,8.64,WWMH,,INUS,Otaki,OSM00345,1986
1778861.457,5488095.6555,13010254,KWWN000573,Wastewater,-0.08,0.29,2.75,2.67,3.04,WWMH,,INUS,Otaki,OSM00053,1978
1782527.326,5485959.1965,13010255,KWWN000791,Wastewater,25.3,25.67,1.7,27,27.37,WWMH,,INUS,Otaki,OSM00535,1978
1780662.326,5486363.0285,13010256,KWWN000364,Wastewater,5.21,5.58,2.27,7.48,7.85,WWMH,,INUS,Otaki,OSM00258,1976
1781931.65,5485533.1425,13010257,KWWN000729,Wastewater,9.12,9.5,3.2,12.32,12.7,WWMH,,INUS,Otaki,OSM00419,1978
1778757.528,5487576.9455,13010258,KWWN000447,Wastewater,2.33,2.7,1.07,3.4,3.77,WWMH,,INUS,Otaki,OSM00081,1978
1769982.125,5474179.5225,13010259,KWWN000860,Wastewater,1.69,2.04,1.34,3.03,3.38,WWMH,,INUS,Waikanae,WSM00879,1979
1780520.041,5486527.6835,13010260,KWWN000385,Wastewater,4.49,4.86,1.56,6.05,6.42,WWMH,,INUS,Otaki,OSM00750,1977
1770013.015,5473869.6855,13010261,KWWN000865,Wastewater,0.27,0.63,1.99,2.26,2.62,WWMH,,INUS,Waikanae,WSM00884,1979
1769672.498,5473150.9025,13010262,KWWN000880,Wastewater,12.59,12.94,2.86,15.45,15.8,WWMH,,INUS,Waikanae,WSM00901,1985
1779048.328,5487508.8915,13010263,KWWN000212,Wastewater,2.87,3.24,1.3,4.17,4.54,WWMH,,INUS,Otaki,OSM00138,1978
1780453.782,5486387.4815,13010264,KWWN000369,Wastewater,3.89,4.26,2.5,6.39,6.76,WWMH,,INUS,Otaki,OSM00267,1979
1778983.849,5488757.9775,13010265,KWWN000597,Wastewater,2.97,3.34,1.13,4.1,4.47,WWMH,,INUS,Otaki,OSM00654,1978
1780721.825,5486699.0165,13010266,KWWN000382,Wastewater,2.51,2.88,3.12,5.63,6,WWMH,,INUS,Otaki,OSM00651,1977
1780965.267,5485505.0475,13010267,KWWN000277,Wastewater,9.75,10.12,1.25,11,11.37,WWMH,,INUS,Otaki,OSM00323,1978
1775143.148,5473606.3535,13010268,KWWN000540,Wastewater,68.64,68.99,1.12,69.76,70.11,WWMH,,INUS,Waikanae,WSM00051,1978
1781768.665,5485303.0535,13010269,KWWN000496,Wastewater,11.73,12.1,1.84,13.56,13.94,WWMH,,INUS,Otaki,OSM00541,1978
1783084.623,5485518.0995,13010270,KWWN000809,Wastewater,36.49,36.87,0.95,37.44,37.82,WWMH,,INUS,Otaki,OSM00503,1978
1781338.164,5486107.9635,13010271,KWWN000288,Wastewater,7.47,7.85,1.28,8.75,9.13,WWMH,,INUS,Otaki,OSM00354,1978
1781525.616,5485323.5575,13010272,KWWN000651,Wastewater,9.97,10.35,2.38,12.35,12.73,WWMH,,INUS,Otaki,OSM00379,1977
1780575.036,5486309.6405,13010273,KWWN000375,Wastewater,6.42,6.79,1.04,7.46,7.84,WWCE,,INUS,Otaki,OSM00624,1976
1769809.939,5473972.7805,13010274,KWWN000846,Wastewater,1.46,1.82,1.83,3.29,3.65,WWMH,,INUS,Waikanae,WSM00864,1975
1769906.53,5473330.0425,13010275,KWWN000897,Wastewater,10.22,10.58,0.97,11.19,11.55,WWMH,,INUS,Waikanae,WSM00921,1974
1778430.318,5486231.1775,13010276,KWWN000025,Wastewater,-0.05,0.32,1.78,1.73,2.1,WWMH,,INUS,Otaki,OSM00168,1978
1781837.839,5485241.7875,13010277,KWWN000499,Wastewater,10.12,10.5,3.5,13.62,14,WWMH,,INUS,Otaki,OSM00549,1978
1769763.088,5473552.8995,13010278,KWWN000916,Wastewater,0.62,0.98,2.19,2.81,3.17,WWMH,,INUS,Waikanae,WSM00940,1990
1769954.332,5473387.7355,13010279,KWWN000903,Wastewater,4.67,5.02,1.49,6.16,6.51,WWMH,,INUS,Waikanae,WSM00927,1979
1778992.743,5487365.5185,13010280,KWWN000465,Wastewater,3.03,3.4,0.88,3.91,4.28,WWMH,,INUS,Otaki,OSM00698,1978
1769632.515,5473150.2195,13010281,KWWN000883,Wastewater,14.24,14.6,1.35,15.59,15.95,WWMH,,INUS,Waikanae,WSM00905,1985
1778603.749,5487973.0065,13010282,KWWN000430,Wastewater,2.39,2.77,1.08,3.47,3.85,WWMH,,INUS,Otaki,OSM00058,1978
1781056.046,5486365.7015,13010283,KWWN000405,Wastewater,4.82,5.19,2.14,6.96,7.33,WWMH,,INUS,Otaki,OSM00349,1977
1778916.173,5488538.9105,13010284,KWWN000554,Wastewater,0.84,1.21,1.21,2.05,2.42,WWMH,,INUS,Otaki,OSM00025,1978
1769581.434,5473258.6765,13010285,KWWN000885,Wastewater,5.62,5.97,1.57,7.19,7.54,WWMH,,INUS,Waikanae,WSM00907,1985
1780765.274,5485140.5935,13010286,KWWN000068,Wastewater,5.8,6.17,4.02,9.82,10.19,WWMH,,INUS,Otaki,OSM00577,1978
1778752.906,5487792.2135,13010287,KWWN000433,Wastewater,-0.27,0.1,3.51,3.24,3.61,WWMH,,INUS,Otaki,OSM00061,1978
1780570.938,5486161.5935,13010288,KWWN000152,Wastewater,5.76,6.13,2.02,7.78,8.15,WWMH,,INUS,Otaki,OSM00274,1977
1775181.052,5474052.5695,13010289,KWWN000942,Wastewater,48.05,48.4,1.39,49.44,49.79,WWMH,,INUS,Waikanae,WSM00011,1989
1782165.466,5484820.0285,13010290,KWWN000508,Wastewater,14.58,14.96,2.09,16.67,17.05,WWMH,,INUS,Otaki,OSM00732,1979
1769952.309,5474090.2415,13010291,KWWN000926,Wastewater,1.04,1.4,0.93,1.97,2.33,WWMH,,INUS,Waikanae,WSM01018,1979
1780930.365,5485550.2705,13010292,KWWN000322,Wastewater,8.56,8.93,1,9.55,9.93,WWMH,,INUS,Otaki,OSM00775,1978
1778730.716,5486199.7315,13010293,KWWN000034,Wastewater,1.93,2.3,0.7,2.63,3,WWMH,,INUS,Otaki,OSM00837,1979
1782792.197,5485955.9205,13010294,KWWN000772,Wastewater,29.98,30.36,2.08,32.06,32.44,WWMH,,INUS,Otaki,OSM00442,1978
1780292.15,5486478.7295,13010295,KWWN000138,Wastewater,3.54,3.91,2.03,5.57,5.94,WWMH,,INUS,Otaki,OSM00206,1977
1766480.278,5467328.3875,13010296,KWWN001040,Wastewater,4.22,4.57,1.21,5.43,5.78,WWMH,,INUS,Paraparaumu,PSM00052,1979
1766866.029,5468361.6635,13010297,KWWN001043,Wastewater,1.2,1.55,1.97,3.17,3.52,WWMH,,INUS,Paraparaumu,PSM00055,1979
1778728.828,5488241.1065,13010298,KWWN000473,Wastewater,3.56,3.93,2.54,6.1,6.47,WWMH,,INUS,Otaki,OSM00042,1978
1769766.499,5473303.2915,13010299,KWWN000892,Wastewater,3.19,3.55,1.64,4.83,5.19,WWMH,,INUS,Waikanae,WSM00914,1976
1779077.402,5487739.0985,13010300,KWWN000211,Wastewater,11.71,12.08,1,12.71,13.08,WWMH,,INUS,Otaki,OSM00137,1978
1781165.909,5486675.3315,13010301,KWWN000414,Wastewater,,,1.5,,,WWMH,,INUS,Otaki,OSM00645,1977
1783068.819,5485300.6525,13010302,KWWN000670,Wastewater,33.34,33.72,2,35.34,35.72,WWMH,,INUS,Otaki,OSM00499,1978
1781016.698,5484770.1275,13010303,KWWN000087,Wastewater,9.02,9.39,3.1,12.12,12.49,WWMH,,INUS,Otaki,OSM00569,1978
1775143.111,5473538.1605,13010304,KWWN000979,Wastewater,71.15,71.5,1.42,72.57,72.92,WWMH,,INUS,Waikanae,WSM00060,1978
1780804.698,5487207.5965,13010305,KWWN000642,Wastewater,4.56,4.93,0.87,5.43,5.8,WWMH,,INUS,Otaki,OSM00796,1977
1781240.26,5486310.7215,13010306,KWWN000410,Wastewater,5.97,6.34,1.63,7.6,7.97,WWMH,,INUS,Otaki,OSM00617,1977
1775066.874,5473666.4575,13010307,KWWN000545,Wastewater,57.21,57.56,0.78,57.99,58.34,WWMH,,INUS,Waikanae,WSM00056,1978
1778917.097,5487206.4215,13010308,KWWN000464,Wastewater,2.13,2.5,2.42,4.55,4.92,WWMH,,INUS,Otaki,OSM00696,1978
1779284.127,5488075.7775,13010309,KWWN000608,Wastewater,4.09,4.46,2.26,6.35,6.72,WWMH,,INUS,Otaki,OSM00666,1978
1779222.323,5488070.3345,13010310,KWWN000579,Wastewater,6.62,6.99,0.93,7.55,7.92,WWMH,,INUS,Otaki,OSM00112,1978
1780721.319,5485555.8125,13010311,KWWN000244,Wastewater,6.99,7.37,2.17,9.16,9.54,WWMH,,INUS,Otaki,OSM00583,1978
1778381.332,5486243.6555,13010312,KWWN000024,Wastewater,0.51,0.88,1.05,1.56,1.93,WWMH,,INUS,Otaki,OSM00167,1978
1778893.468,5487458.2865,13010313,KWWN000192,Wastewater,6.61,6.98,0.92,7.53,7.9,WWMH,,INUS,Otaki,OSM00095,1978
1783003.257,5485551.5935,13010314,KWWN000807,Wastewater,,,,,,WWMH,,INUS,Otaki,OSM00485,1979
1769908.738,5474011.4655,13010315,KWWN000863,Wastewater,0.76,1.12,1.49,2.25,2.61,WWMH,,INUS,Waikanae,WSM00882,1979
1779060.704,5488343.0765,13010316,KWWN000547,Wastewater,2.61,2.98,2.09,4.7,5.07,WWMH,,INUS,Otaki,OSM00010,1978
1775047.003,5473757.8335,13010317,KWWN000975,Wastewater,55.79,56.14,1.19,56.98,57.33,WWMH,,INUS,Waikanae,WSM00043,1978
1778554.263,5487553.6825,13010318,KWWN000453,Wastewater,0.59,0.96,1.47,2.06,2.43,WWMH,,INUS,Otaki,OSM00087,1979
1782240.833,5484910.4065,13010319,KWWN000510,Wastewater,14.07,14.44,2.12,16.19,16.56,WWMH,,INUS,Otaki,OSM00734,1978
1769386.034,5473589.2795,13010320,KWWN000832,Wastewater,1.22,1.57,1.17,2.39,2.74,WWMH,,INUS,Waikanae,WSM00849,1975
1779296.501,5488099.1285,13010321,KWWN000632,Wastewater,3.59,3.96,2.8,6.39,6.76,WWMH,,INUS,Otaki,OSM00117,1978
1779349.195,5488376.3295,13010322,KWWN000638,Wastewater,2.64,3.01,2.26,4.9,5.27,WWMH,,INUS,Otaki,OSM00674,1978
1782746.104,5485997.1145,13010323,KWWN000766,Wastewater,29.79,30.17,1.35,31.14,31.52,WWMH,,INUS,Otaki,OSM00436,1978
1775010.509,5473894.7255,13010324,KWWN000957,Wastewater,37.72,38.08,1.96,39.68,40.04,WWMH,,INUS,Waikanae,WSM00026,1971
1775106.445,5473514.4375,13010325,KWWN000984,Wastewater,70.41,70.76,1.63,72.03,72.39,WWMH,,INUS,Waikanae,WSM00066,1978
1780447.467,5486235.0355,13010326,KWWN000150,Wastewater,5.1,5.48,2.02,7.12,7.49,WWMH,,INUS,Otaki,OSM00272,1977
1781706.557,5485199.2365,13010327,KWWN000655,Wastewater,11.33,11.71,2.03,13.36,13.74,WWMH,,INUS,Otaki,OSM00383,1978
1782788.551,5485121.5785,13010328,KWWN000526,Wastewater,13.54,13.92,2.2,15.74,16.12,WWMH,,INUS,Otaki,OSM00472,1978
1778920.41,5488150.7235,13010329,KWWN000614,Wastewater,1.34,1.71,1.39,2.73,3.1,WWMH,,INUS,Otaki,OSM00672,1978
1780980.607,5485509.8575,13010330,KWWN000279,Wastewater,9.56,9.93,1.4,10.96,11.33,WWMH,,INUS,Otaki,OSM00338,1978
1770013.773,5473415.5755,13010331,KWWN000905,Wastewater,7.4,7.76,1.51,8.91,9.27,WWMH,,INUS,Waikanae,WSM00929,1979
1782533.224,5485307.4865,13010332,KWWN000520,Wastewater,13.05,13.43,1.5,14.55,14.93,WWMH,,INUS,Otaki,OSM00466,1978
1780351.062,5485523.0335,13010333,KWWN000239,Wastewater,4.26,4.63,3.45,7.71,8.08,WWMH,,INUS,Otaki,OSM00327,1978
1769990.854,5473318.1485,13010334,KWWN000894,Wastewater,17.22,17.58,2.12,19.34,19.7,WWMH,,INUS,Waikanae,WSM00918,1975
1782233.968,5484910.6335,13010335,KWWN000509,Wastewater,14.04,14.42,1.83,15.87,16.25,WWMH,,INUS,Otaki,OSM00733,1979
1780712.484,5486672.1585,13010336,KWWN000341,Wastewater,5.79,6.16,0.98,6.77,7.14,WWMH,,INUS,Otaki,OSM00221,1977
1782933.209,5485459.1855,13010337,KWWN000805,Wastewater,32.02,32.4,1.8,33.82,34.2,WWMH,,INUS,Otaki,OSM00483,1979
1778830.353,5486209.2425,13010338,KWWN000036,Wastewater,2.26,2.63,0.98,3.24,3.61,WWMH,,INUS,Otaki,OSM00176,1978
1781030.365,5486369.0255,13010339,KWWN000407,Wastewater,4.72,5.09,2.45,7.17,7.54,WWMH,,INUS,Otaki,OSM00351,1977
1780910.898,5485815.2225,13010340,KWWN000313,Wastewater,7.83,8.2,1.05,8.88,9.25,WWMH,,INUS,Otaki,OSM00596,1978
1780466.598,5486061.5655,13010341,KWWN000154,Wastewater,5.15,5.52,2.46,7.61,7.98,WWMH,,INUS,Otaki,OSM00276,1977
1769767.042,5473094.1295,13010342,KWWN000873,Wastewater,3.64,4,1.63,5.27,5.63,WWMH,,INUS,Waikanae,WSM00894,1985
1781443.876,5485280.0315,13010343,KWWN000659,Wastewater,10.53,10.91,1.4,11.93,12.31,WWMH,,INUS,Otaki,OSM00398,1978
1780362.997,5486611.4795,13010344,KWWN000387,Wastewater,3.37,3.74,1.61,4.98,5.35,WWMH,,INUS,Otaki,OSM00752,1977
1783361.036,5485794.0205,13010345,KWWN000824,Wastewater,42.8,43.17,1.36,44.16,44.53,WWMH,,INUS,Otaki,OSM00729,1979
1769531.459,5473271.8685,13010346,KWWN000918,Wastewater,5.28,5.64,0.97,6.25,6.61,WWMH,,INUS,Waikanae,WSM00942,1987
1769808.737,5473826.5795,13010347,KWWN000854,Wastewater,1.17,1.52,0.8,1.97,2.33,WWMH,,INUS,Waikanae,WSM00872,1975
1780684.324,5486791.5235,13010348,KWWN000347,Wastewater,3.86,4.23,2.8,6.66,7.03,WWMH,,INUS,Otaki,OSM00232,1977
1780684.858,5487149.8525,13010349,KWWN000644,Wastewater,3.25,3.62,2.4,5.65,6.02,WWMH,,INUS,Otaki,OSM00798,1977
1780476.559,5486054.6455,13010350,KWWN000153,Wastewater,5.73,6.1,1.85,7.58,7.95,WWMH,,INUS,Otaki,OSM00275,1977
1782975.08,5485797.8855,13010351,KWWN000820,Wastewater,33.53,33.91,2.88,36.41,36.79,WWMH,,INUS,Otaki,OSM00522,1978
1778879.6,5488252.3945,13010352,KWWN000564,Wastewater,-0.15,0.23,2.76,2.61,2.99,WWMH,,INUS,Otaki,OSM00044,1978
1781191.275,5486193.8525,13010353,KWWN000319,Wastewater,6.74,7.11,1.69,8.43,8.8,WWMH,,INUS,Otaki,OSM00605,1977
1778869.035,5487412.6935,13010354,KWWN000194,Wastewater,7.44,7.81,0.9,8.34,8.71,WWMH,,INUS,Otaki,OSM00097,1978
1780621.245,5486430.8945,13010355,KWWN000389,Wastewater,5.86,6.23,1.19,7.04,7.42,WWMH,,INUS,Otaki,OSM00754,1977
1778710.16,5487660.7465,13010356,KWWN000184,Wastewater,1.67,2.05,0.96,2.63,3,WWMH,,INUS,Otaki,OSM00742,1978
1780941.106,5485532.9095,13010357,KWWN000323,Wastewater,8.84,9.21,1.2,10.04,10.41,WWMH,,INUS,Otaki,OSM00776,1978
1780643.005,5485686.0845,13010358,KWWN000236,Wastewater,5.53,5.9,3.55,9.08,9.45,WWMH,,INUS,Otaki,OSM00324,1978
1779445.892,5488430.0035,13010359,KWWN000626,Wastewater,2.46,2.83,1.07,3.53,3.9,WWMH,,INUS,Otaki,OSM00020,1979
1779349.885,5488344.1965,13010360,KWWN000629,Wastewater,2.17,2.54,2.92,5.09,5.46,WWMH,,INUS,Otaki,OSM00032,1978
1780777.771,5486749.5195,13010361,KWWN000345,Wastewater,3.26,3.63,3.71,6.97,7.34,WWMH,,INUS,Otaki,OSM00226,1977
1778923.593,5488440.8525,13010362,KWWN000599,Wastewater,0.51,0.88,2.01,2.52,2.89,WWMH,,INUS,Otaki,OSM00656,1978
1780707.383,5485760.6795,13010363,KWWN000230,Wastewater,6.05,6.42,2.75,8.8,9.17,WWMH,,INUS,Otaki,OSM00311,1977
1781414.046,5485763.8045,13010364,KWWN000694,Wastewater,8.37,8.75,2.18,10.55,10.93,WWMH,,INUS,Otaki,OSM00408,1978
1778935.471,5486268.5365,13010365,KWWN000022,Wastewater,2.53,2.9,1.1,3.63,4,WWMH,,INUS,Otaki,OSM00179,1977
1783045.892,5485093.6205,13010366,KWWN000681,Wastewater,19.58,19.96,1.63,21.22,21.59,WWMH,,INUS,Otaki,OSM00557,1978
1780987.337,5486769.0515,13010367,KWWN000396,Wastewater,4.53,4.9,2.65,7.18,7.55,WWMH,,INUS,Otaki,OSM00227,1977
1778947.855,5488712.8635,13010368,KWWN000483,Wastewater,4.44,4.81,1,5.44,5.81,WWMH,,INUS,Otaki,OSM00002,1978
1782932.311,5485313.9415,13010369,KWWN000674,Wastewater,31.89,32.27,1.45,33.34,33.72,WWMH,,INUS,Otaki,OSM00527,1979
1781032.904,5486393.3645,13010370,KWWN000188,Wastewater,4.83,5.21,1.7,6.53,6.91,WWMH,,INUS,Otaki,OSM00065,1978
1778556.184,5487705.1935,13010371,KWWN000438,Wastewater,1.89,2.26,1.38,3.27,3.64,WWMH,,INUS,Otaki,OSM00070,1978
1781236.062,5485240.5545,13010372,KWWN000073,Wastewater,8.71,9.08,2.05,10.76,11.13,WWMH,,INUS,Otaki,OSM00392,1977
1775075.745,5473494.8765,13010373,KWWN000986,Wastewater,70.39,70.74,1.58,71.97,72.32,WWMH,,INUS,Waikanae,WSM00068,1978
1778943.211,5487621.6595,13010374,KWWN000217,Wastewater,2.11,2.48,1.8,3.91,4.28,WWMH,,INUS,Otaki,OSM00184,1978
1778226.324,5486388.2455,13010375,KWWN000010,Wastewater,0.09,0.46,1.26,1.35,1.72,WWMH,,INUS,Otaki,OSM00153,1978
1781796.16,5486135.3605,13010376,KWWN000709,Wastewater,13.49,13.87,2.38,15.87,16.25,WWMH,,INUS,Otaki,OSM00609,1978
1769659.239,5473275.2285,13010377,KWWN000887,Wastewater,5.18,5.54,0.85,6.03,6.38,WWMH,,INUS,Waikanae,WSM00909,1985
1778829.225,5488356.2805,13010378,KWWN000558,Wastewater,1.11,1.48,1.44,2.55,2.92,WWMH,,INUS,Otaki,OSM00030,1979
1780666.252,5486761.9105,13010379,KWWN000381,Wastewater,3.62,3.99,1.55,5.17,5.54,WWMH,,INUS,Otaki,OSM00650,1977
1780400.092,5485972.9285,13010380,KWWN000158,Wastewater,4.59,4.96,3,7.59,7.96,WWMH,,INUS,Otaki,OSM00280,1977
1780883.606,5485876.5985,13010381,KWWN000271,Wastewater,8.56,8.93,0.9,9.46,9.83,WWMH,,INUS,Otaki,OSM00304,1977
1779469.355,5488483.7085,13010382,KWWN000639,Wastewater,2.74,3.11,1.19,3.93,4.3,WWMH,,INUS,Otaki,OSM00811,1979
1783029.319,5485552.0225,13010383,KWWN000817,Wastewater,34.65,35.03,1.65,36.3,36.68,WWMH,,INUS,Otaki,OSM00511,1979
1780765.223,5485570.4145,13010384,KWWN000242,Wastewater,7.45,7.82,1.85,9.3,9.67,WWMH,,INUS,Otaki,OSM00581,1979
1781664.667,5485640.9315,13010385,KWWN000721,Wastewater,9.07,9.45,2.55,11.62,12,WWMH,,PRV,Otaki,OSM00825,1979
1778983.614,5487698.3645,13010386,KWWN000469,Wastewater,2.55,2.92,1.77,4.32,4.69,WWMH,,INUS,Otaki,OSM00717,1978
1766640.717,5468224.3175,13010387,KWWN001046,Wastewater,12.37,12.72,0.51,12.88,13.23,WWMH,,INUS,Paraparaumu,PSM00060,1978
1778377.184,5486481.9035,13010388,KWWN000054,Wastewater,-0.19,0.18,1.74,1.55,1.92,WWMH,,INUS,Otaki,OSM00707,1977
1781950.919,5485354.7355,13010389,KWWN000516,Wastewater,11.79,12.17,1.33,13.12,13.5,WWMH,,INUS,Otaki,OSM00809,1979
1781708.257,5486140.5555,13010390,KWWN000711,Wastewater,11.64,12.02,3.17,14.8,15.18,WWMH,,INUS,Otaki,OSM00611,1978
1775167.12,5473739.3005,13010391,KWWN000535,Wastewater,67.22,67.57,1.68,69.08,69.43,WWMH,,INUS,Waikanae,WSM00046,1978
1780644.906,5486419.7635,13010392,KWWN000388,Wastewater,6.03,6.4,1.1,7.13,7.5,WWMH,,INUS,Otaki,OSM00753,1979
1778783.189,5486103.7535,13010393,KWWN000023,Wastewater,0.95,1.32,2.25,3.2,3.57,WWMH,,INUS,Otaki,OSM00710,1978
1780482.833,5486449.5645,13010394,KWWN000367,Wastewater,3.59,3.96,2.66,6.25,6.63,WWMH,,INUS,Otaki,OSM00265,1977
1782431.394,5485626.7555,13010395,KWWN000796,Wastewater,13.93,14.31,1.27,15.2,15.58,WWMH,,INUS,Otaki,OSM00561,1978
1782038.748,5485438.9035,13010396,KWWN000752,Wastewater,11.91,12.29,1.18,13.09,13.47,WWMH,,INUS,Otaki,OSM00808,1978
1780720.122,5485745.0075,13010397,KWWN000232,Wastewater,5.78,6.15,3.15,8.93,9.3,WWMH,,INUS,Otaki,OSM00313,1977
1782977.512,5485412.4705,13010398,KWWN000647,Wastewater,33.15,33.53,1.98,35.13,35.51,WWMH,,INUS,Otaki,OSM00488,1979
1780484.466,5485403.3435,13010399,KWWN000060,Wastewater,6.44,6.81,1.96,8.4,8.78,WWMH,,INUS,Otaki,OSM00329,1978
1779070.919,5488059.4105,13010400,KWWN000584,Wastewater,1.67,2.05,0.85,2.52,2.9,WWMH,,INUS,Otaki,OSM00124,1978
1780384.167,5486419.8835,13010401,KWWN000393,Wastewater,4.69,5.06,1.35,6.04,6.41,WWMH,,INUS,Otaki,OSM00814,1979
1779300.09,5488190.7455,13010402,KWWN000634,Wastewater,3.32,3.69,1.16,4.48,4.85,WWMH,,INUS,Otaki,OSM00119,1978
1780861.228,5486079.0145,13010403,KWWN000317,Wastewater,7.39,7.76,0.77,8.16,8.53,WWMH,,INUS,Otaki,OSM00601,1977
1780193.857,5486019.6435,13010404,KWWN000106,Wastewater,3.31,3.68,2.35,5.66,6.03,WWMH,,INUS,Otaki,OSM00286,1978
1775096.239,5473744.9805,13010405,KWWN000972,Wastewater,61.28,61.63,2.51,63.79,64.14,WWMH,,INUS,Waikanae,WSM00040,1978
1783218.525,5485170.1575,13010406,KWWN000682,Wastewater,36.94,37.32,1.39,38.33,38.71,WWMH,,INUS,Otaki,OSM00566,1978
1781196.867,5485686.4795,13010407,KWWN000296,Wastewater,8.75,9.12,1.72,10.47,10.84,WWMH,,INUS,Otaki,OSM00371,1978
1781673.956,5485821.8175,13010408,KWWN000724,Wastewater,8.35,8.73,2.62,10.97,11.35,WWMH,,INUS,Otaki,OSM00828,1993
1769777.704,5474016.3205,13010409,KWWN000847,Wastewater,1.02,1.38,1.81,2.83,3.19,WWMH,,INUS,Waikanae,WSM00865,1973
1780487.014,5485696.9665,13010410,KWWN000237,Wastewater,6.56,6.93,1.05,7.61,7.98,WWMH,,INUS,Otaki,OSM00325,1978
1769404.51,5473668.7935,13010411,KWWN000833,Wastewater,1.84,2.2,2.45,4.29,4.65,WWMH,,INUS,Waikanae,WSM00850,1975
1779146.111,5488110.0385,13010412,KWWN000618,Wastewater,7.65,8.02,0.71,8.36,8.73,WWMH,,INUS,Otaki,OSM00737,1978
1781346.42,5485214.4695,13010413,KWWN000090,Wastewater,9.51,9.89,1.85,11.36,11.74,WWMH,,INUS,Otaki,OSM00572,1978
1781270.941,5485547.9795,13010414,KWWN000299,Wastewater,8.86,9.23,2.2,11.06,11.43,WWMH,,INUS,Otaki,OSM00374,1978
1780561.042,5485874.6995,13010415,KWWN000221,Wastewater,7.12,7.49,1.55,8.67,9.04,WWMH,,INUS,Otaki,OSM00298,1977
1781431.331,5485136.7895,13010416,KWWN000657,Wastewater,10.86,11.24,1.91,12.77,13.15,WWMH,,INUS,Otaki,OSM00396,1978
1783133.541,5485791.7895,13010417,KWWN000826,Wastewater,38.45,38.83,1.15,39.6,39.98,WWMH,,INUS,Otaki,OSM00731,1979
1780731.897,5486674.0735,13010418,KWWN000342,Wastewater,4.72,5.09,1.95,6.67,7.04,WWMH,,INUS,Otaki,OSM00222,1977
1781688.11,5485892.8905,13010419,KWWN000726,Wastewater,8.03,8.41,2.29,10.32,10.7,WWMH,,INUS,Otaki,OSM00830,1993
1780947.228,5486330.5045,13010420,KWWN000401,Wastewater,6.99,7.36,1.71,8.7,9.07,WWMH,,INUS,Otaki,OSM00248,1977
1774965.714,5473736.9745,13010421,KWWN000965,Wastewater,,,,,,WWMH,,INUS,Waikanae,WSM00034,1978
1780963.638,5485549.1915,13010422,KWWN000278,Wastewater,8.69,9.06,1.36,10.05,10.42,WWMH,,INUS,Otaki,OSM00337,1978
1778457.558,5487698.2935,13010423,KWWN000440,Wastewater,4.53,4.9,1.05,5.58,5.95,WWMH,,INUS,Otaki,OSM00072,2020
1769906.409,5473278.8845,13010424,KWWN000896,Wastewater,16.13,16.48,1.63,17.75,18.11,WWMH,,INUS,Waikanae,WSM00920,1974
1778056.486,5487050.5145,13010425,KWWN000001,Wastewater,1.84,2.21,2.91,4.75,5.12,WWMH,,INUS,Otaki,PSM00501,1977
1781448.433,5486052.7995,13010426,KWWN000686,Wastewater,6.43,6.81,2.71,9.14,9.52,WWMH,,INUS,Otaki,OSM00357,1978
1766820.731,5468324.4655,13010427,KWWN001044,Wastewater,1.88,2.23,1.2,3.08,3.43,WWMH,,INUS,Paraparaumu,PSM00056,1978
1780829.765,5486088.1345,13010428,KWWN000251,Wastewater,7.21,7.58,1.15,8.36,8.73,WWMH,,INUS,Otaki,OSM00602,1977
1781720.125,5485578.2075,13010429,KWWN000719,Wastewater,9.35,9.73,2.35,11.7,12.08,WWMH,,PRV,Otaki,OSM00823,1979
1775036.005,5473732.6035,13010430,KWWN000976,Wastewater,53.38,53.74,1.21,54.59,54.95,WWMH,,INUS,Waikanae,WSM00044,1978
1780492.088,5485905.3725,13010431,KWWN000223,Wastewater,6.53,6.9,1.76,8.29,8.66,WWMH,,INUS,Otaki,OSM00300,1977
1781373.585,5485338.4595,13010432,KWWN000656,Wastewater,10.18,10.56,1.32,11.5,11.88,WWMH,,INUS,Otaki,OSM00390,1977
1780418.048,5485460.9955,13010433,KWWN000240,Wastewater,5.87,6.24,2.1,7.97,8.34,WWMH,,INUS,Otaki,OSM00328,1978
1775154.834,5473880.7955,13010434,KWWN000952,Wastewater,59.61,59.96,1.48,61.09,61.44,WWMH,,INUS,Waikanae,WSM00021,1978
1769488.018,5473667.5685,13010435,KWWN000835,Wastewater,0.77,1.13,1.75,2.52,2.88,WWMH,,INUS,Waikanae,WSM00852,1975
1780346.519,5485909.7635,13010436,KWWN000159,Wastewater,4.18,4.55,2,6.18,6.55,WWMH,,INUS,Otaki,OSM00281,1979
1781720.01,5486152.2495,13010437,KWWN000710,Wastewater,12.76,13.14,2.62,15.38,15.76,WWMH,,INUS,Otaki,OSM00610,1978
1783104.404,5485561.2735,13010438,KWWN000810,Wastewater,37.15,37.53,0.9,38.05,38.43,WWMH,,INUS,Otaki,OSM00504,1978
1779121.159,5488774.1395,13010439,KWWN000484,Wastewater,3.77,4.14,2.29,6.06,6.43,WWMH,,INUS,Otaki,OSM00003,1978
1778879.276,5487431.5545,13010440,KWWN000193,Wastewater,6.31,6.68,1.07,7.38,7.75,WWMH,,INUS,Otaki,OSM00096,1978
1780800.909,5486456.2855,13010441,KWWN000359,Wastewater,6.4,6.77,1.62,8.02,8.39,WWMH,,INUS,Otaki,OSM00244,1977
1769981.882,5473460.6505,13010442,KWWN000906,Wastewater,1.58,1.94,2.71,4.29,4.65,WWMH,,INUS,Waikanae,WSM00930,1979
1778898.42,5488157.3965,13010443,KWWN000571,Wastewater,1.67,2.05,0.83,2.5,2.88,WWMH,,INUS,Otaki,OSM00051,1978
1780747.499,5486070.6645,13010444,KWWN000161,Wastewater,7.22,7.59,1.52,8.74,9.11,WWMH,,INUS,Otaki,OSM00292,1976
1780391.459,5485791.4145,13010445,KWWN000231,Wastewater,4.91,5.28,2.01,6.92,7.29,WWMH,,INUS,Otaki,OSM00312,1978
1767102.845,5468346.5855,13010446,KWWN001041,Wastewater,0.86,1.21,3.8,4.66,5.01,WWMH,,INUS,Paraparaumu,PSM00053,1979
1778798.76,5488204.3805,13010447,KWWN000562,Wastewater,-1.09,-0.72,3.28,2.19,2.56,WWMH,,INUS,Otaki,OSM00037,1978
1781759.4,5485854.2865,13010448,KWWN000691,Wastewater,8.33,8.7,2.71,11.04,11.42,WWMH,,INUS,Otaki,OSM00362,1978
1783129.108,5485615.1565,13010449,KWWN000811,Wastewater,37.59,37.97,1.43,39.02,39.4,WWMH,,INUS,Otaki,OSM00505,1978
1769464.084,5473837.3495,13010450,KWWN000842,Wastewater,2.99,3.35,1.76,4.75,5.11,WWMH,,INUS,Waikanae,WSM00860,1974
1778638.62,5487608.7175,13010451,KWWN000451,Wastewater,1.16,1.53,1.4,2.56,2.93,WWMH,,INUS,Otaki,OSM00085,1979
1779283.649,5488438.8835,13010452,KWWN000559,Wastewater,2.11,2.48,2.86,4.97,5.34,WWMH,,INUS,Otaki,OSM00031,1978
1779258.408,5488267.9305,13010453,KWWN000583,Wastewater,3.4,3.77,1.05,4.45,4.82,WWMH,,INUS,Otaki,OSM00121,1978
1769810.93,5473266.8085,13010454,KWWN000879,Wastewater,6.99,7.35,2.6,9.59,9.95,WWMH,,INUS,Waikanae,WSM00900,1976
1781634.142,5485650.6915,13010455,KWWN000722,Wastewater,8.83,9.21,2.66,11.49,11.87,WWMH,,INUS,Otaki,OSM00826,1979
1778797.112,5487674.3525,13010456,KWWN000190,Wastewater,1.06,1.43,2.17,3.23,3.6,WWMH,,INUS,Otaki,OSM00078,1978
1779423.419,5486342.2935,13010457,KWWN000127,Wastewater,2.43,2.8,1.49,3.92,4.29,WWMH,,INUS,Otaki,OSM00198,1978
1781055.523,5486130.0375,13010458,KWWN000310,Wastewater,6.63,7,0.99,7.62,7.99,WWMH,,INUS,Otaki,OSM00550,1983
1778913.032,5488230.9855,13010459,KWWN000566,Wastewater,0.19,0.56,2.47,2.66,3.03,WWMH,,INUS,Otaki,OSM00046,1979
1780545.013,5486849.1585,13010460,KWWN000394,Wastewater,4.9,5.27,1.15,6.05,6.42,WWMH,,INUS,Otaki,OSM00838,1977
1769481.775,5473730.0305,13010461,KWWN000839,Wastewater,0.95,1.31,1.99,2.94,3.3,WWMH,,INUS,Waikanae,WSM00856,1974
1778290.418,5486372.4645,13010462,KWWN000040,Wastewater,-0.25,0.12,1.63,1.38,1.75,WWMH,,INUS,Otaki,OSM00154,1978
1783091.176,5485179.2385,13010463,KWWN000677,Wastewater,33.23,33.6,2.7,35.92,36.3,WWMH,,INUS,Otaki,OSM00539,1978
1769778.559,5474031.4395,13010464,KWWN000859,Wastewater,1.42,1.78,1.29,2.71,3.07,WWMH,,INUS,Waikanae,WSM00877,1973
1778699.155,5486387.3055,13010465,KWWN000055,Wastewater,1.2,1.57,1.18,2.38,2.75,WWMH,,INUS,Otaki,OSM00708,1977
1780008.225,5485676.4045,13010466,KWWN000124,Wastewater,5.53,5.91,1.59,7.13,7.5,WWMH,,INUS,Otaki,OSM00786,1976
1774584.744,5473512.2995,13010467,KWWN000971,Wastewater,30.57,30.92,3.16,33.73,34.08,WWMH,,INUS,Waikanae,WSM01320,1974
1780925.171,5486728.9875,13010468,KWWN000397,Wastewater,8.18,8.55,1.21,9.39,9.76,WWMH,,INUS,Otaki,OSM00228,1977
1779353.934,5488280.4615,13010469,KWWN000631,Wastewater,2.57,2.94,1.25,3.82,4.19,WWMH,,INUS,Otaki,OSM00034,1978
1783116.89,5485754.1515,13010470,KWWN000827,Wastewater,38.05,38.43,1.48,39.53,39.91,WWMH,,INUS,Otaki,OSM00773,1979
1782435.605,5485746.5365,13010471,KWWN000795,Wastewater,18.41,18.79,1.06,19.47,19.85,WWMH,,INUS,Otaki,OSM00560,1978
1781136.757,5484739.7935,13010472,KWWN000081,Wastewater,9.87,10.25,3.4,13.27,13.65,WWMH,,INUS,Otaki,OSM00405,1977
1778665.843,5487600.9075,13010473,KWWN000450,Wastewater,1,1.37,0.83,1.83,2.2,WWMH,,INUS,Otaki,OSM00084,1979
1783014.897,5485138.2115,13010474,KWWN000680,Wastewater,23.55,23.93,1.05,24.6,24.98,WWMH,,INUS,Otaki,OSM00556,1978
1780602.982,5486266.8005,13010475,KWWN000144,Wastewater,6.21,6.58,1.55,7.76,8.13,WWMH,,INUS,Otaki,OSM00261,1976
1782718.432,5486106.6695,13010476,KWWN000788,Wastewater,27.86,28.24,1.63,29.49,29.87,WWMH,,INUS,Otaki,OSM00532,1978
1779019.436,5487447.2255,13010477,KWWN000214,Wastewater,4,4.37,1.18,5.18,5.55,WWMH,,INUS,Otaki,OSM00140,1978
1780848.686,5485423.7025,13010478,KWWN000312,Wastewater,,,,,,WWMH,,INUS,Otaki,OSM00589,1979
1779194.693,5488375.8895,13010479,KWWN000619,Wastewater,4.22,4.59,1.1,5.32,5.69,WWMH,,INUS,Otaki,OSM00738,1979
1781697.918,5486125.0045,13010480,KWWN000712,Wastewater,8.68,9.05,1.67,10.35,10.73,WWMH,,INUS,Otaki,OSM00612,1978
1780913.131,5485387.8185,13010481,KWWN000092,Wastewater,8.51,8.88,2.97,11.48,11.85,WWMH,,INUS,Otaki,OSM00586,1978
1781072.85,5485831.1025,13010482,KWWN000293,Wastewater,8.19,8.56,2.26,10.45,10.82,WWMH,,INUS,Otaki,OSM00368,1977
1769874.873,5473333.7565,13010483,KWWN000898,Wastewater,5.81,6.17,2.02,7.83,8.19,WWMH,,INUS,Waikanae,WSM00922,1974
1778403.874,5486455.3125,13010484,KWWN000043,Wastewater,-1.31,-0.94,2.95,1.64,2.01,WWMH,,INUS,Otaki,OSM00157,1977
1780946.128,5485591.5045,13010485,KWWN000321,Wastewater,8.2,8.57,2.3,10.5,10.87,WWMH,,INUS,Otaki,OSM00774,1978
1781810.65,5486054.3665,13010486,KWWN000697,Wastewater,8.65,9.03,0.97,9.62,10,WWMH,,INUS,Otaki,OSM00515,1989
1779449.532,5488364.7895,13010487,KWWN000624,Wastewater,2.33,2.7,1.15,3.48,3.85,WWMH,,INUS,Otaki,OSM00018,1979
1779164.74,5488344.4755,13010488,KWWN000551,Wastewater,3.33,3.7,2.34,5.67,6.04,WWMH,,INUS,Otaki,OSM00014,1978
1769954.403,5473769.8215,13010489,KWWN000868,Wastewater,0.62,0.97,1.18,1.8,2.15,WWMH,,INUS,Waikanae,WSM00887,1979
1780606.842,5486392.0815,13010490,KWWN000373,Wastewater,4.19,4.56,3.03,7.22,7.59,WWMH,,INUS,Otaki,OSM00621,1977
1781008.897,5484770.1585,13010491,KWWN000088,Wastewater,8.95,9.32,3.1,12.05,12.42,WWMH,,INUS,Otaki,OSM00570,1978
1778691.975,5487979.8655,13010492,KWWN000427,Wastewater,2,2.37,1.09,3.09,3.46,WWMH,,INUS,Otaki,OSM00056,1978
1779389.749,5488482.9275,13010493,KWWN000640,Wastewater,2.29,2.66,1.39,3.68,4.05,WWMH,,INUS,Otaki,OSM00812,1979
1778809.49,5488320.9625,13010494,KWWN000616,Wastewater,1.95,2.32,1,2.95,3.32,WWMH,,INUS,Otaki,OSM00675,2015
1781425.087,5486141.1545,13010495,KWWN000706,Wastewater,5.73,6.1,2.54,8.26,8.64,WWMH,,INUS,Otaki,OSM00606,1978
1780184.386,5485999.7615,13010496,KWWN000105,Wastewater,4.61,4.98,1.19,5.8,6.17,WWMH,,INUS,Otaki,OSM00285,1978
1775102.976,5473869.7625,13010497,KWWN000954,Wastewater,57.28,57.63,1.7,58.98,59.33,WWMH,,INUS,Waikanae,WSM00023,1978
1780845.33,5486288.3015,13010498,KWWN000328,Wastewater,6.06,6.43,2.3,8.36,8.73,WWMH,,INUS,Otaki,OSM00254,1977
1781199.736,5485530.8265,13010499,KWWN000308,Wastewater,9.84,10.21,1.3,11.14,11.51,WWMH,,INUS,Otaki,OSM00545,1978
1778987.876,5488109.2055,13010500,KWWN000574,Wastewater,1.07,1.44,1.58,2.65,3.02,WWMH,,INUS,Otaki,OSM00054,1978
1780469.636,5486685.4345,13010501,KWWN000333,Wastewater,4.32,4.69,1.4,5.72,6.09,WWMH,,INUS,Otaki,OSM00213,1977
1778643.671,5488005.7865,13010502,KWWN000480,Wastewater,1.95,2.32,1.68,3.63,4,WWMH,,INUS,Otaki,OSM00679,1978
1780631.187,5486538.8635,13010503,KWWN000350,Wastewater,5.85,6.22,0.87,6.72,7.09,WWMH,,INUS,Otaki,OSM00235,1978
1782968.379,5485295.2005,13010504,KWWN000532,Wastewater,31.19,31.57,3.03,34.22,34.6,WWMH,,INUS,Otaki,OSM00486,1979
1780589.074,5486677.9545,13010505,KWWN000348,Wastewater,5.59,5.96,1.14,6.73,7.1,WWMH,,INUS,Otaki,OSM00233,1977
1778836.064,5487734.4375,13010506,KWWN000186,Wastewater,0.53,0.9,2.95,3.48,3.85,WWMH,,INUS,Otaki,OSM00063,1978
1780663.417,5486367.6485,13010507,KWWN000386,Wastewater,4.54,4.91,3,7.54,7.91,WWMH,,INUS,Otaki,OSM00751,1976
1782535.074,5485293.8255,13010508,KWWN000521,Wastewater,11.62,12,2.72,14.34,14.72,WWMH,,INUS,Otaki,OSM00467,1978
1783239.521,5485830.3555,13010509,KWWN000802,Wastewater,40.41,40.79,1.11,41.52,41.9,WWMH,,INUS,Otaki,OSM00447,1979
1779681.983,5486206.6095,13010510,KWWN000100,Wastewater,1.69,2.06,3.73,5.42,5.79,WWMH,,INUS,Otaki,OSM00747,1977
1779306.761,5488411.0325,13010511,KWWN000621,Wastewater,1.88,2.25,2,3.88,4.25,WWMH,,INUS,Otaki,OSM00015,1978
1781390.358,5485438.9095,13010512,KWWN000693,Wastewater,9.45,9.83,2.8,12.25,12.63,WWMH,,INUS,Otaki,OSM00377,1978
1780208.622,5485653.9405,13010513,KWWN000118,Wastewater,3.88,4.26,2.87,6.75,7.12,WWMH,,INUS,Otaki,OSM00780,1979
1779347.496,5488464.5665,13010514,KWWN000627,Wastewater,2.01,2.38,1.56,3.57,3.94,WWMH,,INUS,Otaki,OSM00021,1979
1769713.392,5473820.6665,13010515,KWWN000857,Wastewater,0.86,1.22,1.05,1.91,2.27,WWMH,,INUS,Waikanae,WSM00875,1977
1775199.552,5474079.5185,13010516,KWWN000941,Wastewater,49.11,49.46,2.1,51.21,51.56,WWMH,,INUS,Waikanae,WSM00010,1989
1783146.366,5484953.8695,13010517,KWWN000667,Wastewater,16.24,16.62,1.34,17.58,17.96,WWMH,,INUS,Otaki,OSM00496,1978
1780436.453,5486613.2695,13010518,KWWN000332,Wastewater,3.68,4.05,1.75,5.43,5.8,WWMH,,INUS,Otaki,OSM00212,1977
1778576.741,5487592.0375,13010519,KWWN000452,Wastewater,1.18,1.55,1.6,2.78,3.15,WWMH,,INUS,Otaki,OSM00086,1979
1782326.004,5485462.0285,13010520,KWWN000746,Wastewater,11.68,12.06,2.32,14,14.38,WWCON,,INUS,Otaki,OSM00564,1978
1780551.763,5485340.8855,13010521,KWWN000061,Wastewater,6.83,7.2,2.16,8.99,9.36,WWMH,,INUS,Otaki,OSM00330,1978
1778662.453,5487853.6665,13010522,KWWN000185,Wastewater,3.02,3.39,0.95,3.97,4.34,WWMH,,INUS,Otaki,OSM00743,1979
1775122.881,5473680.8335,13010523,KWWN000537,Wastewater,63.29,63.64,1.09,64.38,64.73,WWMH,,INUS,Waikanae,WSM00048,1978
1781651.551,5485275.6275,13010524,KWWN000653,Wastewater,11.92,12.3,1.15,13.07,13.45,WWMH,,INUS,Otaki,OSM00381,1978
1777961.406,5486455.1215,13010525,KWWN000007,Wastewater,-0.74,-0.37,1.98,1.24,1.61,WWMH,,INUS,Otaki,OSM00150,1978
1780944.683,5485175.6295,13010526,KWWN000084,Wastewater,6.74,7.11,4.42,11.16,11.53,WWMH,,INUS,Otaki,OSM00426,1977
1778731.197,5487750.9885,13010527,KWWN000179,Wastewater,1.65,2.02,1,2.65,3.02,WWMH,,INUS,Otaki,OSM00684,1978
1778436.899,5487558.7105,13010528,KWWN000181,Wastewater,,,1.7,,,WWMH,,INUS,Otaki,OSM00691,1979
1778538.693,5486203.7925,13010529,KWWN000026,Wastewater,0.54,0.91,1.61,2.15,2.52,WWMH,,INUS,Otaki,OSM00169,1978
1781170.992,5485455.8815,13010530,KWWN000302,Wastewater,10.43,10.8,0.85,11.28,11.65,WWMH,,INUS,Otaki,OSM00384,1978
1778794.462,5486355.3025,13010531,KWWN000056,Wastewater,1.36,1.73,1.28,2.64,3.01,WWMH,,INUS,Otaki,OSM00161,1977
1769930.182,5473799.1325,13010532,KWWN000867,Wastewater,0.67,1.03,1.27,1.94,2.3,WWMH,,INUS,Waikanae,WSM00886,1979
1769841.473,5473357.7015,13010533,KWWN000899,Wastewater,2.61,2.97,2.66,5.27,5.63,WWMH,,INUS,Waikanae,WSM00923,1979
1778734.972,5488083.7945,13010534,KWWN000472,Wastewater,0.18,0.55,2.26,2.44,2.81,WWMH,,INUS,Otaki,OSM00039,1978
1778792.694,5488283.0515,13010535,KWWN000563,Wastewater,1.2,1.57,1.07,2.27,2.65,WWMH,,INUS,Otaki,OSM00040,1978
1781256.756,5484893.4815,13010536,KWWN000099,Wastewater,10.85,11.23,1.88,12.74,13.11,WWMH,,INUS,Otaki,OSM00792,1977
1779173.659,5487793.1025,13010537,KWWN000208,Wastewater,4.51,4.88,0.95,5.46,5.83,WWMH,,INUS,Otaki,OSM00134,1978
1769929.016,5473539.0415,13010538,KWWN000924,Wastewater,1.64,2,1.24,2.88,3.23,WWMH,,INUS,Waikanae,WSM00948,1979
1780564.497,5486185.3655,13010539,KWWN000147,Wastewater,6.91,7.28,1.05,7.96,8.33,WWMH,,INUS,Otaki,OSM00260,1976
1780057.928,5486047.9355,13010540,KWWN000109,Wastewater,5.17,5.54,1.12,6.29,6.66,WWMH,,INUS,Otaki,OSM00289,1978
1770011.718,5473605.8745,13010541,KWWN000925,Wastewater,0.15,0.51,2.24,2.39,2.75,WWMH,,INUS,Waikanae,WSM00950,1979
1780251.947,5485740.8315,13010542,KWWN000111,Wastewater,3.98,4.35,2.94,6.92,7.29,WWMH,,INUS,Otaki,OSM00341,1979
1769585.844,5473249.1415,13010543,KWWN000884,Wastewater,6.47,6.83,1.35,7.82,8.18,WWMH,,INUS,Waikanae,WSM00906,1985
1775117.076,5473663.3295,13010544,KWWN000538,Wastewater,62.96,63.31,1.45,64.41,64.76,WWMH,,INUS,Waikanae,WSM00049,1978
1783041.767,5485291.0315,13010545,KWWN000683,Wastewater,33.3,33.68,1.8,35.1,35.48,WWMH,,INUS,Otaki,OSM00810,1978
1780761.475,5485690.6345,13010546,KWWN000233,Wastewater,6.01,6.38,3,9.01,9.38,WWMH,,INUS,Otaki,OSM00314,1977
1778726.097,5487859.9865,13010547,KWWN000432,Wastewater,0.42,0.79,2.8,3.22,3.59,WWMH,,INUS,Otaki,OSM00060,1978
1780216.555,5486549.6255,13010548,KWWN000140,Wastewater,,,,,,WWMH,,INUS,Otaki,OSM00211,1979
1778658.341,5486280.1875,13010549,KWWN000048,Wastewater,1.38,1.75,1.26,2.64,3.01,WWMH,,INUS,Otaki,OSM00164,1978
1781142.748,5486704.4055,13010550,KWWN000419,Wastewater,9.31,9.68,1.33,10.64,11.01,WWMH,,INUS,Otaki,OSM00793,1977
1778577.787,5486410.4465,13010551,KWWN000045,Wastewater,0.11,0.48,1.84,1.95,2.32,WWMH,,INUS,Otaki,OSM00159,1977
1779011.59,5487942.8845,13010552,KWWN000468,Wastewater,1.24,1.61,1.45,2.69,3.06,WWMH,,INUS,Otaki,OSM00714,1978
1769515.737,5473354.4395,13010553,KWWN000908,Wastewater,3.27,3.63,1.64,4.91,5.27,WWMH,,INUS,Waikanae,WSM00932,1992
1781047.987,5486279.3525,13010554,KWWN000404,Wastewater,5.61,5.99,2.7,8.31,8.69,WWMH,,INUS,Otaki,OSM00348,1977
1782776.796,5486040.6015,13010555,KWWN000768,Wastewater,31.01,31.39,0.33,31.34,31.72,WWMH,,INUS,Otaki,OSM00438,1978
1778444.308,5486301.0195,13010556,KWWN000049,Wastewater,0.96,1.33,1.03,1.99,2.36,WWMH,,INUS,Otaki,OSM00166,1978
1781196.502,5486017.3075,13010557,KWWN000326,Wastewater,8.66,9.03,0.8,9.46,9.83,WWMH,,INUS,Otaki,OSM00817,1979
1778909.125,5488413.2795,13010558,KWWN000488,Wastewater,0.29,0.66,2.22,2.51,2.88,WWMH,,INUS,Otaki,OSM00007,1978
1780694.634,5486725.8285,13010559,KWWN000379,Wastewater,2.76,3.13,2.57,5.33,5.7,WWMH,,INUS,Otaki,OSM00648,1977
1780901.247,5486457.9455,13010560,KWWN000399,Wastewater,5.8,6.17,1.91,7.71,8.08,WWMH,,INUS,Otaki,OSM00246,1977
1780207.837,5486807.4845,13010561,KWWN000143,Wastewater,3.13,3.5,1.22,4.35,4.72,WWMH,,PRV,Otaki,OSM00867,1979
1781882.556,5485483.9475,13010562,KWWN000728,Wastewater,8.91,9.29,3.29,12.2,12.58,WWMH,,INUS,Otaki,OSM00418,1978
1769669.699,5473985.7705,13010563,KWWN000848,Wastewater,3.94,4.29,1.49,5.43,5.78,WWMH,,INUS,Waikanae,WSM00866,1976
1780873.069,5485408.7795,13010564,KWWN000058,Wastewater,8.17,8.54,0.85,9.01,9.39,WWMH,,INUS,Otaki,OSM00588,1978
1778760.72,5487208.5705,13010565,KWWN000169,Wastewater,4.18,4.55,1.09,5.27,5.64,WWMH,,INUS,Otaki,OSM00102,2022
1782636.997,5486012.5695,13010566,KWWN000798,Wastewater,26.91,27.29,2.06,28.97,29.35,WWMH,,INUS,Otaki,OSM00771,1978
1783095.003,5484982.1015,13010567,KWWN000666,Wastewater,15.34,15.71,1.37,16.7,17.08,WWMH,,INUS,Otaki,OSM00495,1978
1781001.814,5485773.9895,13010568,KWWN000318,Wastewater,7.57,7.94,2.6,10.17,10.54,WWMH,,INUS,Otaki,OSM00604,1977
1780867.532,5485629.5175,13010569,KWWN000274,Wastewater,7.75,8.12,1.81,9.56,9.93,WWMH,,INUS,Otaki,OSM00320,1978
1780736.55,5485543.4915,13010570,KWWN000243,Wastewater,7.12,7.5,1.83,8.95,9.33,WWMH,,INUS,Otaki,OSM00582,1978
1774627.544,5473581.1765,13010571,KWWN000995,Wastewater,27.28,27.63,3.52,30.8,31.15,WWMH,,INUS,Waikanae,WSM00298,1978
1778459.136,5487600.7165,13010572,KWWN000182,Wastewater,3.22,3.59,2.5,5.72,6.09,WWMH,,INUS,Otaki,OSM00692,1979
1781819.908,5485910.0145,13010573,KWWN000703,Wastewater,8.56,8.94,1.76,10.32,10.7,WWMH,,INUS,Otaki,OSM00521,1989
1779289.539,5488024.9925,13010574,KWWN000607,Wastewater,5.62,5.99,1.07,6.69,7.06,WWMH,,INUS,Otaki,OSM00665,1978
1783173.534,5485712.7165,13010575,KWWN000812,Wastewater,39.04,39.42,1.63,40.67,41.05,WWMH,,INUS,Otaki,OSM00506,1978
1780702.736,5486091.2055,13010576,KWWN000220,Wastewater,6.83,7.2,1.64,8.47,8.84,WWMH,,INUS,Otaki,OSM00297,1979
1775103.788,5473834.2395,13010577,KWWN000970,Wastewater,57.98,58.34,1.33,59.31,59.67,WWMH,,INUS,Waikanae,WSM00039,1974
1781013.426,5485187.5115,13010578,KWWN000091,Wastewater,7,7.37,3.45,10.45,10.82,WWMH,,INUS,Otaki,OSM00575,1977
1778815.2,5487311.3555,13010579,KWWN000197,Wastewater,3.33,3.7,1.04,4.37,4.74,WWMH,,INUS,Otaki,OSM00100,1978
1781677.117,5485851.7815,13010580,KWWN000725,Wastewater,8.17,8.55,2.6,10.77,11.15,WWMH,,INUS,Otaki,OSM00829,1993
1781795.507,5485327.2445,13010581,KWWN000492,Wastewater,12.03,12.41,1.03,13.06,13.44,WWMH,,INUS,Otaki,OSM00420,1978
1774997.197,5473786.5055,13010582,KWWN000964,Wastewater,,,,,,WWMH,,INUS,Waikanae,WSM00033,1978
1781455.941,5485383.1335,13010583,KWWN000650,Wastewater,9.68,10.06,2.58,12.26,12.64,WWMH,,INUS,Otaki,OSM00378,1978
1782758.517,5485562.7065,13010584,KWWN000778,Wastewater,29.5,29.88,1.92,31.42,31.8,WWMH,,INUS,Otaki,OSM00477,1991
1769540.518,5473881.7005,13010585,KWWN000844,Wastewater,2.46,2.82,1.76,4.22,4.58,WWMH,,INUS,Waikanae,WSM00862,1974
1779231.526,5488467.1165,13010586,KWWN000602,Wastewater,3.37,3.74,1.05,4.42,4.79,WWVA,,INUS,Otaki,OSM00659,1978
1778218.955,5486748.8935,13010587,KWWN000019,Wastewater,-0.97,-0.6,2.58,1.61,1.98,WWMH,,INUS,Otaki,OSM00703,1977
1780569.904,5485608.2685,13010588,KWWN000264,Wastewater,4.45,4.82,2.85,7.3,7.67,WWMH,,INUS,Otaki,OSM00779,1977
1769516.218,5473699.0575,13010589,KWWN000840,Wastewater,0.58,0.94,1.82,2.4,2.76,WWMH,,INUS,Waikanae,WSM00857,1974
1769826.428,5473144.8025,13010590,KWWN000875,Wastewater,16.84,17.2,1.76,18.6,18.96,WWMH,,INUS,Waikanae,WSM00896,1976
1769617.804,5473811.6955,13010591,KWWN000845,Wastewater,0.05,0.41,1.9,1.95,2.31,WWMH,,INUS,Waikanae,WSM00863,1974
1780627.13,5486122.1495,13010592,KWWN000165,Wastewater,6.26,6.63,1.87,8.13,8.5,WWMH,,INUS,Otaki,OSM00296,1976
1780401.417,5486541.1005,13010593,KWWN000330,Wastewater,2.81,3.19,2.65,5.46,5.84,WWMH,,INUS,Otaki,OSM00209,1977
1781389.478,5486087.7325,13010594,KWWN000685,Wastewater,6.06,6.44,2.82,8.88,9.26,WWMH,,INUS,Otaki,OSM00356,1977
1779397.719,5488394.3405,13010595,KWWN000622,Wastewater,2.04,2.41,1.39,3.43,3.8,WWMH,,INUS,Otaki,OSM00016,1979
1778986.467,5488029.2305,13010596,KWWN000585,Wastewater,0.58,0.95,2.42,3,3.37,WWMH,,INUS,Otaki,OSM00125,1978
1778730.904,5487697.0295,13010597,KWWN000180,Wastewater,1.2,1.57,3.67,4.88,5.25,WWMH,,INUS,Otaki,OSM00685,1978
1782851.514,5485543.4045,13010598,KWWN000780,Wastewater,31.17,31.55,1.83,33,33.38,WWMH,,INUS,Otaki,OSM00479,1979
1778669.583,5487627.9285,13010599,KWWN000170,Wastewater,1.61,1.98,1.08,2.69,3.06,WWMH,,INUS,Otaki,OSM00183,1979
1781803.959,5486012.9525,13010600,KWWN000698,Wastewater,7.84,8.22,1.57,9.41,9.79,WWMH,,INUS,Otaki,OSM00516,1989
1780592.348,5486971.6585,13010601,KWWN000339,Wastewater,4.47,4.84,1.19,5.66,6.03,WWMH,,INUS,Otaki,OSM00219,1979
1781146.476,5485269.1765,13010602,KWWN000077,Wastewater,7.97,8.34,3.5,11.47,11.84,WWMH,,INUS,Otaki,OSM00401,1977
1778664.616,5486032.7805,13010603,KWWN000030,Wastewater,1.67,2.04,1.22,2.89,3.27,WWMH,,INUS,Otaki,OSM00173,1978
1778899.91,5488160.3725,13010604,KWWN000569,Wastewater,1.62,2,0.94,2.56,2.94,WWMH,,INUS,Otaki,OSM00049,1978
1783238.749,5485222.7415,13010605,KWWN000675,Wastewater,34.95,35.32,1.8,36.75,37.12,WWMH,,INUS,Otaki,OSM00537,1978
1780178.927,5486014.1325,13010606,KWWN000107,Wastewater,4.26,4.63,1.54,5.8,6.17,WWMH,,INUS,Otaki,OSM00287,1978
1769675.951,5473306.4605,13010607,KWWN000889,Wastewater,4.26,4.62,1.13,5.39,5.75,WWMH,,INUS,Waikanae,WSM00911,1985
1781139.744,5485732.2935,13010608,KWWN000320,Wastewater,8.26,8.63,1.8,10.06,10.43,WWMH,,INUS,Otaki,OSM00764,1977
1780319.621,5485553.5015,13010609,KWWN000126,Wastewater,6.68,7.06,0.7,7.38,7.76,WWMH,,INUS,Otaki,OSM00831,1979
1781859.202,5486037.9965,13010610,KWWN000699,Wastewater,8.98,9.36,0.9,9.88,10.26,WWMH,,INUS,Otaki,OSM00517,1989
1780424.885,5485440.2035,13010611,KWWN000266,Wastewater,6.99,7.37,1.12,8.11,8.49,WWMH,,INUS,Otaki,OSM00834,1979
1782971.363,5485501.0485,13010612,KWWN000806,Wastewater,33.08,33.46,1.66,34.74,35.12,WWMH,,INUS,Otaki,OSM00484,1979
1780552.61,5486473.1085,13010613,KWWN000366,Wastewater,5.2,5.57,1.52,6.72,7.09,WWMH,,INUS,Otaki,OSM00264,1977
1781376.541,5485244.7045,13010614,KWWN000501,Wastewater,9.91,10.29,1.91,11.82,12.2,WWMH,,INUS,Otaki,OSM00574,1978
1783060.946,5485760.1315,13010615,KWWN000815,Wastewater,35.6,35.98,2.95,38.55,38.93,WWMH,,INUS,Otaki,OSM00509,1978
1769858.965,5473921.2685,13010616,KWWN000852,Wastewater,1.42,1.78,0.77,2.19,2.55,WWMH,,INUS,Waikanae,WSM00870,1975
1781266.91,5486150.0575,13010617,KWWN000287,Wastewater,7.13,7.5,1.42,8.55,8.92,WWMH,,INUS,Otaki,OSM00347,1978
1778587.948,5487911.9395,13010618,KWWN000175,Wastewater,2.19,2.56,1.5,3.69,4.06,WWMH,,INUS,Otaki,OSM00680,1978
1782480.37,5485831.6635,13010619,KWWN000793,Wastewater,23.82,24.2,1.07,24.89,25.27,WWMH,,INUS,Otaki,OSM00558,1978
1769928.364,5473797.8735,13010620,KWWN000866,Wastewater,0.54,0.9,1.36,1.9,2.26,WWMH,,INUS,Waikanae,WSM00885,1979
1780795.522,5485042.5015,13010621,KWWN000065,Wastewater,6.76,7.13,3.57,10.33,10.7,WWMH,,INUS,Otaki,OSM00334,1978
1780842.618,5486216.8465,13010622,KWWN000146,Wastewater,6.54,6.91,2.15,8.69,9.06,WWMH,,INUS,Otaki,OSM00253,1977
1775139.537,5473789.0585,13010623,KWWN000968,Wastewater,62.8,63.15,1.6,64.4,64.75,WWMH,,INUS,Waikanae,WSM00037,1978
1781692.899,5485908.9155,13010624,KWWN000689,Wastewater,7.66,8.04,2.48,10.14,10.52,WWMH,,INUS,Otaki,OSM00360,1993
1778540.288,5487821.3355,13010625,KWWN000176,Wastewater,5.08,5.45,1.77,6.85,7.22,WWMH,,INUS,Otaki,OSM00681,1978
1781229.351,5485755.5355,13010626,KWWN000307,Wastewater,9.33,9.7,1.2,10.53,10.9,WWMH,,INUS,Otaki,OSM00544,1978
1781817.31,5485941.5675,13010627,KWWN000702,Wastewater,9.07,9.45,0.93,10,10.38,WWMH,,INUS,Otaki,OSM00520,1989
1781651.162,5485724.6295,13010628,KWWN000723,Wastewater,8.59,8.97,2.3,10.89,11.27,WWMH,,INUS,Otaki,OSM00827,1979
1769880.562,5473386.9705,13010629,KWWN000900,Wastewater,2.28,2.64,1.99,4.27,4.63,WWMH,,INUS,Waikanae,WSM00924,1979
1781751.974,5485367.2495,13010630,KWWN000663,Wastewater,11.43,11.81,1.5,12.93,13.31,WWMH,,INUS,Otaki,OSM00409,1978
1781369.911,5485740.1825,13010631,KWWN000705,Wastewater,8.9,9.28,1.86,10.76,11.14,WWMH,,INUS,Otaki,OSM00553,1978
1780411.132,5485968.4585,13010632,KWWN000254,Wastewater,5.72,6.09,2.3,8.02,8.39,WWMH,,INUS,Otaki,OSM00718,1977
1769547.638,5473400.5835,13010633,KWWN000909,Wastewater,2.75,3.11,1.62,4.37,4.73,WWMH,,INUS,Waikanae,WSM00933,1992
1780755.417,5486672.4135,13010634,KWWN000343,Wastewater,4.93,5.3,2.14,7.07,7.44,WWMH,,INUS,Otaki,OSM00223,1977
1781065.055,5486199.4825,13010635,KWWN000311,Wastewater,6.44,6.81,0.83,7.27,7.64,WWMH,,INUS,Otaki,OSM00551,1986
1781081.7,5485818.1225,13010636,KWWN000292,Wastewater,7.96,8.33,2.5,10.46,10.83,WWMH,,INUS,Otaki,OSM00367,1977
1775073.578,5473968.4925,13010637,KWWN000949,Wastewater,44.47,44.82,1.7,46.17,46.52,WWMH,,INUS,Waikanae,WSM00018,1978
1774900.256,5473731.7655,13010638,KWWN000960,Wastewater,36.38,36.74,1.24,37.62,37.98,WWMH,,INUS,Waikanae,WSM00029,1971
1779446.042,5488454.0355,13010639,KWWN000625,Wastewater,2.56,2.93,1.26,3.82,4.19,WWMH,,INUS,Otaki,OSM00019,1979
1779425.411,5488322.4165,13010640,KWWN000641,Wastewater,3.58,3.95,0.97,4.55,4.92,WWMH,,INUS,Otaki,OSM00813,1979
1781856.163,5485385.5805,13010641,KWWN000664,Wastewater,11.49,11.87,1.13,12.62,13,WWMH,,INUS,Otaki,OSM00411,1978
1777992.399,5486446.3905,13010642,KWWN000008,Wastewater,-0.51,-0.14,1.57,1.06,1.43,WWMH,,INUS,Otaki,OSM00151,1978
1781319.188,5485153.0365,13010643,KWWN000075,Wastewater,9.51,9.89,1.78,11.29,11.67,WWMH,,INUS,Otaki,OSM00394,1977
1778984.331,5488196.6775,13010644,KWWN000568,Wastewater,0.66,1.03,1.92,2.58,2.95,WWMH,,INUS,Otaki,OSM00048,1978
1783141.591,5485724.6475,13010645,KWWN000813,Wastewater,38.32,38.7,1.95,40.27,40.65,WWMH,,INUS,Otaki,OSM00507,1978
1770023.039,5474147.5765,13010646,KWWN000931,Wastewater,4.64,5,2.14,6.78,7.14,WWMH,,INUS,Waikanae,WSM01024,1979
1780753.067,5485151.9835,13010647,KWWN000064,Wastewater,8.11,8.48,1.7,9.81,10.18,WWMH,,INUS,Otaki,OSM00333,1978
1778732.096,5487549.4025,13010648,KWWN000449,Wastewater,0.19,0.56,3.05,3.24,3.61,WWMH,,INUS,Otaki,OSM00083,1978
1778881.271,5488461.7945,13010649,KWWN000556,Wastewater,-1.12,-0.75,3.26,2.14,2.51,WWMH,,INUS,Otaki,OSM00027,1978
1783200.294,5485130.2735,13010650,KWWN000676,Wastewater,36.19,36.56,1.06,37.24,37.62,WWMH,,INUS,Otaki,OSM00538,1978
1780626.257,5485819.5045,13010651,KWWN000229,Wastewater,6.77,7.14,1.8,8.57,8.94,WWMH,,INUS,Otaki,OSM00310,1977
1781172.634,5485582.8015,13010652,KWWN000305,Wastewater,10.14,10.51,1.1,11.24,11.61,WWMH,,INUS,Otaki,OSM00388,1978
1780940.614,5485368.7165,13010653,KWWN000093,Wastewater,8.81,9.19,2.64,11.45,11.83,WWMH,,INUS,Otaki,OSM00594,1978
1775164.521,5473658.9835,13010654,KWWN000542,Wastewater,70.56,70.91,2.52,73.08,73.43,WWMH,,INUS,Waikanae,WSM00053,1978
1781886.533,5485275.2095,13010655,KWWN000515,Wastewater,10.02,10.4,3.5,13.52,13.9,WWMH,,INUS,Otaki,OSM00807,1978
1778902.227,5486179.6095,13010656,KWWN000039,Wastewater,1.7,2.07,1.86,3.56,3.93,WWMH,,INUS,Otaki,OSM00186,1977
1780963.362,5485836.6335,13010657,KWWN000272,Wastewater,8.52,8.89,1.29,9.81,10.18,WWMH,,INUS,Otaki,OSM00307,1978
1780072.604,5485677.1975,13010658,KWWN000122,Wastewater,5.89,6.26,1.24,7.13,7.5,WWMH,,INUS,Otaki,OSM00784,1976
1779228.194,5487900.8515,13010659,KWWN000206,Wastewater,13.35,13.72,1.05,14.4,14.77,WWMH,,INUS,Otaki,OSM00132,1978
1780341.213,5485518.4505,13010660,KWWN000268,Wastewater,6.7,7.08,0.93,7.63,8.01,WWMH,,INUS,Otaki,OSM00839,1979
1780985.975,5485911.8105,13010661,KWWN000295,Wastewater,8.83,9.2,1.08,9.91,10.28,WWMH,,INUS,Otaki,OSM00370,1977
1780749.595,5486545.7825,13010662,KWWN000391,Wastewater,6.18,6.55,1.1,7.28,7.65,WWMH,,INUS,Otaki,OSM00756,1978
1769727.712,5473933.5375,13010663,KWWN000856,Wastewater,0.54,0.9,1.43,1.97,2.33,WWMH,,INUS,Waikanae,WSM00874,1973
1780620.73,5486872.7605,13010664,KWWN000337,Wastewater,5.1,5.47,0.94,6.04,6.41,WWMH,,INUS,Otaki,OSM00217,1977
1781847.819,5485810.5065,13010665,KWWN000692,Wastewater,8.82,9.2,2.52,11.35,11.72,WWMH,,INUS,Otaki,OSM00363,1978
1779418.879,5488382.5195,13010666,KWWN000623,Wastewater,2.17,2.54,1.27,3.44,3.81,WWMH,,INUS,Otaki,OSM00017,1979
1778096.185,5486420.3885,13010667,KWWN000009,Wastewater,0.42,0.79,0.98,1.4,1.77,WWMH,,INUS,Otaki,OSM00152,1979
1769296.311,5473717.1155,13010668,KWWN000837,Wastewater,4.58,4.94,1.24,5.82,6.18,WWMH,,INUS,Waikanae,WSM00854,1974
1782636.451,5485231.6995,13010669,KWWN000523,Wastewater,12.32,12.7,2.73,15.05,15.43,WWMH,,INUS,Otaki,OSM00469,1978
1773253.123,5472325.6095,13010670,KWWN001002,Wastewater,17.55,17.91,1.87,19.42,19.77,WWMH,,INUS,Waikanae,WSM00581,1979
1782759.035,5486000.8285,13010671,KWWN000767,Wastewater,29.64,30.02,1.69,31.33,31.7,WWMH,,INUS,Otaki,OSM00437,1978
1775198.172,5473942.1665,13010672,KWWN000934,Wastewater,60.98,61.33,1.27,62.25,62.6,WWMH,,INUS,Waikanae,WSM00003,1978
1781192.28,5485295.6785,13010673,KWWN000089,Wastewater,8.37,8.74,2.88,11.25,11.62,WWMH,,INUS,Otaki,OSM00571,1977
1781229.408,5485599.5035,13010674,KWWN000298,Wastewater,8.67,9.04,1.95,10.62,10.99,WWMH,,INUS,Otaki,OSM00373,1978
1780841.328,5486203.5945,13010675,KWWN000145,Wastewater,6.63,7,2.22,8.85,9.22,WWMH,,INUS,Otaki,OSM00252,1979
1778680.654,5487986.0965,13010676,KWWN000475,Wastewater,1.55,1.92,1.6,3.15,3.52,WWMH,,INUS,Otaki,OSM00055,1978
1769604.828,5473325.8135,13010677,KWWN000919,Wastewater,4.66,5.02,1.56,6.22,6.58,WWMH,,INUS,Waikanae,WSM00943,1987
1780166.61,5485635.1535,13010678,KWWN000120,Wastewater,6.35,6.72,0.97,7.33,7.7,WWMH,,INUS,Otaki,OSM00782,1976
1783223.74,5485848.2975,13010679,KWWN000804,Wastewater,39.89,40.27,1.4,41.29,41.67,WWMH,,INUS,Otaki,OSM00449,1978
1778670.232,5487847.5995,13010680,KWWN000174,Wastewater,0.82,1.2,2.36,3.18,3.56,WWMH,,INUS,Otaki,OSM00196,1978
1780987.999,5485518.1075,13010681,KWWN000306,Wastewater,9.12,9.49,1.08,10.2,10.57,WWMH,,INUS,Otaki,OSM00389,1979
1780872.685,5486783.9725,13010682,KWWN000415,Wastewater,3.82,4.19,2.53,6.35,6.72,WWMH,,INUS,Otaki,OSM00646,1977
1774481.073,5473395.0885,13010683,KWWN000991,Wastewater,29.01,29.36,2.93,31.94,32.29,WWMH,,INUS,Waikanae,WSM00293,1978
1781081.539,5485199.6425,13010684,KWWN000080,Wastewater,7.73,8.1,2.01,9.74,10.11,WWMH,,INUS,Otaki,OSM00404,1977
1769684.277,5473060.9545,13010685,KWWN000871,Wastewater,9.75,10.11,1.81,11.56,11.92,WWMH,,INUS,Waikanae,WSM00892,1985
1779337.394,5488304.7735,13010686,KWWN000630,Wastewater,2.43,2.8,1.46,3.89,4.26,WWMH,,INUS,Otaki,OSM00033,1978
1766972.703,5467603.5265,13010687,KWWN001048,Wastewater,1.03,1.38,3.43,4.46,4.81,WWMH,,INUS,Paraparaumu,PSM00063,1977
1779987.825,5485601.1975,13010688,KWWN000125,Wastewater,5.3,5.67,1.83,7.13,7.5,WWMH,,INUS,Otaki,OSM00787,1976
1778516.062,5487776.1685,13010689,KWWN000177,Wastewater,4.82,5.19,1.83,6.65,7.02,WWMH,,INUS,Otaki,OSM00682,1978
1775144.507,5474007.0095,13010690,KWWN000945,Wastewater,50.31,50.67,1.09,51.41,51.76,WWMH,,INUS,Waikanae,WSM00014,1978
1781329.031,5485965.9615,13010691,KWWN000290,Wastewater,7.09,7.47,2.45,9.54,9.92,WWMH,,INUS,Otaki,OSM00365,1979
1779127.017,5488033.2095,13010692,KWWN000617,Wastewater,2.18,2.55,0.64,2.82,3.19,WWMH,,INUS,Otaki,OSM00716,1978
1779962.195,5486404.5245,13010693,KWWN000141,Wastewater,3.5,3.87,1.83,5.33,5.7,WWMH,,INUS,Otaki,OSM00319,1977
1778858.858,5487777.3075,13010694,KWWN000460,Wastewater,0.86,1.23,1.57,2.43,2.81,WWMH,,INUS,Otaki,OSM00690,1978
1778817.76,5487316.1445,13010695,KWWN000196,Wastewater,3.63,4,0.97,4.6,4.97,WWMH,,INUS,Otaki,OSM00099,1978
1778950.635,5487797.5955,13010696,KWWN000215,Wastewater,1.87,2.25,1.23,3.1,3.48,WWMH,,INUS,Otaki,OSM00181,1978
1780803.549,5486460.0855,13010697,KWWN000358,Wastewater,7.16,7.53,0.81,7.97,8.34,WWMH,,INUS,Otaki,OSM00243,1977
1778490.84,5487724.7055,13010698,KWWN000443,Wastewater,4.34,4.71,1.8,6.14,6.51,WWMH,,INUS,Otaki,OSM00075,1978
1782954.188,5485234.6925,13010699,KWWN000678,Wastewater,31.34,31.72,1.23,32.57,32.95,WWMH,,INUS,Otaki,OSM00554,1978
1782763.713,5485891.7155,13010700,KWWN000770,Wastewater,29.37,29.75,2.45,31.82,32.2,WWMH,,INUS,Otaki,OSM00440,1978
1769564.62,5473752.5465,13010701,KWWN000841,Wastewater,1.7,2.06,4.88,6.58,6.94,WWMH,,INUS,Waikanae,WSM00858,1974
1778256.908,5486670.9065,13010702,KWWN000020,Wastewater,-0.52,-0.15,1.71,1.19,1.56,WWMH,,INUS,Otaki,OSM00704,1977
1778367.392,5487600.9745,13010703,KWWN000457,Wastewater,4.47,4.84,0.96,5.43,5.8,WWMH,,INUS,Otaki,OSM00091,1979
1782726.378,5485806.4845,13010704,KWWN000773,Wastewater,29.75,30.13,1.25,31,31.38,WWMH,,INUS,Otaki,OSM00443,1979
1778516.751,5487652.6695,13010705,KWWN000439,Wastewater,3.94,4.31,1.13,5.07,5.44,WWMH,,INUS,Otaki,OSM00071,1978
1778169.423,5486853.3695,13010706,KWWN000012,Wastewater,-0.93,-0.56,2.82,1.89,2.26,WWMH,,INUS,Otaki,OSM00190,1977
1774862.953,5473805.2625,13010707,KWWN001001,Wastewater,31.91,32.26,0.75,32.66,33.01,WWMH,,INUS,Waikanae,WSM00304,1992
1781681.649,5486095.7905,13010708,KWWN000713,Wastewater,8.08,8.45,1.57,9.65,10.02,WWMH,,INUS,Otaki,OSM00613,1978
1775197.287,5474032.3565,13010709,KWWN000938,Wastewater,51.61,51.96,1.25,52.86,53.21,WWMH,,INUS,Waikanae,WSM00007,1989
1779227.894,5488179.0135,13010710,KWWN000590,Wastewater,4.51,4.88,0.88,5.39,5.76,WWMH,,INUS,Otaki,OSM00143,1978
1782517.292,5485256.2825,13010711,KWWN000528,Wastewater,11.99,12.37,2.72,14.71,15.09,WWMH,,INUS,Otaki,OSM00489,1979
1769490.162,5473473.2105,13010712,KWWN000911,Wastewater,3,3.36,1.17,4.18,4.53,WWMH,,INUS,Waikanae,WSM00935,1992
1779348.174,5488252.0195,13010713,KWWN000636,Wastewater,2.77,3.14,1.42,4.19,4.56,WWMH,,INUS,Otaki,OSM00122,1978
1779302.705,5488096.8785,13010714,KWWN000422,Wastewater,4.16,4.53,2.48,6.64,7.01,WWMH,,INUS,Otaki,OSM00116,1978
1780626.556,5486528.8125,13010715,KWWN000351,Wastewater,5.94,6.31,0.8,6.74,7.11,WWMH,,INUS,Otaki,OSM00236,1979
1775068.231,5473787.0735,13010716,KWWN000974,Wastewater,55.98,56.33,1.37,57.35,57.7,WWMH,,INUS,Waikanae,WSM00042,1978
1780958.729,5486324.8445,13010717,KWWN000400,Wastewater,7.09,7.46,1.53,8.62,8.99,WWMH,,INUS,Otaki,OSM00247,1977
1778918.665,5488147.1855,13010718,KWWN000572,Wastewater,1.29,1.67,1.24,2.53,2.91,WWMH,,INUS,Otaki,OSM00052,1979
1782873.426,5485525.1515,13010719,KWWN000781,Wastewater,31.62,32,1.73,33.35,33.73,WWMH,,INUS,Otaki,OSM00480,1979
1780856.908,5484833.5335,13010720,KWWN000095,Wastewater,7.99,8.37,3.21,11.2,11.57,WWMH,,INUS,Otaki,OSM00788,1978
1780625.084,5486284.4515,13010721,KWWN000365,Wastewater,6.1,6.47,1.7,7.8,8.17,WWMH,,INUS,Otaki,OSM00262,1976
1783250.492,5485795.7045,13010722,KWWN000803,Wastewater,,,,,,WWMH,,INUS,Otaki,,
1780708.492,5486464.2665,13010723,KWWN000356,Wastewater,5.08,5.45,1.93,7.01,7.38,WWMH,,INUS,Otaki,OSM00241,1976
1781886.696,5485412.3215,13010724,KWWN000646,Wastewater,11.7,12.08,1.09,12.79,13.17,WWMH,,INUS,Otaki,OSM00416,1978
1782796.876,5485877.0845,13010725,KWWN000771,Wastewater,30.09,30.47,2.54,32.63,33.01,WWMH,,INUS,Otaki,OSM00441,1978
1781286.598,5485288.5565,13010726,KWWN000072,Wastewater,9.49,9.86,1.59,11.08,11.45,WWMH,,INUS,Otaki,OSM00391,1977
1782990.218,5485311.2315,13010727,KWWN000669,Wastewater,32.87,33.25,1.75,34.63,35,WWMH,,INUS,Otaki,OSM00498,1978
1779121.636,5487957.3755,13010728,KWWN000204,Wastewater,4.36,4.73,1.33,5.69,6.06,WWMH,,INUS,Otaki,OSM00130,1978
1782408.267,5485554.2725,13010729,KWWN000783,Wastewater,11.19,11.57,2.58,13.78,14.15,WWMH,,INUS,Otaki,OSM00494,1978
1778784.346,5488266.5725,13010730,KWWN000470,Wastewater,1.35,1.72,1.05,2.4,2.77,WWMH,,INUS,Otaki,OSM00041,1978
1782124.351,5485752.1185,13010731,KWWN000742,Wastewater,10.73,11.11,1.05,11.78,12.16,WWMH,,INUS,Otaki,OSM00491,1978
1767155.174,5468388.7925,13010732,KWWN001042,Wastewater,1.35,1.7,2.73,4.08,4.43,WWMH,,INUS,Paraparaumu,PSM00054,1979
1782959.96,5485377.9485,13010733,KWWN000673,Wastewater,32.76,33.14,1.7,34.46,34.84,WWMH,,INUS,Otaki,OSM00526,1979
1775070.196,5473975.3485,13010734,KWWN000944,Wastewater,41.3,41.65,3.3,44.6,44.95,WWMH,,INUS,Waikanae,WSM00013,1978
1780700.655,5486834.4265,13010735,KWWN000346,Wastewater,4.14,4.51,2.55,6.69,7.06,WWMH,,INUS,Otaki,OSM00231,1978
1782192.954,5485636.5575,13010736,KWWN000738,Wastewater,11.94,12.32,1.07,13.01,13.39,WWMH,,INUS,Otaki,OSM00457,1978
1780594.933,5486453.2155,13010737,KWWN000390,Wastewater,5.18,5.55,1.22,6.4,6.77,WWMH,,INUS,Otaki,OSM00755,1977
1781992.787,5485634.6695,13010738,KWWN000733,Wastewater,10.8,11.18,1.85,12.65,13.03,WWMH,,INUS,Otaki,OSM00452,1979
1769760.383,5473431.4725,13010739,KWWN000921,Wastewater,1.46,1.81,1.76,3.21,3.57,WWMH,,INUS,Waikanae,WSM00945,1987
1783027.785,5485393.4785,13010740,KWWN000672,Wastewater,34.59,34.97,1.27,35.86,36.24,WWMH,,INUS,Otaki,OSM00501,1978
1782610.162,5485959.4625,13010741,KWWN000764,Wastewater,27.31,27.69,1.46,28.77,29.15,WWMH,,INUS,Otaki,OSM00434,1978
1782051.323,5485670.0415,13010742,KWWN000734,Wastewater,9.94,10.32,2.31,12.25,12.63,WWMH,,INUS,Otaki,OSM00453,1978
1774430.407,5473383.3885,13010743,KWWN000994,Wastewater,,,,,,WWMH,,INUS,Waikanae,WSM00296,1978
1778696.625,5487664.4015,13010744,KWWN000445,Wastewater,2.04,2.41,1.02,3.06,3.43,WWMH,,INUS,Otaki,OSM00077,1978
1769654.28,5473233.4905,13010745,KWWN000886,Wastewater,6.46,6.82,2.7,9.16,9.52,WWMH,,INUS,Waikanae,WSM00908,1985
1781205.372,5485996.8455,13010746,KWWN000327,Wastewater,,,,,,WWMH,,INUS,Otaki,OSM00818,1979
1780906.612,5484845.4345,13010747,KWWN000096,Wastewater,8.32,8.69,3.24,11.56,11.93,WWMH,,INUS,Otaki,OSM00789,1978
1778309.107,5487538.9505,13010748,KWWN000167,Wastewater,3.74,4.11,1.02,4.76,5.13,WWMH,,INUS,Otaki,OSM00093,1979
1778985.466,5488015.7205,13010749,KWWN000587,Wastewater,0.96,1.33,1.59,2.55,2.92,WWMH,,INUS,Otaki,OSM00128,1978
1769936.248,5473522.7735,13010750,KWWN000907,Wastewater,1.1,1.46,1.97,3.07,3.43,WWMH,,INUS,Waikanae,WSM00931,1979
1771817.797,5473534.0495,13010751,KWWN000943,Wastewater,2.24,2.6,2.3,4.54,4.9,WWMH,,INUS,Waikanae,WSM00012,1978
1777970.788,5486602.0915,13010752,KWWN000002,Wastewater,0.63,1,1.2,1.83,2.2,WWMH,,INUS,Otaki,OSM00144,1977
1780445.34,5486369.2705,13010753,KWWN000370,Wastewater,3.99,4.36,2.4,6.39,6.76,WWMH,,INUS,Otaki,OSM00268,1976
1779167.151,5488285.3905,13010754,KWWN000606,Wastewater,4.84,5.21,1.15,5.99,6.36,WWMH,,INUS,Otaki,,2015
1779804.883,5486373.0425,13010755,KWWN000132,Wastewater,2.64,3.01,2.45,5.09,5.46,WWMH,,INUS,Otaki,OSM00318,1977
1769442.624,5473632.4735,13010756,KWWN000834,Wastewater,0.91,1.27,1.3,2.21,2.57,WWMH,,INUS,Waikanae,WSM00851,1975
1780604.32,5486978.4885,13010757,KWWN000338,Wastewater,4.15,4.52,1.53,5.68,6.05,WWMH,,INUS,Otaki,OSM00218,1977
1778577.497,5487744.0765,13010758,KWWN000437,Wastewater,1.64,2.01,1.5,3.14,3.51,WWMH,,INUS,Otaki,OSM00069,1978
1780114.947,5486434.7365,13010759,KWWN000136,Wastewater,4.17,4.54,1.28,5.45,5.82,WWMH,,INUS,Otaki,OSM00204,1977
1778628.929,5486181.4815,13010760,KWWN000033,Wastewater,1.03,1.4,1.47,2.5,2.87,WWMH,,INUS,Otaki,OSM00711,1977
1780495.055,5485374.0325,13010761,KWWN000070,Wastewater,,,1.93,,,WWMH,,INUS,Otaki,OSM00833,1979
1780421.774,5486583.6085,13010762,KWWN000331,Wastewater,3.14,3.51,2.25,5.39,5.76,WWMH,,INUS,Otaki,OSM00210,1977
1782095.866,5485625.0985,13010763,KWWN000737,Wastewater,10.25,10.63,2.3,12.55,12.93,WWMH,,INUS,Otaki,OSM00456,1978
1778704.684,5486261.3865,13010764,KWWN000021,Wastewater,1.68,2.05,1.18,2.86,3.23,WWMH,,INUS,Otaki,OSM00165,2021
1781386.572,5485776.4765,13010765,KWWN000704,Wastewater,8.23,8.61,2.27,10.5,10.88,WWMH,,INUS,Otaki,OSM00552,1978
1780883.2,5485412.5205,13010766,KWWN000057,Wastewater,8.25,8.63,3.01,11.26,11.63,WWMH,,INUS,Otaki,OSM00587,1978
1783149.104,5485261.8385,13010767,KWWN000671,Wastewater,33.8,34.18,1.12,34.92,35.3,WWMH,,INUS,Otaki,OSM00500,1978
1780401.221,5485664.5445,13010768,KWWN000257,Wastewater,5.61,5.98,1.82,7.43,7.8,WWMH,,INUS,Otaki,OSM00726,1978
1769853.462,5474086.3655,13010769,KWWN000862,Wastewater,1.09,1.45,1.31,2.4,2.76,WWMH,,INUS,Waikanae,WSM00881,1979
1778141.411,5486880.9715,13010770,KWWN000017,Wastewater,0.24,0.61,1.93,2.17,2.54,WWMH,,INUS,Otaki,OSM00701,1977
1769731.272,5473239.6845,13010771,KWWN000882,Wastewater,5.64,6,2.08,7.72,8.08,WWMH,,INUS,Waikanae,WSM00904,1976
1781301.252,5484935.4095,13010772,KWWN000098,Wastewater,11.19,11.57,1.58,12.77,13.14,WWMH,,INUS,Otaki,OSM00791,1978
1778880.112,5487232.4525,13010773,KWWN000199,Wastewater,1.83,2.21,1.44,3.27,3.64,WWMH,,INUS,Otaki,OSM00103,1978
1778622.11,5487819.6625,13010774,KWWN000435,Wastewater,1.13,1.5,1.93,3.06,3.43,WWMH,,INUS,Otaki,OSM00067,1978
1780194.521,5485659.6015,13010775,KWWN000119,Wastewater,3.87,4.24,2.82,6.69,7.06,WWCON,,INUS,Otaki,OSM00781,1979
1782913.479,5485033.4385,13010776,KWWN000531,Wastewater,13.95,14.33,2.54,16.49,16.87,WWMH,,INUS,Otaki,OSM00473,1978
1780687.323,5486776.6325,13010777,KWWN000380,Wastewater,3.83,4.21,2.73,6.57,6.94,WWMH,,INUS,Otaki,OSM00649,1977
1778671.131,5488291.3105,13010778,KWWN000481,Wastewater,4.31,4.68,0.87,5.18,5.55,WWMH,,INUS,Otaki,OSM00744,1978
1778286.179,5486610.1415,13010779,KWWN000052,Wastewater,0.2,0.57,1.29,1.49,1.86,WWMH,,INUS,Otaki,OSM00705,1977
1778209.696,5486791.0655,13010780,KWWN000018,Wastewater,-1.23,-0.86,3.04,1.81,2.18,WWMH,,INUS,Otaki,OSM00702,1977
1775169.544,5473841.9625,13010781,KWWN000953,Wastewater,67.98,68.33,0.98,68.96,69.31,WWMH,,INUS,Waikanae,WSM00022,1976
1778892.808,5487623.3395,13010782,KWWN000216,Wastewater,1.71,2.08,1.88,3.59,3.96,WWMH,,INUS,Otaki,OSM00182,1978
1780961.526,5485477.6055,13010783,KWWN000324,Wastewater,10.02,10.4,1.05,11.07,11.45,WWMH,,INUS,Otaki,OSM00777,1978
1775126.735,5473915.2405,13010784,KWWN000946,Wastewater,56.3,56.65,1.3,57.6,57.95,WWMH,,INUS,Waikanae,WSM00015,1978
1781944.779,5485415.9625,13010785,KWWN000648,Wastewater,8.93,9.31,3.85,12.78,13.16,WWMH,,INUS,Otaki,OSM00802,1978
1769818.2,5473237.1335,13010786,KWWN000878,Wastewater,10.04,10.4,2.15,12.19,12.55,WWMH,,INUS,Waikanae,WSM00899,1976
1770005.92,5474064.2195,13010787,KWWN000929,Wastewater,0.61,0.97,1.47,2.08,2.44,WWMH,,INUS,Waikanae,WSM01021,1979
1781406.709,5485018.7845,13010788,KWWN000662,Wastewater,11.84,12.21,1.16,13,13.37,WWMH,,INUS,Otaki,OSM00407,1978
1780565.612,5486628.3395,13010789,KWWN000377,Wastewater,5.18,5.55,1.18,6.36,6.73,WWMH,,INUS,Otaki,OSM00626,1977
1778914.322,5488233.9755,13010790,KWWN000565,Wastewater,0.15,0.52,2.45,2.6,2.97,WWMH,,INUS,Otaki,OSM00045,1979
1782699.009,5485920.6295,13010791,KWWN000769,Wastewater,28.45,28.83,2.24,30.69,31.07,WWMH,,INUS,Otaki,OSM00439,1978
1781629.28,5486236.9025,13010792,KWWN000716,Wastewater,13.02,13.39,1.94,14.95,15.33,WWMH,,INUS,Otaki,OSM00641,1975
1773361.269,5472817.6815,13010793,KWWN001037,Wastewater,16.18,16.54,1.8,17.98,18.34,WWMH,,INUS,Waikanae,WSM00618,1979
1779623.461,5486343.5715,13010794,KWWN000129,Wastewater,2.03,2.4,2.55,4.58,4.95,WWMH,,INUS,Otaki,OSM00200,1977
1782083.795,5485637.5795,13010795,KWWN000736,Wastewater,10.13,10.51,2.35,12.48,12.86,WWMH,,INUS,Otaki,OSM00455,1978
1769674.055,5473611.6545,13010796,KWWN000915,Wastewater,0.51,0.87,1.88,2.39,2.75,WWMH,,INUS,Waikanae,WSM00939,1996
1783053.339,5485449.5935,13010797,KWWN000808,Wastewater,35.43,35.81,1.1,36.53,36.91,WWMH,,INUS,Otaki,OSM00502,1978
1767497.89,5467836.9995,13010798,KWWN001039,Wastewater,4.65,5,0.94,5.59,5.94,WWMH,,INUS,Paraparaumu,PSM00051,1979
1780213.577,5485635.5795,13010799,KWWN000115,Wastewater,3.93,4.3,2.7,6.63,7,WWMH,,INUS,Otaki,OSM00728,1978
1778667.124,5488056.4905,13010800,KWWN000474,Wastewater,1.82,2.19,1.05,2.87,3.24,WWMH,,INUS,Otaki,OSM00043,1978
1775091.603,5473518.8335,13010801,KWWN000988,Wastewater,70.01,70.36,1.71,71.72,72.07,WWMH,,INUS,Waikanae,WSM00070,1978
1780742.572,5487173.2845,13010802,KWWN000643,Wastewater,2.86,3.23,2.5,5.36,5.73,WWMH,,INUS,Otaki,OSM00797,1977
1778710.248,5486147.9965,13010803,KWWN000028,Wastewater,1.53,1.9,1.23,2.76,3.13,WWMH,,INUS,Otaki,OSM00171,1979
1779091.875,5488139.4095,13010804,KWWN000577,Wastewater,2.33,2.7,1.2,3.53,3.9,WWMH,,INUS,Otaki,OSM00110,1978
1780756.775,5485893.3985,13010805,KWWN000265,Wastewater,,,,8.65,9.02,WWMH,,INUS,Otaki,OSM00819,1979
1778957.143,5488617.1475,13010806,KWWN000553,Wastewater,0.03,0.4,1.9,1.93,2.3,WWMH,,INUS,Otaki,OSM00024,1978
1782039.432,5485681.9435,13010807,KWWN000732,Wastewater,10.01,10.39,2.11,12.12,12.5,WWMH,,INUS,Otaki,OSM00451,1979
1783046.95,5485928.3675,13010808,KWWN000800,Wastewater,34.62,35,2.77,37.39,37.77,WWMH,,INUS,Otaki,OSM00445,1978
1779269.447,5488035.6925,13010809,KWWN000581,Wastewater,5.35,5.72,1.55,6.9,7.27,WWMH,,INUS,Otaki,OSM00114,1978
1779231.097,5488468.6355,13010810,KWWN000549,Wastewater,2.46,2.84,1.95,4.41,4.78,WWMH,,INUS,Otaki,OSM00012,1978
1779043.853,5488657.5405,13010811,KWWN000482,Wastewater,1.57,1.94,1.32,2.89,3.26,WWMH,,INUS,Otaki,OSM00001,1978
1778521.331,5487567.5245,13010812,KWWN000454,Wastewater,0.88,1.25,1.15,2.03,2.4,WWMH,,INUS,Otaki,OSM00088,1979
1780378.037,5486491.9795,13010813,KWWN000329,Wastewater,2.97,3.34,2.58,5.55,5.92,WWMH,,INUS,Otaki,OSM00208,1977
1778377.563,5486351.4935,13010814,KWWN000041,Wastewater,-0.41,-0.04,2.25,1.84,2.21,WWMH,,INUS,Otaki,OSM00155,1978
1778721.788,5488163.0905,13010815,KWWN000477,Wastewater,1.62,2,1.14,2.76,3.13,WWMH,,INUS,Otaki,OSM00676,1978
1781302.143,5486168.5695,13010816,KWWN000283,Wastewater,7.43,7.81,1.19,8.62,9,WWMH,,INUS,Otaki,OSM00343,1978
1778969.633,5486251.1245,13010817,KWWN000038,Wastewater,2.37,2.74,1.4,3.77,4.14,WWMH,,INUS,Otaki,OSM00178,1977
1780011.106,5485687.1405,13010818,KWWN000123,Wastewater,5.6,5.97,1.33,6.93,7.3,WWMH,,INUS,Otaki,OSM00785,1976
1782355.722,5485483.6115,13010819,KWWN000745,Wastewater,11.56,11.94,2.52,14.08,14.46,WWMH,,INUS,Otaki,OSM00563,1978
1769826.062,5473203.8585,13010820,KWWN000876,Wastewater,13.33,13.69,2.1,15.43,15.79,WWMH,,INUS,Waikanae,WSM00897,1976
1769932.135,5473335.6925,13010821,KWWN000895,Wastewater,12.59,12.94,0.9,13.49,13.84,WWMH,,INUS,Waikanae,WSM00919,1975
1780985.662,5486440.3835,13010822,KWWN000408,Wastewater,4.26,4.63,2.78,7.04,7.42,WWMH,,INUS,Otaki,OSM00353,1977
1780902.877,5485827.6135,13010823,KWWN000314,Wastewater,7.67,8.04,1.41,9.08,9.45,WWMH,,INUS,Otaki,OSM00597,1978
1782654.371,5485644.0145,13010824,KWWN000786,Wastewater,27.85,28.23,2.14,29.99,30.37,WWMH,,INUS,Otaki,OSM00530,1991
1781623.621,5485212.1475,13010825,KWWN000503,Wastewater,12.2,12.58,1.05,13.25,13.63,WWMH,,INUS,Otaki,OSM00766,1978
1779084.255,5488262.3795,13010826,KWWN000576,Wastewater,1.66,2.03,1.07,2.73,3.1,WWMH,,INUS,Otaki,OSM00109,1978
1780526.128,5486331.9175,13010827,KWWN000368,Wastewater,6.01,6.38,1.05,7.06,7.43,WWMH,,INUS,Otaki,OSM00266,1977
1769951.689,5473952.1125,13010828,KWWN000864,Wastewater,0.54,0.9,1.65,2.19,2.55,WWMH,,INUS,Waikanae,WSM00883,1979
1779026.157,5487462.3475,13010829,KWWN000213,Wastewater,4.08,4.45,1.11,5.19,5.56,WWMH,,INUS,Otaki,OSM00139,1978
1780540.439,5486572.8155,13010830,KWWN000353,Wastewater,4.88,5.25,1.3,6.18,6.55,WWMH,,INUS,Otaki,OSM00238,1978
1769542.475,5473477.3825,13010831,KWWN000910,Wastewater,2.08,2.44,1.34,3.42,3.78,WWMH,,INUS,Waikanae,WSM00934,1992
1769973.388,5474106.0625,13010832,KWWN000928,Wastewater,0.88,1.24,1.42,2.3,2.65,WWMH,,INUS,Waikanae,WSM01020,1979
1780674.785,5485225.6955,13010833,KWWN000063,Wastewater,7.58,7.95,1.72,9.3,9.67,WWMH,,INUS,Otaki,OSM00332,1978
1769868.709,5473238.5025,13010834,KWWN000877,Wastewater,16.24,16.59,2.1,18.34,18.7,WWMH,,INUS,Waikanae,WSM00898,1976
1781984.257,5485586.4255,13010835,KWWN000743,Wastewater,9.3,9.68,3.07,12.37,12.75,WWMH,,INUS,Otaki,OSM00547,1978
1769745.121,5473108.4325,13010836,KWWN000872,Wastewater,5.54,5.9,2.18,7.72,8.08,WWMH,,INUS,Waikanae,WSM00893,1985
1778467.796,5487475.9055,13010837,KWWN000455,Wastewater,1.67,2.04,1.46,3.13,3.5,WWMH,,INUS,Otaki,OSM00089,1979
1780461.206,5485929.6245,13010838,KWWN000255,Wastewater,6.24,6.61,1.95,8.19,8.56,WWMH,,INUS,Otaki,OSM00723,1979
1775196.995,5474012.1005,13010839,KWWN000937,Wastewater,53.21,53.56,1.34,54.55,54.9,WWMH,,INUS,Waikanae,WSM00006,1978
1778796.419,5487275.8915,13010840,KWWN000198,Wastewater,2.27,2.64,1.58,3.85,4.22,WWMH,,INUS,Otaki,OSM00101,1978
1778629.107,5487528.3015,13010841,KWWN000171,Wastewater,0.13,0.5,2.4,2.53,2.9,WWMH,,INUS,Otaki,OSM00193,1979
1775029.612,5473691.2975,13010842,KWWN000977,Wastewater,51.7,52.05,1.41,53.11,53.47,WWMH,,INUS,Waikanae,WSM00045,1978
1781940.238,5485315.8235,13010843,KWWN000514,Wastewater,9.79,10.17,3.53,13.32,13.7,WWMH,,INUS,Otaki,OSM00806,1978
1775175.322,5473937.5965,13010844,KWWN000935,Wastewater,59.24,59.59,0.3,59.54,59.89,WWMH,,INUS,Waikanae,WSM00004,1978
1778692.649,5488107.1215,13010845,KWWN000478,Wastewater,1.09,1.46,2.2,3.29,3.66,WWMH,,INUS,Otaki,OSM00677,1978
1780842.946,5485419.0505,13010846,KWWN000247,Wastewater,8,8.37,0.78,8.77,9.14,WWMH,,INUS,Otaki,OSM00590,1978
1778833.752,5487655.8965,13010847,KWWN000218,Wastewater,1.28,1.66,1.24,2.52,2.9,WWMH,,INUS,Otaki,OSM00686,1978
1782497.671,5485922.8515,13010848,KWWN000760,Wastewater,24.76,25.14,1.35,26.11,26.49,WWMH,,INUS,Otaki,OSM00430,1978
1769269.326,5473613.1335,13010849,KWWN000830,Wastewater,2.85,3.21,1.92,4.77,5.13,WWMH,,INUS,Waikanae,WSM00847,1975
1770013.879,5474136.9765,13010850,KWWN000930,Wastewater,4.98,5.34,1.86,6.84,7.2,WWMH,,INUS,Waikanae,WSM01023,1979
1778127.281,5486997.8205,13010851,KWWN000016,Wastewater,2.18,2.55,1.06,3.24,3.61,WWMH,,INUS,Otaki,OSM00700,1977
1780197.598,5486460.2165,13010852,KWWN000137,Wastewater,4,4.37,1.33,5.33,5.7,WWMH,,INUS,Otaki,OSM00205,1977
1769648.374,5473286.3155,13010853,KWWN000888,Wastewater,4.9,5.25,1.13,6.03,6.38,WWMH,,INUS,Waikanae,WSM00910,1985
1782059.173,5485661.9015,13010854,KWWN000735,Wastewater,9.51,9.89,2.75,12.26,12.64,WWMH,,INUS,Otaki,OSM00454,1978
1779683.545,5486349.3205,13010855,KWWN000130,Wastewater,1.96,2.33,2.8,4.76,5.13,WWMH,,INUS,Otaki,OSM00201,1977
1775101.752,5473516.1555,13010856,KWWN000987,Wastewater,70.16,70.51,1.5,71.66,72.01,WWMH,,INUS,Waikanae,WSM00069,1978
1780796.32,5486638.6195,13010857,KWWN000383,Wastewater,5.34,5.71,1.92,7.26,7.63,WWMH,,INUS,Otaki,OSM00652,1977
1780611.376,5485830.3355,13010858,KWWN000228,Wastewater,6.83,7.2,1.71,8.54,8.91,WWMH,,INUS,Otaki,OSM00309,1979
1775040.715,5473439.1275,13010859,KWWN000985,Wastewater,70.84,71.19,1.57,72.41,72.76,WWMH,,INUS,Waikanae,WSM00067,1978
1775125.983,5473637.4615,13010860,KWWN000541,Wastewater,64.11,64.46,1.49,65.6,65.95,WWMH,,INUS,Waikanae,WSM00052,1978
1769745.377,5473266.4245,13010861,KWWN000891,Wastewater,3.48,3.84,2.46,5.94,6.3,WWMH,,INUS,Waikanae,WSM00913,1976
1775098.781,5473942.9205,13010862,KWWN000948,Wastewater,49.16,49.52,2.6,51.76,52.12,WWMH,,INUS,Waikanae,WSM00017,1978
1775032.812,5473842.0075,13010863,KWWN000962,Wastewater,47.59,47.95,1.25,48.84,49.2,WWMH,,INUS,Waikanae,WSM00031,1978
1783031.753,5485533.1615,13010864,KWWN000816,Wastewater,34.49,34.87,1.93,36.42,36.8,WWMH,,INUS,Otaki,OSM00510,1979
1782322.981,5485023.4235,13010865,KWWN000506,Wastewater,13.38,13.76,2.39,15.77,16.15,WWMH,,INUS,Otaki,OSM00490,1979
1780040.291,5486420.0545,13010866,KWWN000142,Wastewater,3.82,4.19,1.55,5.37,5.74,WWMH,,INUS,Otaki,OSM00749,1977
1778949.459,5488135.6005,13010867,KWWN000613,Wastewater,1.48,1.86,1.1,2.58,2.96,WWMH,,INUS,Otaki,OSM00671,1978
1766638.005,5468206.0265,13010868,KWWN001047,Wastewater,11.68,12.03,0.61,12.29,12.64,WWMH,,INUS,Paraparaumu,PSM00061,1978
1780269.352,5485975.8995,13010869,KWWN000104,Wastewater,4.49,4.86,1.57,6.06,6.43,WWMH,,INUS,Otaki,OSM00284,1978
1779309.392,5488253.9795,13010870,KWWN000635,Wastewater,2.95,3.32,1.27,4.22,4.59,WWMH,,INUS,Otaki,OSM00120,1978
1769929.607,5473374.1495,13010871,KWWN000902,Wastewater,6.3,6.66,1.49,7.79,8.15,WWMH,,INUS,Waikanae,WSM00926,1979
1778961.124,5487971.7765,13010872,KWWN000428,Wastewater,1.2,1.57,1.5,2.7,3.07,WWMH,,INUS,Otaki,OSM00715,1978
1779730.478,5486391.0635,13010873,KWWN000133,Wastewater,3.28,3.65,1.43,4.71,5.08,WWMH,,INUS,Otaki,OSM00745,1977
1779013.096,5487554.1945,13010874,KWWN000187,Wastewater,2.63,3,1.68,4.31,4.68,WWMH,,INUS,Otaki,OSM00064,1978
1780839.55,5485664.7015,13010875,KWWN000235,Wastewater,6.47,6.84,2.95,9.42,9.79,WWMH,,INUS,Otaki,OSM00316,1977
1780394.561,5485978.1795,13010876,KWWN000157,Wastewater,4.62,4.99,3.05,7.67,8.04,WWMH,,INUS,Otaki,OSM00279,1977
1778185.906,5486968.7215,13010877,KWWN000013,Wastewater,1.4,1.77,1.34,2.74,3.11,WWMH,,INUS,Otaki,OSM00191,1977
1778792.191,5487664.6925,13010878,KWWN000191,Wastewater,0.96,1.33,2.25,3.21,3.58,WWMH,,INUS,Otaki,OSM00079,1978
1781534.592,5486002.2055,13010879,KWWN000687,Wastewater,6.96,7.34,2.78,9.75,10.12,WWMH,,INUS,Otaki,OSM00358,1978
1780732.182,5486330.8955,13010880,KWWN000363,Wastewater,5.61,5.98,2.37,7.98,8.35,WWMH,,INUS,Otaki,OSM00257,1977
1781093.554,5484769.6365,13010881,KWWN000085,Wastewater,9.58,9.96,2.85,12.43,12.81,WWMH,,INUS,Otaki,OSM00567,1977
1778063.365,5486716.7305,13010882,KWWN000005,Wastewater,-0.04,0.33,1.32,1.28,1.65,WWMH,,INUS,Otaki,OSM00148,1977
1775101.297,5473664.2275,13010883,KWWN000543,Wastewater,62.29,62.64,1.8,64.09,64.44,WWMH,,INUS,Waikanae,WSM00054,1978
1779289.468,5488072.7935,13010884,KWWN000582,Wastewater,4.15,4.52,2.2,6.35,6.72,WWMH,,INUS,Otaki,OSM00115,1978
1780913.501,5485378.7265,13010885,KWWN000094,Wastewater,8.6,8.97,3,11.6,11.97,WWMH,,INUS,Otaki,OSM00595,1978
1774945.442,5473705.0645,13010886,KWWN000966,Wastewater,36.08,36.43,1.33,37.41,37.76,WWMH,,INUS,Waikanae,WSM00035,1978
1780809.318,5486302.5135,13010887,KWWN000361,Wastewater,5.89,6.26,2.43,8.32,8.69,WWMH,,INUS,Otaki,OSM00255,1977
1778863.074,5487639.0145,13010888,KWWN000219,Wastewater,1.45,1.82,1.34,2.79,3.16,WWMH,,INUS,Otaki,OSM00687,1978
1780404.814,5486256.3095,13010889,KWWN000149,Wastewater,4.87,5.24,1.77,6.64,7.01,WWMH,,INUS,Otaki,OSM00271,1977
1782993.233,5484985.5235,13010890,KWWN000534,Wastewater,14.39,14.77,2.4,16.79,17.17,WWMH,,INUS,Otaki,OSM00492,1978
1782508.497,5485855.4295,13010891,KWWN000759,Wastewater,24.49,24.86,2.23,26.72,27.09,WWMH,,INUS,Otaki,OSM00429,1978
1781307.329,5485912.0575,13010892,KWWN000291,Wastewater,7.35,7.73,2.54,9.89,10.27,WWMH,,INUS,Otaki,OSM00366,1978
1782479.2,5485346.8815,13010893,KWWN000519,Wastewater,12.8,13.18,1.61,14.41,14.79,WWMH,,INUS,Otaki,OSM00465,1978
1782579.342,5486047.2805,13010894,KWWN000790,Wastewater,26.04,26.42,1.72,27.76,28.14,WWMH,,INUS,Otaki,OSM00534,1978
1778885.363,5487826.2095,13010895,KWWN000459,Wastewater,1.87,2.25,1.05,2.92,3.3,WWMH,,INUS,Otaki,OSM00689,1978
1778884.951,5488367.6365,13010896,KWWN000605,Wastewater,0.25,0.63,2.12,2.37,2.75,WWMH,,INUS,Otaki,OSM00663,1978
1782787.317,5485598.9995,13010897,KWWN000775,Wastewater,30.68,31.06,1.3,31.98,32.36,WWMH,,INUS,Otaki,OSM00474,1991
1781104.448,5486355.9735,13010898,KWWN000406,Wastewater,5.27,5.64,1.5,6.77,7.14,WWMH,,INUS,Otaki,OSM00350,1977
1780703.031,5486444.5345,13010899,KWWN000384,Wastewater,4.71,5.08,2.56,7.27,7.64,WWMH,,INUS,Otaki,OSM00719,1976
1778625.98,5488015.5175,13010900,KWWN000479,Wastewater,3.36,3.73,1.03,4.39,4.76,WWMH,,INUS,Otaki,OSM00678,1978
1779030.91,5488290.3215,13010901,KWWN000575,Wastewater,1.16,1.53,1.65,2.81,3.18,WWMH,,INUS,Otaki,OSM00108,1978
1781716.878,5486367.2335,13010902,KWWN000754,Wastewater,15.69,16.07,,,,WWMH,,INUS,Otaki,OSM00638,1975
1778620.12,5487817.1835,13010903,KWWN000436,Wastewater,1.18,1.55,1.85,3.03,3.4,WWMH,,INUS,Otaki,OSM00068,1978
1780689.518,5486255.1995,13010904,KWWN000148,Wastewater,6.68,7.05,1.33,8.01,8.38,WWMH,,INUS,Otaki,OSM00263,1977
1780920.138,5485169.5705,13010905,KWWN000083,Wastewater,6.58,6.95,3.03,9.6,9.98,WWMH,,INUS,Otaki,OSM00425,1977
1781569.335,5485208.6515,13010906,KWWN000660,Wastewater,11.68,12.06,1.02,12.7,13.08,WWMH,,INUS,Otaki,OSM00399,1978
1775230.339,5474050.2805,13010907,KWWN000939,Wastewater,56.28,56.63,1.16,57.44,57.79,WWMH,,INUS,Waikanae,WSM00008,1989
1779020.099,5487767.3005,13010908,KWWN000210,Wastewater,2.96,3.33,1.97,4.93,5.3,WWMH,,INUS,Otaki,OSM00136,1978
1778329.367,5487528.8245,13010909,KWWN000178,Wastewater,3.96,4.33,1.4,5.36,5.73,WWMH,,INUS,Otaki,OSM00683,1979
1766887.018,5467632.3035,13010910,KWWN001049,Wastewater,0.54,0.89,3.86,4.4,4.75,WWMH,,INUS,Paraparaumu,PSM00064,1977
1775150.093,5473773.1005,13010911,KWWN000967,Wastewater,65.6,65.95,0.55,66.15,66.5,WWMH,,INUS,Waikanae,WSM00036,1978
1775154.171,5473594.4645,13010912,KWWN000539,Wastewater,70.72,71.08,1.1,71.82,72.18,WWMH,,INUS,Waikanae,WSM00050,1978
1782824.058,5485455.6515,13010913,KWWN000782,Wastewater,,,,,,WWMH,,INUS,Otaki,OSM00481,1979
1781897.807,5485468.0965,13010914,KWWN000727,Wastewater,8.48,8.86,3.85,12.33,12.71,WWMH,,INUS,Otaki,OSM00417,1978
1778663.443,5486389.4255,13010915,KWWN000046,Wastewater,0.6,0.97,1.63,2.23,2.6,WWMH,,INUS,Otaki,OSM00160,1977
1780314.515,5485937.1965,13010916,KWWN000102,Wastewater,4.57,4.94,1.65,6.22,6.59,WWMH,,INUS,Otaki,OSM00282,1978
1766789.362,5468332.3395,13010917,KWWN001045,Wastewater,1.85,2.2,2.72,4.57,4.92,WWMH,,INUS,Paraparaumu,PSM00058,1978
1781180.5,5485982.4145,13010918,KWWN000325,Wastewater,,,,,,WWMH,,INUS,Otaki,OSM00816,1979
1782787.059,5485509.6115,13010919,KWWN000779,Wastewater,29.8,30.18,1.88,31.68,32.06,WWMH,,INUS,Otaki,OSM00478,1991
1783016.137,5485027.8565,13010920,KWWN000665,Wastewater,14.69,15.07,2.54,17.23,17.61,WWMH,,INUS,Otaki,OSM00493,1977
1781577.079,5485193.5035,13010921,KWWN000661,Wastewater,11.85,12.22,1.05,12.9,13.28,WWMH,,INUS,Otaki,OSM00400,1978
1780930.361,5485948.0925,13010922,KWWN000269,Wastewater,7.66,8.03,2,9.66,10.03,WWMH,,INUS,Otaki,OSM00302,1977
1778214.268,5487353.9665,13010923,KWWN000424,Wastewater,2.85,3.22,1.95,4.8,5.17,WWMH,,INUS,Otaki,OSM00633,1978
1779365.385,5488234.9075,13010924,KWWN000637,Wastewater,3.18,3.55,1.02,4.2,4.57,WWMH,,INUS,Otaki,OSM00123,1978
1782532.77,5485883.7915,13010925,KWWN000758,Wastewater,24.68,25.06,2.5,27.18,27.56,WWMH,,INUS,Otaki,OSM00428,1978
1780782.323,5485499.6875,13010926,KWWN000160,Wastewater,7.46,7.83,1.19,8.65,9.03,WWMH,,INUS,Otaki,OSM00291,1978
1780293.872,5485826.3685,13010927,KWWN000117,Wastewater,4.16,4.54,2.33,6.49,6.87,WWMH,,INUS,Otaki,OSM00763,1979
1781845.453,5486009.8625,13010928,KWWN000700,Wastewater,7.46,7.84,2.2,9.66,10.04,WWMH,,INUS,Otaki,OSM00518,1989
1780314.283,5486473.6685,13010929,KWWN000139,Wastewater,3.29,3.66,2.38,5.67,6.04,WWMH,,INUS,Otaki,OSM00207,1977
1779076.283,5487981.8975,13010930,KWWN000586,Wastewater,2.1,2.47,1.3,3.4,3.77,WWMH,,INUS,Otaki,OSM00126,1978
1781378.403,5485240.1315,13010931,KWWN000500,Wastewater,9.91,10.29,1.92,11.83,12.21,WWMH,,INUS,Otaki,OSM00573,1978
1781194.683,5486334.3425,13010932,KWWN000411,Wastewater,5.67,6.04,0.75,6.42,6.79,WWMH,,INUS,Otaki,OSM00618,1978
1783057.263,5485613.5135,13010933,KWWN000818,Wastewater,36.32,36.7,1.4,37.72,38.1,WWMH,,INUS,Otaki,OSM00512,1979
1775148.892,5474081.1785,13010934,KWWN000933,Wastewater,43.02,43.37,2.15,45.17,45.52,WWMH,,INUS,Waikanae,WSM00002,1989
1781971.251,5485382.3095,13010935,KWWN000512,Wastewater,9.3,9.68,3.7,13,13.38,WWMH,,INUS,Otaki,OSM00804,1978
1781764.614,5485866.1705,13010936,KWWN000690,Wastewater,8.02,8.4,2.91,10.93,11.31,WWMH,,INUS,Otaki,OSM00361,1989
1780845.072,5485155.7695,13010937,KWWN000059,Wastewater,5.6,5.98,4.1,9.7,10.08,WWMH,,INUS,Otaki,OSM00576,1977
1779021.752,5488628.0775,13010938,KWWN000486,Wastewater,-0.15,0.22,3.1,2.95,3.32,WWMH,,INUS,Otaki,OSM00005,1978
1778708.055,5487502.4695,13010939,KWWN000172,Wastewater,-0.09,0.28,2.95,2.86,3.23,WWMH,,INUS,Otaki,OSM00194,1978
1778013.932,5486723.1105,13010940,KWWN000004,Wastewater,0.25,0.62,1.64,1.89,2.26,WWMH,,INUS,Otaki,OSM00146,1977
1778110.518,5486787.4465,13010941,KWWN000006,Wastewater,-1.18,-0.81,3.89,2.71,3.08,WWMH,,INUS,Otaki,OSM00149,1977
1781919.539,5485444.1645,13010942,KWWN000750,Wastewater,8.61,8.99,3.83,12.44,12.82,WWMH,,INUS,Otaki,OSM00800,1978
1781274.056,5485829.9915,13010943,KWWN000309,Wastewater,7.76,8.13,2.48,10.24,10.61,WWMH,,INUS,Otaki,OSM00546,1978
1783277.045,5485834.0055,13010944,KWWN000825,Wastewater,41.23,41.61,1.33,42.56,42.94,WWMH,,INUS,Otaki,OSM00730,1979
1781801.076,5485267.7615,13010945,KWWN000493,Wastewater,10.76,11.14,3.16,13.92,14.3,WWMH,,INUS,Otaki,OSM00421,1978
1780531.698,5486427.1445,13010946,KWWN000374,Wastewater,3.82,4.19,2.8,6.62,6.99,WWMH,,INUS,Otaki,OSM00622,1977
1779259.849,5488523.5705,13010947,KWWN000550,Wastewater,1.79,2.16,2.3,4.09,4.46,WWMH,,INUS,Otaki,OSM00013,1978
1780802.538,5485636.6595,13010948,KWWN000234,Wastewater,6.23,6.6,3.15,9.38,9.75,WWMH,,INUS,Otaki,OSM00315,1977
1769843.163,5473481.6255,13010949,KWWN000922,Wastewater,0.95,1.3,2.49,3.44,3.79,WWMH,,INUS,Waikanae,WSM00946,1987
1780554.424,5486869.2805,13010950,KWWN000335,Wastewater,4.75,5.12,1.25,6,6.37,WWMH,,INUS,Otaki,OSM00215,1977
1779198.992,5487916.4915,13010951,KWWN000205,Wastewater,12.27,12.64,1.09,13.36,13.73,WWMH,,INUS,Otaki,OSM00131,1978
1779023.534,5488089.7305,13010952,KWWN000611,Wastewater,1.05,1.43,1.55,2.6,2.98,WWMH,,INUS,Otaki,OSM00669,1978
1769664.461,5473863.6235,13010953,KWWN000858,Wastewater,0.03,0.38,1.83,1.85,2.21,WWMH,,INUS,Waikanae,WSM00876,1973
1781187.253,5486330.9105,13010954,KWWN000412,Wastewater,5.6,5.97,1.05,6.65,7.02,WWMH,,INUS,Otaki,OSM00619,1977
1781819.638,5485261.1795,13010955,KWWN000494,Wastewater,9.96,10.34,3.94,13.9,14.28,WWMH,,INUS,Otaki,OSM00422,1978
1775077.34,5473777.9935,13010956,KWWN000973,Wastewater,57.31,57.66,1.45,58.76,59.11,WWMH,,INUS,Waikanae,WSM00041,1978
1782010.05,5485711.7665,13010957,KWWN000731,Wastewater,10.2,10.58,1.76,11.96,12.34,WWMH,,INUS,Otaki,OSM00450,1978
1782543.455,5485692.4795,13010958,KWWN000785,Wastewater,26.13,26.51,1.33,27.46,27.84,WWMH,,INUS,Otaki,OSM00529,1978
1778693.226,5488260.2865,13010959,KWWN000476,Wastewater,4,4.37,2.32,6.32,6.69,WWMH,,INUS,Otaki,OSM00180,1978
1781340.542,5485994.0845,13010960,KWWN000289,Wastewater,6.99,7.37,2.35,9.34,9.72,WWMH,,INUS,Otaki,OSM00364,1978
1778973.932,5487376.5095,13010961,KWWN000462,Wastewater,3.33,3.7,0.93,4.26,4.63,WWMH,,INUS,Otaki,OSM00694,1978
1775070.015,5473892.8895,13010962,KWWN000955,Wastewater,50.83,51.18,1.3,52.13,52.48,WWMH,,INUS,Waikanae,WSM00024,1978
1769972.103,5474107.9925,13010963,KWWN000927,Wastewater,1.07,1.43,1.23,2.3,2.66,WWMH,,INUS,Waikanae,WSM01019,1979
1780924.985,5485573.4535,13010964,KWWN000276,Wastewater,8.44,8.81,1.84,10.28,10.65,WWMH,,INUS,Otaki,OSM00322,1978
1780572.21,5485620.2385,13010965,KWWN000263,Wastewater,5.12,5.49,3.05,8.17,8.54,WWMH,,INUS,Otaki,OSM00778,1978
1774671.741,5473651.7935,13010966,KWWN000996,Wastewater,26.42,26.77,2.55,28.97,29.32,WWMH,,INUS,Waikanae,SSMH B2,2020
1781859.483,5486121.1175,13010967,KWWN000708,Wastewater,14,14.37,1.21,15.21,15.58,WWMH,,INUS,Otaki,OSM00608,1978
1779256.378,5488454.3245,13010968,KWWN000601,Wastewater,1.73,2.1,3.63,5.36,5.73,WWMH,,INUS,Otaki,OSM00658,1978
1781657.652,5486304.1685,13010969,KWWN000756,Wastewater,,,,,,WWMH,,INUS,Otaki,OSM00640,1975
1769377.968,5473774.1665,13010970,KWWN000838,Wastewater,3.96,4.32,2.08,6.04,6.4,WWMH,,INUS,Waikanae,WSM00855,1974
1779667.161,5486170.9365,13010971,KWWN000101,Wastewater,1.6,1.97,2.17,3.77,4.14,WWMH,,INUS,Otaki,OSM00748,1977
1769880.939,5473884.1935,13010972,KWWN000851,Wastewater,1.55,1.91,0.7,2.25,2.61,WWMH,,INUS,Waikanae,WSM00869,1975
1780785.468,5485794.7915,13010973,KWWN000258,Wastewater,6.65,7.02,2.42,9.07,9.44,WWMH,,INUS,Otaki,OSM00757,1977
1783210.897,5485708.2945,13010974,KWWN000819,Wastewater,39.56,39.94,1.63,41.19,41.57,WWMH,,INUS,Otaki,OSM00513,1979
1780792.972,5486032.0605,13010975,KWWN000162,Wastewater,7.5,7.87,1.56,9.06,9.43,WWMH,,INUS,Otaki,OSM00293,1976
1778483.221,5486434.8395,13010976,KWWN000044,Wastewater,-0.39,-0.02,2.06,1.67,2.04,WWMH,,INUS,Otaki,OSM00158,1977
1779265.059,5488444.2845,13010977,KWWN000600,Wastewater,2.96,3.33,2.87,5.83,6.2,WWMH,,INUS,Otaki,OSM00657,1978
1778957.71,5487289.7335,13010978,KWWN000201,Wastewater,2.47,2.84,0.78,3.25,3.62,WWMH,,INUS,Otaki,OSM00105,1978
1780652.17,5485886.8605,13010979,KWWN000260,Wastewater,7.44,7.81,0.95,8.39,8.76,WWMH,,INUS,Otaki,OSM00759,1979
1782816.749,5486078.9855,13010980,KWWN000787,Wastewater,29.09,29.47,2.14,31.23,31.61,WWMH,,INUS,Otaki,OSM00531,1978
1766813.276,5467658.0565,13010981,KWWN001050,Wastewater,0.19,0.54,3.34,3.53,3.88,WWMH,,INUS,Paraparaumu,PSM00065,1977
1780747.608,5486769.1705,13010982,KWWN000378,Wastewater,3.07,3.44,3.43,6.5,6.87,WWMH,,INUS,Otaki,OSM00647,1976
1778877.686,5487331.9965,13010983,KWWN000461,Wastewater,5.31,5.68,0.85,6.16,6.53,WWMH,,INUS,Otaki,OSM00693,1979
1779224.445,5488255.6395,13010984,KWWN000620,Wastewater,3.97,4.34,0.83,4.8,5.17,WWMH,,INUS,Otaki,OSM00739,2015
1781160.057,5485251.7245,13010985,KWWN000078,Wastewater,7.8,8.17,3.71,11.51,11.88,WWMH,,INUS,Otaki,OSM00402,1978
1780857.223,5485778.5305,13010986,KWWN000281,Wastewater,8.18,8.56,1.05,9.23,9.61,WWMH,,INUS,Otaki,OSM00340,1978
1779218.414,5488062.1845,13010987,KWWN000580,Wastewater,6.52,6.89,1.06,7.58,7.95,WWMH,,INUS,Otaki,OSM00113,1978
1780637.152,5486136.6005,13010988,KWWN000250,Wastewater,6.42,6.79,1.64,8.06,8.43,WWMH,,INUS,Otaki,OSM00600,1976
1780883.146,5485814.0425,13010989,KWWN000315,Wastewater,7.47,7.84,1.5,8.97,9.34,WWMH,,INUS,Otaki,OSM00598,1978
1780535.011,5485872.2395,13010990,KWWN000222,Wastewater,6.98,7.35,1.52,8.5,8.87,WWMH,,INUS,Otaki,OSM00299,1977
1779351.905,5488415.5625,13010991,KWWN000628,Wastewater,1.61,1.98,2.05,3.66,4.03,WWMH,,INUS,Otaki,OSM00022,1978
1781682.206,5486362.3945,13010992,KWWN000755,Wastewater,13.75,14.13,0.31,14.06,14.44,WWMH,,INUS,Otaki,OSM00639,1975
1778566.175,5486303.0985,13010993,KWWN000047,Wastewater,0.91,1.28,1.39,2.3,2.67,WWMH,,INUS,Otaki,OSM00163,1978
1769690.054,5473530.4485,13010994,KWWN000917,Wastewater,-0.03,0.33,2.54,2.51,2.87,WWMH,,INUS,Waikanae,WSM00941,1990
1781080.696,5485551.4605,13010995,KWWN000304,Wastewater,10,10.37,0.8,10.8,11.17,WWMH,,INUS,Otaki,OSM00387,1978
1782828.812,5486039.4775,13010996,KWWN000797,Wastewater,30.79,31.17,1.3,32.09,32.47,WWMH,,INUS,Otaki,OSM00644,1978
1780739.438,5486054.4925,13010997,KWWN000163,Wastewater,7.17,7.54,1.6,8.77,9.14,WWMH,,INUS,Otaki,OSM00294,1976
1778759.238,5487602.4375,13010998,KWWN000446,Wastewater,0.65,1.02,2.64,3.29,3.66,WWMH,,INUS,Otaki,OSM00080,1979
1780503.579,5485918.1435,13010999,KWWN000224,Wastewater,6.65,7.02,1.69,8.34,8.71,WWMH,,INUS,Otaki,OSM00301,1977
1781718.858,5486367.5135,13011000,KWWN000753,Wastewater,16.32,16.7,,,,WWMH,,INUS,Otaki,OSM00637,1975
1769336.478,5473668.7045,13011001,KWWN000836,Wastewater,5.05,5.41,0.98,6.03,6.39,WWMH,,INUS,Waikanae,WSM00853,1974
1774985.476,5473839.7635,13011002,KWWN000958,Wastewater,37.35,37.7,2.65,40,40.35,WWMH,,INUS,Waikanae,WSM00027,1971
1781036.372,5486073.3035,13011003,KWWN000284,Wastewater,7.2,7.57,1.04,8.24,8.61,WWMH,,INUS,Otaki,OSM00344,1983
1780769.586,5486487.5275,13011004,KWWN000357,Wastewater,6.74,7.11,0.9,7.64,8.01,WWMH,,INUS,Otaki,OSM00242,1977
1778085.278,5487100.8785,13011005,KWWN000014,Wastewater,2.21,2.58,2.4,4.61,4.98,WWMH,,INUS,Otaki,OSM00636,1978
1780655.549,5486587.9675,13011006,KWWN000349,Wastewater,5.63,6,1.3,6.93,7.3,WWMH,,INUS,Otaki,OSM00234,1977
1781792.108,5486014.8035,13011007,KWWN000696,Wastewater,8.51,8.89,1.13,9.64,10.02,WWMH,,INUS,Otaki,OSM00514,1989
1778828.842,5488262.2635,13011008,KWWN000561,Wastewater,-0.65,-0.28,3.02,2.37,2.74,WWMH,,INUS,Otaki,OSM00036,1978
1780449.822,5485761.5415,13011009,KWWN000262,Wastewater,5.64,6.01,1.63,7.27,7.64,WWMH,,INUS,Otaki,OSM00761,1978
1781493.694,5485169.3425,13011010,KWWN000502,Wastewater,11.49,11.87,1,12.49,12.87,WWMH,,INUS,Otaki,OSM00765,1978
1778743.977,5487743.1975,13011011,KWWN000444,Wastewater,1.28,1.65,1.08,2.36,2.73,WWMH,,INUS,Otaki,OSM00076,1978
1779278.949,5488360.0375,13011012,KWWN000604,Wastewater,2.92,3.29,1.18,4.1,4.47,WWMH,,INUS,Otaki,OSM00661,1978
1780248.168,5485602.4485,13011013,KWWN000113,Wastewater,3.88,4.26,2.95,6.83,7.21,WWMH,,INUS,Otaki,OSM00725,1978
1780966.634,5485922.2805,13011014,KWWN000270,Wastewater,8.71,9.08,1.05,9.76,10.13,WWMH,,INUS,Otaki,OSM00303,1977
1780930.267,5485733.9755,13011015,KWWN000273,Wastewater,6.9,7.27,2.94,9.84,10.21,WWMH,,INUS,Otaki,OSM00317,1977
1780773.795,5486412.2625,13011016,KWWN000360,Wastewater,5.37,5.74,2.65,8.02,8.39,WWMH,,INUS,Otaki,OSM00251,1977
1778765.23,5487795.2715,13011017,KWWN000434,Wastewater,0.07,0.44,3.23,3.3,3.67,WWMH,,INUS,Otaki,OSM00062,1978
1782885.473,5485837.1995,13011018,KWWN000774,Wastewater,32.33,32.71,2.36,34.69,35.07,WWMH,,INUS,Otaki,OSM00444,1978
1769323.488,5473542.1435,13011019,KWWN000831,Wastewater,1.59,1.94,0.96,2.55,2.9,WWMH,,INUS,Waikanae,WSM00848,1975
1779214.595,5488221.8905,13011020,KWWN000588,Wastewater,3.71,4.08,1.15,4.86,5.23,WWMH,,INUS,Otaki,OSM00141,1978
1780136.518,5485659.1845,13011021,KWWN000121,Wastewater,6.18,6.55,0.95,7.13,7.5,WWMH,,INUS,Otaki,OSM00783,1976
1781102.008,5485208.6255,13011022,KWWN000079,Wastewater,7.58,7.95,3.09,10.67,11.04,WWMH,,INUS,Otaki,OSM00403,1977
1778913.489,5487729.3505,13011023,KWWN000189,Wastewater,1.22,1.59,1.24,2.46,2.83,WWMH,,INUS,Otaki,OSM00066,1978
1780970.671,5486464.1865,13011024,KWWN000418,Wastewater,3.98,4.35,2.4,6.38,6.75,WWMH,,INUS,Otaki,OSM00722,1977
1778552.715,5487756.9185,13011025,KWWN000442,Wastewater,1.99,2.36,1.22,3.21,3.58,WWMH,,INUS,Otaki,OSM00074,1978
1781614.303,5485955.4005,13011026,KWWN000688,Wastewater,7.38,7.76,2.77,10.15,10.53,WWMH,,INUS,Otaki,OSM00359,1978
1778982.388,5488544.1105,13011027,KWWN000552,Wastewater,1.38,1.75,2.17,3.55,3.92,WWMH,,INUS,Otaki,OSM00023,1978
1769597.537,5473555.5305,13011028,KWWN000913,Wastewater,1.2,1.55,1.51,2.71,3.06,WWMH,,INUS,Waikanae,WSM00937,1990
1779135.238,5488303.6625,13011029,KWWN000489,Wastewater,4.68,5.05,1.28,5.96,6.33,WWMH,,INUS,Otaki,OSM00008,1978
1781673.636,5485250.3295,13011030,KWWN000498,Wastewater,11.97,12.35,1.05,13.02,13.4,WWCE,,INUS,Otaki,OSM00543,1978
1778097.478,5486958.0375,13011031,KWWN000015,Wastewater,0.9,1.27,2.6,3.5,3.87,WWMH,,INUS,Otaki,OSM00699,1977
1778725.744,5486069.8025,13011032,KWWN000032,Wastewater,1.31,1.68,1.78,3.09,3.46,WWMH,,INUS,Otaki,OSM00709,1978
1781349.13,5484980.2335,13011033,KWWN000097,Wastewater,11.5,11.88,1.3,12.8,13.18,WWMH,,INUS,Otaki,OSM00790,1978
1769230.785,5473663.5735,13011034,KWWN000829,Wastewater,3.76,4.12,2.14,5.9,6.26,WWMH,,INUS,Waikanae,WSM00846,1975
1781588.678,5485299.4925,13011035,KWWN000652,Wastewater,10.76,11.14,1.83,12.59,12.97,WWMH,,INUS,Otaki,OSM00380,1977
1775161.132,5473557.8425,13011036,KWWN000978,Wastewater,71.44,71.79,3.25,74.69,75.04,WWMH,,INUS,Waikanae,WSM00059,1978
1779166.861,5488038.3025,13011037,KWWN000609,Wastewater,6.41,6.78,0.84,7.25,7.62,WWMH,,INUS,Otaki,OSM00667,1978
1775116.098,5473931.9715,13011038,KWWN000947,Wastewater,52.76,53.12,1.7,54.46,54.82,WWMH,,INUS,Waikanae,WSM00016,1978
1769772.073,5473885.9055,13011039,KWWN000855,Wastewater,0.91,1.27,1.46,2.37,2.73,WWMH,,INUS,Waikanae,WSM00873,1975
1778324.802,5486562.2395,13011040,KWWN000051,Wastewater,0.24,0.61,1.77,2.01,2.38,WWMH,,INUS,Otaki,OSM00188,1977
1780553.421,5486575.4355,13011041,KWWN000352,Wastewater,5,5.37,1.29,6.29,6.66,WWMH,,INUS,Otaki,OSM00237,1978
1780406.506,5485544.6135,13011042,KWWN000241,Wastewater,4.4,4.77,3.29,7.69,8.06,WWMH,,INUS,Otaki,OSM00580,1978
1781711.007,5485611.7225,13011043,KWWN000720,Wastewater,9.28,9.66,2.37,11.65,12.03,WWMH,,PRV,Otaki,OSM00824,1979
1781701.029,5485322.0165,13011044,KWWN000497,Wastewater,12.04,12.42,1.17,13.21,13.59,WWMH,,INUS,Otaki,OSM00542,1978
1778766.701,5488145.7095,13011045,KWWN000471,Wastewater,-0.66,-0.29,3.04,2.38,2.75,WWMH,,INUS,Otaki,OSM00038,1978
1780723.503,5486496.4295,13011046,KWWN000355,Wastewater,5.42,5.79,1.75,7.17,7.54,WWMH,,INUS,Otaki,OSM00240,1976
1780318.511,5485630.7415,13011047,KWWN000114,Wastewater,4.68,5.05,2.39,7.07,7.45,WWMH,,INUS,Otaki,OSM00727,1978
1782861.969,5485070.0875,13011048,KWWN000525,Wastewater,13.33,13.71,2.75,16.07,16.45,WWMH,,INUS,Otaki,OSM00471,1978
1778172.175,5487268.5305,13011049,KWWN000425,Wastewater,2.76,3.13,2.05,4.81,5.18,WWMH,,INUS,Otaki,OSM00634,1978
1780819.977,5486204.9145,13011050,KWWN000267,Wastewater,7.11,7.48,1.5,8.61,8.98,WWMH,,INUS,Otaki,OSM00835,1979
1769807.052,5473333.1275,13011051,KWWN000893,Wastewater,,,,,,WWMH,,INUS,Waikanae,WSM00915,1976
1774729.852,5473202.3215,13011052,KWWN001148,Wastewater,56.21,56.57,1.53,57.74,58.1,WWMH,,INUS,Waikanae,WSM00152,1978
1773126.101,5473162.3145,13011053,KWWN001457,Wastewater,16.43,16.78,2.43,18.86,19.21,WWMH,,INUS,Waikanae,WSM00478,1978
1774909.82,5473090.7355,13011054,KWWN001138,Wastewater,80.19,80.54,0.79,80.98,81.33,WWMH,,INUS,Waikanae,WSM00142,1978
1770532.894,5474473.2735,13011055,KWWN001925,Wastewater,19.39,19.75,4.35,23.74,24.1,WWMH,,INUS,Waikanae,WSM01095,1974
1774415.945,5473216.8695,13011056,KWWN001271,Wastewater,27.45,27.8,2.16,29.61,29.96,WWMH,,INUS,Waikanae,WSM00276,1978
1772674.244,5475411.7445,13011057,KWWN001465,Wastewater,0.73,1.09,3.36,4.09,4.45,WWMH,,INUS,Waikanae,WSM00486,1978
1770990.302,5474799.4435,13011058,KWWN001962,Wastewater,-1.22,-0.86,4.79,3.57,3.92,WWMH,,INUS,Waikanae,WSM01132,1974
1773820.161,5472364.9815,13011059,KWWN001530,Wastewater,23.09,23.44,1.19,24.28,24.63,WWMH,,INUS,Waikanae,WSM00551,1979
1770440.275,5474224.5195,13011060,KWWN001870,Wastewater,0.52,0.88,1.97,2.49,2.85,WWMH,,INUS,Waikanae,WSM01039,1974
1774975.527,5473598.2995,13011061,KWWN001112,Wastewater,48.36,48.72,1.47,49.83,50.19,WWMH,,INUS,Waikanae,WSM00114,1978
1773977.172,5472866.2455,13011062,KWWN001306,Wastewater,28.06,28.42,0.87,28.93,29.29,WWMH,,INUS,Waikanae,WSM00327,1973
1770575.452,5474446.0045,13011063,KWWN001929,Wastewater,1.7,2.06,1.5,3.2,3.56,WWMH,,INUS,Waikanae,WSM01099,1974
1774611.38,5472279.7995,13011064,KWWN001170,Wastewater,37.62,37.97,1.64,39.26,39.61,WWMH,,INUS,Waikanae,WSM00174,1988
1772269.961,5472827.6855,13011065,KWWN001653,Wastewater,7.38,7.74,2.9,10.28,10.64,WWMH,,INUS,Waikanae,WSM00714,1978
1770292.41,5473679.4515,13011066,KWWN001811,Wastewater,6.26,6.62,1.58,7.84,8.2,WWMH,,INUS,Waikanae,WSM00973,1979
1773602.27,5472601.2395,13011067,KWWN001547,Wastewater,18.01,18.37,3.36,21.37,21.73,WWMH,,INUS,Waikanae,WSM00568,1979
1774369.292,5473632.2125,13011068,KWWN001366,Wastewater,20.48,20.83,1.59,22.07,22.42,WWMH,,INUS,Waikanae,WSM00387,1988
1773982.986,5473914.4495,13011069,KWWN001438,Wastewater,17.25,17.6,1.08,18.33,18.68,WWMH,,INUS,Waikanae,WSM00459,1988
1767587.518,5467635.9375,13011070,KWWN002106,Wastewater,9.99,10.34,1.11,11.1,11.45,WWMH,,INUS,Paraparaumu,PSM00044,1977
1767916.112,5467696.9345,13011071,KWWN001061,Wastewater,5.19,5.54,1.5,6.69,7.04,WWMH,,INUS,Paraparaumu,PSM00082,1992
1772155.139,5473136.4415,13011072,KWWN001684,Wastewater,5.83,6.19,2.17,8,8.36,WWMH,,INUS,Waikanae,WSM00745,1978
1770561.094,5474462.7115,13011073,KWWN001928,Wastewater,1.9,2.25,1.5,3.4,3.75,WWMH,,INUS,Waikanae,WSM01098,1974
1773308.642,5472329.5195,13011074,KWWN001558,Wastewater,19.28,19.63,1.73,21.01,21.36,WWMH,,INUS,Waikanae,WSM00579,1979
1770940.998,5474111.9865,13011075,KWWN001903,Wastewater,-0.52,-0.16,3.04,2.53,2.88,WWMH,,INUS,Waikanae,WSM01072,1974
1770120.861,5473722.9185,13011076,KWWN001815,Wastewater,-0.51,-0.15,2.87,2.37,2.72,WWMH,,INUS,Waikanae,WSM00977,1979
1773793.637,5472854.0905,13011077,KWWN001577,Wastewater,19.23,19.59,1.72,20.95,21.31,WWMH,,INUS,Waikanae,WSM00637,1979
1770438.766,5474332.0315,13011078,KWWN001865,Wastewater,0.52,0.88,2.37,2.89,3.25,WWMH,,INUS,Waikanae,WSM01034,1974
1774235.802,5473149.7975,13011079,KWWN001322,Wastewater,26.03,26.38,2.52,28.55,28.9,WWMH,,INUS,Waikanae,WSM00343,1979
1770311.969,5474228.3485,13011080,KWWN001874,Wastewater,-0.08,0.27,2.56,2.48,2.83,WWMH,,INUS,Waikanae,WSM01043,1974
1771706.814,5475558.1425,13011081,KWWN002000,Wastewater,2,2.36,1.62,3.62,3.98,WWMH,,INUS,Waikanae,WSM01171,1979
1774805.734,5473451.8775,13011082,KWWN001179,Wastewater,53.16,53.52,1.54,54.71,55.06,WWMH,,INUS,Waikanae,WSM00183,1988
1771660.863,5473447.2685,13011083,KWWN001754,Wastewater,1.22,1.57,3,4.22,4.58,WWMH,,INUS,Waikanae,WSM00815,1978
1771798.956,5473266.5045,13011084,KWWN001710,Wastewater,2.5,2.86,4.17,6.67,7.03,WWMH,,INUS,Waikanae,WSM00771,1978
1773384.046,5473045.6665,13011085,KWWN001511,Wastewater,19.8,20.15,2.25,22.05,22.4,WWMH,,INUS,Waikanae,WSM00532,1979
1771254.75,5474848.8755,13011086,KWWN001970,Wastewater,4.83,5.19,1.73,6.56,6.92,WWMH,,INUS,Waikanae,WSM01140,1974
1774356.912,5473247.0735,13011087,KWWN001272,Wastewater,25.98,26.33,1.7,27.68,28.03,WWMH,,INUS,Waikanae,WSM00277,1978
1770830.592,5474295.1235,13011088,KWWN001922,Wastewater,1.98,2.33,1.67,3.65,4,WWMH,,INUS,Waikanae,WSM01092,1974
1771373.605,5474798.5345,13011089,KWWN001912,Wastewater,1.8,2.16,1.24,3.04,3.4,WWMH,,INUS,Waikanae,WSM01082,1974
1771513.957,5473281.2645,13011090,KWWN001737,Wastewater,2.03,2.38,3.23,5.25,5.61,WWMH,,INUS,Waikanae,WSM00798,1978
1775026.083,5473414.7795,13011091,KWWN001081,Wastewater,69.6,69.95,1.85,71.45,71.8,WWMH,,INUS,Waikanae,WSM00083,1978
1774156.09,5472711.3405,13011092,KWWN001240,Wastewater,29.8,30.15,3,32.8,33.15,WWMH,,INUS,Waikanae,WSM00245,1978
1774852.172,5473655.2495,13011093,KWWN001125,Wastewater,35.58,35.93,1.73,37.31,37.66,WWMH,,INUS,Waikanae,WSM00129,1971
1774200.904,5472971.0055,13011094,KWWN001245,Wastewater,26.72,27.07,3.28,30,30.35,WWMH,,INUS,Waikanae,WSM00250,1978
1773862.813,5473033.5745,13011095,KWWN001506,Wastewater,25.28,25.64,2.24,27.52,27.88,WWMH,,INUS,Waikanae,WSM01323,1979
1773522.45,5474849.3645,13011096,KWWN001455,Wastewater,3.51,3.87,2.73,6.24,6.6,WWMH,,INUS,Waikanae,WSM00476,1978
1773075.821,5473353.2415,13011097,KWWN001494,Wastewater,14.36,14.71,2.78,17.14,17.49,WWMH,,INUS,Waikanae,WSM00515,1988
1774566.368,5472861.2935,13011098,KWWN001181,Wastewater,45.19,45.54,4.02,49.21,49.56,WWMH,,INUS,Waikanae,WSM00185,1978
1771791.127,5475683.4085,13011099,KWWN001989,Wastewater,2.23,2.59,1.9,4.13,4.49,WWMH,,INUS,Waikanae,WSM01159,1990
1770328.176,5474059.2415,13011100,KWWN001877,Wastewater,-0.77,-0.41,3.06,2.29,2.65,WWMH,,INUS,Waikanae,WSM01046,1974
1773249.243,5475153.2775,13011101,KWWN001575,Wastewater,2.34,2.7,2.72,5.06,5.42,WWMH,,INUS,Waikanae,WSM00634,1979
1770287.015,5473554.1735,13011102,KWWN001802,Wastewater,12.64,12.99,1.65,14.29,14.64,WWMH,,INUS,Waikanae,WSM00964,1979
1772543.185,5472908.2435,13011103,KWWN001670,Wastewater,9.95,10.3,2.02,11.96,12.32,WWMH,,INUS,Waikanae,WSM00731,1978
1774753.056,5472530.4445,13011104,KWWN001201,Wastewater,55.17,55.52,1.54,56.71,57.06,WWMH,,INUS,Waikanae,WSM00205,1988
1773483.538,5473043.2695,13011105,KWWN001510,Wastewater,20.58,20.94,2.05,22.63,22.99,WWMH,,INUS,Waikanae,WSM00531,1979
1773886.133,5472452.7295,13011106,KWWN001525,Wastewater,,,,,,WWMH,,INUS,Waikanae,WSM00546,1979
1774905.937,5473357.0465,13011107,KWWN001101,Wastewater,56.19,56.54,2.54,58.73,59.08,WWMH,,INUS,Waikanae,WSM00103,1978
1773985.274,5472995.6695,13011108,KWWN001315,Wastewater,26.84,27.19,2.08,28.92,29.27,WWMH,,INUS,Waikanae,WSM00336,1979
1774528.79,5472957.4165,13011109,KWWN001158,Wastewater,,,1.6,,,WWMH,,INUS,Waikanae,WSM00162,1978
1770614.805,5473904.3945,13011110,KWWN001838,Wastewater,8.4,8.75,1.88,10.28,10.63,WWMH,,INUS,Waikanae,WSM01001,1979
1771222.047,5474758.0005,13011111,KWWN001968,Wastewater,2.58,2.94,1.04,3.63,3.98,WWMH,,INUS,Waikanae,WSM01138,1974
1774880.997,5473311.3585,13011112,KWWN001100,Wastewater,61.65,62,1,62.65,63,WWMH,,INUS,Waikanae,WSM00102,1978
1773250.927,5472685.1515,13011113,KWWN001563,Wastewater,15.09,15.44,3.12,18.21,18.56,WWMH,,INUS,Waikanae,WSM00622,1979
1774664.395,5473250.1735,13011114,KWWN001276,Wastewater,49.27,49.63,1.31,50.58,50.94,WWMH,,INUS,Waikanae,WSM00282,1978
1774458.855,5473140.7415,13011115,KWWN001259,Wastewater,35.34,35.69,1.4,36.74,37.09,WWMH,,INUS,Waikanae,WSM00264,1978
1773655.424,5472473.4555,13011116,KWWN001542,Wastewater,19.64,20,3.27,22.91,23.27,WWMH,,INUS,Waikanae,WSM00563,1979
1774368.046,5473619.8805,13011117,KWWN001150,Wastewater,20.55,20.9,1.97,22.52,22.87,WWMH,,INUS,Waikanae,WSM00154,1988
1772405.931,5472734.0985,13011118,KWWN001650,Wastewater,9.43,9.79,3.62,13.05,13.41,WWMH,,INUS,Waikanae,WSM00711,1978
1773635.35,5472523.0625,13011119,KWWN001543,Wastewater,19.21,19.56,2.46,21.66,22.02,WWMH,,INUS,Waikanae,WSM00564,1979
1772266.626,5473386.7275,13011120,KWWN001740,Wastewater,5.87,6.23,2.51,8.38,8.74,WWMH,,INUS,Waikanae,WSM00801,1978
1774653.274,5472838.0995,13011121,KWWN001289,Wastewater,53.16,53.52,1.54,54.71,55.06,WWMH,,INUS,Waikanae,WSM00310,1989
1772848.737,5475346.9255,13011122,KWWN001463,Wastewater,1.18,1.54,2.72,3.9,4.26,WWMH,,INUS,Waikanae,WSM00484,1978
1770608.246,5474174.1285,13011123,KWWN001890,Wastewater,1.38,1.74,1.47,2.85,3.21,WWMH,,INUS,Waikanae,WSM01059,1974
1772403.031,5472730.7715,13011124,KWWN001649,Wastewater,9.46,9.81,3.58,13.04,13.39,WWMH,,INUS,Waikanae,WSM00710,1978
1774624.887,5472203.1465,13011125,KWWN001169,Wastewater,38.13,38.48,2.86,40.99,41.34,WWMH,,INUS,Waikanae,WSM00173,1986
1773073.98,5472499.3445,13011126,KWWN001018,Wastewater,14.2,14.55,4.01,18.22,18.57,WWMH,,INUS,Waikanae,WSM00597,1979
1774087.455,5473828.7035,13011127,KWWN001373,Wastewater,18.2,18.55,1.87,20.07,20.42,WWMH,,INUS,Waikanae,WSM00394,1988
1770564.894,5474611.1715,13011128,KWWN001932,Wastewater,0.03,0.39,2.15,2.18,2.54,WWMH,,INUS,Waikanae,WSM01102,1974
1773189.337,5473513.4205,13011129,KWWN001486,Wastewater,15.47,15.82,1.32,16.79,17.14,WWMH,,INUS,Waikanae,WSM00507,1979
1774339.146,5473579.2205,13011130,KWWN001363,Wastewater,20.99,21.34,2.47,23.46,23.81,WWMH,,INUS,Waikanae,WSM00384,1988
1773402.0,5472371.5495,13011131,KWWN001550,Wastewater,18.95,19.31,2.17,21.12,21.48,WWMH,,INUS,Waikanae,WSM00571,1979
1770518.255,5473694.9475,13011132,KWWN001826,Wastewater,12.44,12.8,1.83,14.27,14.63,WWMH,,INUS,Waikanae,WSM00989,1979
1774847.621,5473264.2115,13011133,KWWN001098,Wastewater,63.56,63.92,0.8,64.36,64.72,WWMH,,INUS,Waikanae,WSM00100,1978
1771065.56,5473249.3585,13011134,KWWN001725,Wastewater,1.53,1.89,1.89,3.42,3.78,WWMH,,INUS,Waikanae,WSM00786,1978
1772542.987,5472862.3795,13011135,KWWN001669,Wastewater,10.29,10.65,2.17,12.46,12.82,WWMH,,INUS,Waikanae,WSM00730,1978
1774631.459,5472845.4615,13011136,KWWN001180,Wastewater,51.51,51.86,1.8,53.31,53.66,WWMH,,INUS,Waikanae,WSM00184,1979
1773643.533,5472615.8265,13011137,KWWN001546,Wastewater,19.7,20.05,2.09,21.79,22.14,WWMH,,INUS,Waikanae,WSM00567,1979
1772058.781,5472905.6275,13011138,KWWN001638,Wastewater,4.8,5.16,4.46,9.26,9.62,WWMH,,INUS,Waikanae,WSM00699,1978
1774724.432,5472656.5935,13011139,KWWN001215,Wastewater,54.7,55.05,0.99,55.69,56.04,WWMH,,INUS,Waikanae,WSM00219,1978
1770594.824,5473940.5925,13011140,KWWN001843,Wastewater,5.65,6.01,1,6.65,7.01,WWMH,,INUS,Waikanae,WSM01006,1979
1773267.966,5473305.0705,13011141,KWWN001364,Wastewater,17.34,17.69,1.9,19.24,19.59,WWMH,,INUS,Waikanae,WSM00385,1979
1771090.882,5474875.3375,13011142,KWWN001975,Wastewater,0.58,0.93,3.02,3.59,3.95,WWMH,,INUS,Waikanae,WSM01145,1974
1774992.933,5473476.7605,13011143,KWWN001102,Wastewater,62.86,63.22,0.89,63.75,64.11,WWMH,,INUS,Waikanae,WSM00104,1978
1770076.151,5474113.6835,13011144,KWWN001855,Wastewater,0.31,0.67,2.18,2.49,2.85,WWMH,,INUS,Waikanae,WSM01022,1979
1771896.092,5475422.7305,13011145,KWWN001995,Wastewater,4.19,4.55,1.14,5.33,5.69,WWMH,,INUS,Waikanae,WSM01166,1986
1773901.649,5473032.6985,13011146,KWWN001345,Wastewater,24.8,25.15,3.2,28,28.35,WWMH,,INUS,Waikanae,WSM00366,1979
1773823.863,5472577.2555,13011147,KWWN001534,Wastewater,20.51,20.87,1.69,22.2,22.56,WWMH,,INUS,Waikanae,WSM00555,1979
1773154.338,5472644.3105,13011148,KWWN001561,Wastewater,15.87,16.22,1.93,17.8,18.15,WWMH,,INUS,Waikanae,WSM00620,1979
1773906.143,5472973.6775,13011149,KWWN001343,Wastewater,25.39,25.74,3.14,28.53,28.88,WWMH,,INUS,Waikanae,WSM00364,1979
1772008.712,5473270.8185,13011150,KWWN001713,Wastewater,4.93,5.29,2.12,7.05,7.41,WWMH,,INUS,Waikanae,WSM00774,1978
1771816.543,5473248.0205,13011151,KWWN001709,Wastewater,6.22,6.58,0.55,6.77,7.13,WWMH,,INUS,Waikanae,WSM00770,1978
1774770.757,5473001.5515,13011152,KWWN001144,Wastewater,65.03,65.39,3.83,68.86,69.22,WWMH,,INUS,Waikanae,WSM00148,1978
1770373.411,5474001.0525,13011153,KWWN001884,Wastewater,-1.01,-0.65,3.03,2.02,2.38,WWMH,,INUS,Waikanae,WSM01053,1974
1774138.291,5472809.3355,13011154,KWWN001243,Wastewater,27.8,28.15,3.92,31.72,32.07,WWMH,,INUS,Waikanae,WSM00248,1978
1771736.811,5475307.9365,13011155,KWWN002010,Wastewater,3.63,3.99,0.6,4.23,4.59,WWMH,,INUS,Waikanae,WSM01181,1974
1774676.631,5472905.0145,13011156,KWWN001177,Wastewater,56.19,56.55,2.08,58.27,58.63,WWMH,,INUS,Waikanae,WSM00181,1988
1774841.057,5473662.2745,13011157,KWWN001134,Wastewater,34.32,34.67,2.12,36.44,36.79,WWMH,,INUS,Waikanae,WSM00138,1978
1772826.347,5472531.7285,13011158,KWWN001602,Wastewater,14.29,14.64,1.9,16.19,16.54,WWMH,,INUS,Waikanae,WSM00662,1987
1772208.767,5473075.8775,13011159,KWWN001683,Wastewater,6.94,7.3,1.5,8.44,8.8,WWMH,,INUS,Waikanae,WSM00744,1978
1774784.315,5472456.6255,13011160,KWWN001197,Wastewater,56.83,57.19,1.76,58.59,58.95,WWMH,,INUS,Waikanae,WSM00201,1988
1771829.95,5473625.1385,13011161,KWWN001749,Wastewater,2.77,3.13,1.59,4.36,4.72,WWMH,,INUS,Waikanae,WSM00810,1978
1771090.169,5474099.5005,13011162,KWWN001778,Wastewater,-0.43,-0.07,3.4,2.97,3.33,WWMH,,INUS,Waikanae,WSM00841,1979
1772770.851,5472624.6255,13011163,KWWN001604,Wastewater,13.64,13.99,1.52,15.16,15.51,WWMH,,INUS,Waikanae,WSM00664,1978
1771981.495,5473179.5965,13011164,KWWN001695,Wastewater,3.39,3.75,3.9,7.29,7.64,WWMH,,INUS,Waikanae,WSM00756,1978
1773687.024,5473193.3085,13011165,KWWN001384,Wastewater,21.91,22.27,2.2,24.11,24.47,WWMH,,INUS,Waikanae,WSM00405,1979
1772054.504,5472597.9685,13011166,KWWN001626,Wastewater,7.05,7.41,1.88,8.93,9.29,WWMH,,INUS,Waikanae,WSM00687,1978
1774359.748,5473152.7445,13011167,KWWN001268,Wastewater,28.64,29,1.4,30.04,30.39,WWMH,,INUS,Waikanae,WSM00273,1978
1775072.191,5473596.0745,13011168,KWWN001074,Wastewater,59.5,59.85,1.53,61.03,61.38,WWMH,,INUS,Waikanae,WSM00076,1978
1773636.196,5473712.0565,13011169,KWWN001418,Wastewater,16.36,16.72,2.33,18.69,19.05,WWMH,,INUS,Waikanae,WSM00439,1979
1773451.514,5473476.0065,13011170,KWWN001480,Wastewater,18.41,18.76,2.18,20.59,20.94,WWMH,,INUS,Waikanae,WSM00501,1979
1772090.597,5473211.6835,13011171,KWWN001685,Wastewater,5.31,5.67,2.5,7.82,8.17,WWMH,,INUS,Waikanae,WSM00746,1978
1774763.559,5473822.0585,13011172,KWWN001286,Wastewater,24.08,24.43,1.04,25.12,25.47,WWMH,,INUS,Waikanae,WSM00307,1992
1772283.413,5473252.4905,13011173,KWWN001680,Wastewater,7.05,7.41,2.62,9.67,10.03,WWMH,,INUS,Waikanae,WSM00741,1978
1770835.936,5474218.1645,13011174,KWWN001899,Wastewater,2.22,2.58,1.49,3.71,4.07,WWMH,,INUS,Waikanae,WSM01068,1974
1773866.723,5472463.0695,13011175,KWWN001523,Wastewater,,,,,,WWMH,,INUS,Waikanae,WSM00544,1979
1774966.603,5473319.7945,13011176,KWWN001097,Wastewater,61.24,61.59,2.08,63.32,63.67,WWMH,,INUS,Waikanae,WSM00099,1978
1771037.911,5474092.2245,13011177,KWWN001779,Wastewater,-0.4,-0.04,3.22,2.82,3.18,WWMH,,INUS,Waikanae,WSM00842,1980
1774757.534,5472730.9505,13011178,KWWN001217,Wastewater,60.73,61.09,0.43,61.16,61.52,WWMH,,INUS,Waikanae,WSM00221,1978
1772936.159,5473429.1195,13011179,KWWN001782,Wastewater,,,,,,WWMH,,INUS,Waikanae,WSM00845,1979
1774274.656,5472885.2395,13011180,KWWN001189,Wastewater,31.77,32.12,1.07,32.84,33.19,WWMH,,INUS,Waikanae,WSM00193,1978
1773839.128,5472383.7775,13011181,KWWN001529,Wastewater,,,,,,WWMH,,INUS,Waikanae,WSM00550,1979
1773756.234,5473746.6555,13011182,KWWN001414,Wastewater,17.57,17.93,1.31,18.88,19.24,WWMH,,INUS,Waikanae,WSM00435,1979
1767582.645,5467625.7055,13011183,KWWN002107,Wastewater,9.96,10.31,0.78,10.74,11.09,WWMH,,INUS,Paraparaumu,PSM00045,1977
1772037.538,5473347.5555,13011184,KWWN001701,Wastewater,2.79,3.15,4,6.79,7.15,WWMH,,INUS,Waikanae,WSM00762,1978
1771713.974,5475651.7025,13011185,KWWN001991,Wastewater,1.66,2.02,2.24,3.9,4.26,WWMH,,INUS,Waikanae,WSM01162,1990
1771292.923,5473242.8755,13011186,KWWN001728,Wastewater,3.04,3.4,2.12,5.16,5.52,WWMH,,INUS,Waikanae,WSM00789,1978
1770533.815,5474410.7425,13011187,KWWN001934,Wastewater,2.01,2.37,1.64,3.65,4.01,WWMH,,INUS,Waikanae,WSM01104,1974
1774020.235,5472921.5875,13011188,KWWN001312,Wastewater,27.73,28.08,1.49,29.22,29.57,WWMH,,INUS,Waikanae,WSM00333,1973
1771735.142,5475491.2045,13011189,KWWN001998,Wastewater,2.5,2.86,1.35,3.85,4.21,WWMH,,INUS,Waikanae,WSM01169,1978
1774208.443,5473353.8265,13011190,KWWN001326,Wastewater,22.7,23.06,2.69,25.39,25.75,WWMH,,INUS,Waikanae,WSM00347,1979
1774809.45,5473586.5735,13011191,KWWN001123,Wastewater,37.65,38,1.25,38.9,39.25,WWMH,,INUS,Waikanae,WSM00127,1971
1770776.699,5474546.7555,13011192,KWWN001949,Wastewater,0.92,1.28,1.63,2.55,2.91,WWMH,,INUS,Waikanae,WSM01119,1974
1773788.489,5474017.4035,13011193,KWWN001433,Wastewater,14.59,14.95,2.04,16.63,16.99,WWMH,,INUS,Waikanae,WSM00454,1983
1774308.152,5472947.5345,13011194,KWWN001186,Wastewater,33.54,33.89,0.78,34.31,34.66,WWMH,,INUS,Waikanae,WSM00190,1978
1773901.173,5473656.0675,13011195,KWWN001358,Wastewater,18.05,18.41,2.48,20.53,20.89,WWMH,,INUS,Waikanae,WSM00379,1979
1770104.622,5473745.4765,13011196,KWWN001785,Wastewater,-0.27,0.09,2.7,2.43,2.79,WWMH,,INUS,Waikanae,WSM00890,1979
1770152.915,5474284.5055,13011197,KWWN001853,Wastewater,0.06,0.41,2.68,2.74,3.1,WWMH,,INUS,Waikanae,WSM01016,1974
1774296.941,5473677.4535,13011198,KWWN001368,Wastewater,19.91,20.26,1.7,21.61,21.96,WWMH,,INUS,Waikanae,WSM00389,1988
1770106.839,5473441.0785,13011199,KWWN001794,Wastewater,13.26,13.61,2.42,15.68,16.03,WWMH,,INUS,Waikanae,WSM00956,1988
1772966.346,5472749.8225,13011200,KWWN001570,Wastewater,11.68,12.04,2.2,13.88,14.23,WWMH,,INUS,Waikanae,WSM00629,1979
1773200.971,5472747.9935,13011201,KWWN001564,Wastewater,14.6,14.96,2.7,17.3,17.66,WWMH,,INUS,Waikanae,WSM00623,1979
1773666.246,5472896.8395,13011202,KWWN001584,Wastewater,16.82,17.18,3.11,19.93,20.29,WWMH,,INUS,Waikanae,WSM00644,1979
1771021.473,5474691.7185,13011203,KWWN001961,Wastewater,-0.33,0.03,2.78,2.45,2.81,WWMH,,INUS,Waikanae,WSM01131,1974
1774913.269,5472984.1835,13011204,KWWN001136,Wastewater,81.49,81.84,1.73,83.22,83.58,WWMH,,INUS,Waikanae,WSM00140,1978
1771963.29,5473484.1355,13011205,KWWN001747,Wastewater,2.36,2.72,2.95,5.31,5.67,WWMH,,INUS,Waikanae,WSM00808,1978
1772444.196,5472513.5035,13011206,KWWN001616,Wastewater,10.06,10.42,1.85,11.91,12.27,WWMH,,INUS,Waikanae,WSM00677,1978
1771778.956,5475387.2505,13011207,KWWN001994,Wastewater,3.33,3.69,1.15,4.48,4.84,WWMH,,INUS,Waikanae,WSM01165,1986
1773590.786,5473628.1405,13011208,KWWN001404,Wastewater,17.49,17.84,1.9,19.39,19.74,WWMH,,INUS,Waikanae,WSM00425,1979
1773627.227,5473199.3335,13011209,KWWN001498,Wastewater,22.21,22.57,1.53,23.75,24.1,WWMH,,INUS,Waikanae,WSM00519,1979
1774346.376,5473131.0275,13011210,KWWN001267,Wastewater,29.57,29.93,1.11,30.68,31.04,WWMH,,INUS,Waikanae,WSM00272,1978
1773672.083,5474635.1725,13011211,KWWN001453,Wastewater,4.88,5.23,2.96,7.84,8.19,WWMH,,INUS,Waikanae,WSM00474,1978
1772083.522,5473511.8835,13011212,KWWN001745,Wastewater,2.87,3.23,2.88,5.75,6.11,WWMH,,INUS,Waikanae,WSM00806,1978
1770104.088,5473562.4555,13011213,KWWN001789,Wastewater,10.06,10.42,5.05,15.11,15.47,WWMH,,INUS,Waikanae,WSM00951,1979
1770193.032,5473619.0535,13011214,KWWN001806,Wastewater,18.7,19.06,3.48,22.18,22.54,WWMH,,INUS,Waikanae,WSM00968,1979
1771071.944,5474780.6595,13011215,KWWN001982,Wastewater,0.42,0.78,2.45,2.87,3.23,WWMH,,INUS,Waikanae,WSM01152,1974
1775109.045,5474027.5655,13011216,KWWN001416,Wastewater,42.22,42.58,2.7,44.92,45.28,WWMH,,INUS,Waikanae,WSM00437,1978
1771547.402,5473598.7085,13011217,KWWN001765,Wastewater,0.39,0.75,3.76,4.15,4.51,WWMH,,INUS,Waikanae,WSM00826,1979
1772663.147,5473120.4105,13011218,KWWN001596,Wastewater,7.86,8.22,3.21,11.07,11.43,WWMH,,INUS,Waikanae,WSM00656,1978
1766647.837,5468481.2325,13011219,KWWN002110,Wastewater,2.28,2.64,1.17,3.45,3.81,WWMH,,INUS,Paraparaumu,PSM00098,1980
1773987.764,5473601.1895,13011220,KWWN001335,Wastewater,18.9,19.25,2.57,21.47,21.82,WWMH,,INUS,Waikanae,WSM00356,1979
1770245.205,5473585.4665,13011221,KWWN001803,Wastewater,9.25,9.6,1.7,10.95,11.3,WWMH,,INUS,Waikanae,WSM00965,1979
1772532.709,5472969.4685,13011222,KWWN001671,Wastewater,9.9,10.26,1.57,11.47,11.82,WWMH,,INUS,Waikanae,WSM00732,1978
1771157.686,5473148.0235,13011223,KWWN001724,Wastewater,,,2.15,,,WWMH,,INUS,Waikanae,WSM00785,1978
1771612.206,5473572.4835,13011224,KWWN001763,Wastewater,2.32,2.67,1.78,4.09,4.45,WWMH,,INUS,Waikanae,WSM00824,1979
1774306.779,5473260.7005,13011225,KWWN001297,Wastewater,24.69,25.04,2.8,27.49,27.84,WWMH,,INUS,Waikanae,WSM00318,1979
1771790.703,5475845.0945,13011226,KWWN001984,Wastewater,3.99,4.35,1.25,5.24,5.6,WWMH,,INUS,Waikanae,WSM01154,1990
1773885.121,5473342.2875,13011227,KWWN001381,Wastewater,22.16,22.52,1.74,23.9,24.26,WWMH,,INUS,Waikanae,WSM00402,1979
1775040.569,5473179.9655,13011228,KWWN001085,Wastewater,91.04,91.39,0.8,91.84,92.19,WWMH,,INUS,Waikanae,WSM00087,1987
1771531.163,5473552.2945,13011229,KWWN001757,Wastewater,3.08,3.43,1.3,4.38,4.73,WWMH,,INUS,Waikanae,WSM00818,1979
1770235.103,5473746.9315,13011230,KWWN001812,Wastewater,0.57,0.93,2.02,2.59,2.95,WWMH,,INUS,Waikanae,WSM00974,1979
1773387.086,5473155.8105,13011231,KWWN001503,Wastewater,19.08,19.44,1.9,20.98,21.34,WWMH,,INUS,Waikanae,WSM00523,1979
1773054.498,5472368.8365,13011232,KWWN001015,Wastewater,15.74,16.09,2.39,18.13,18.48,WWMH,,INUS,Waikanae,WSM00594,1979
1773982.468,5472863.2295,13011233,KWWN001307,Wastewater,28.01,28.36,0.8,28.81,29.16,WWMH,,INUS,Waikanae,WSM00328,1973
1774908.387,5473641.4225,13011234,KWWN001119,Wastewater,40.65,41,1.57,42.22,42.57,WWMH,,INUS,Waikanae,WSM00121,1971
1772958.134,5472458.8975,13011235,KWWN001199,Wastewater,14.59,14.94,2.74,17.33,17.68,WWMH,,INUS,Waikanae,WSM00203,1988
1770448.675,5474082.9945,13011236,KWWN001881,Wastewater,0.09,0.45,2.95,3.04,3.4,WWMH,,INUS,Waikanae,WSM01050,1974
1772361.712,5473086.3755,13011237,KWWN001677,Wastewater,8.19,8.55,2.43,10.62,10.98,WWMH,,INUS,Waikanae,WSM00738,1978
1774584.416,5473193.6055,13011238,KWWN001251,Wastewater,47.18,47.54,0.57,47.75,48.11,WWMH,,INUS,Waikanae,WSM00256,1978
1770909.937,5474300.8455,13011239,KWWN001955,Wastewater,,,,,,WWMH,,INUS,Waikanae,WSM01125,1974
1773259.519,5473333.6855,13011240,KWWN001972,Wastewater,17.08,17.43,1.93,19.01,19.36,WWMH,,INUS,Waikanae,WSM01142,1979
1771665.567,5475302.4595,13011241,KWWN002012,Wastewater,3.26,3.62,1.78,5.04,5.4,WWMH,,INUS,Waikanae,WSM01183,1974
1773701.664,5472799.6515,13011242,KWWN001580,Wastewater,18.39,18.74,1.9,20.29,20.64,WWMH,,INUS,Waikanae,WSM00640,1979
1773056.398,5473164.2605,13011243,KWWN001518,Wastewater,15.81,16.16,2.5,18.31,18.66,WWMH,,INUS,Waikanae,WSM00539,1979
1770199.546,5474224.2645,13011244,KWWN001854,Wastewater,-0.16,0.19,3.03,2.87,3.22,WWMH,,INUS,Waikanae,WSM01017,1974
1773282.964,5473048.2415,13011245,KWWN001512,Wastewater,18.63,18.98,2.2,20.83,21.18,WWMH,,INUS,Waikanae,WSM00533,1979
1773186.209,5472911.8125,13011246,KWWN001589,Wastewater,14.4,14.76,2.56,16.96,17.32,WWMH,,INUS,Waikanae,WSM00649,1979
1774028.388,5472914.9805,13011247,KWWN001313,Wastewater,27.56,27.92,2.09,29.65,30.01,WWMH,,INUS,Waikanae,WSM00334,1973
1773027.68,5472329.8805,13011248,KWWN001014,Wastewater,16.67,17.02,2.39,19.06,19.41,WWMH,,INUS,Waikanae,WSM00593,1979
1773072.508,5472476.0985,13011249,KWWN001017,Wastewater,14.21,14.56,4.15,18.36,18.71,WWMH,,INUS,Waikanae,WSM00596,1979
1773592.208,5474748.8235,13011250,KWWN001454,Wastewater,4.18,4.53,2.33,6.51,6.86,WWMH,,INUS,Waikanae,WSM00475,1978
1770684.481,5474084.4095,13011251,KWWN001888,Wastewater,0.44,0.8,3.06,3.5,3.86,WWMH,,INUS,Waikanae,WSM01057,1974
1775024.064,5473671.2785,13011252,KWWN001077,Wastewater,51.08,51.43,2.37,53.45,53.8,WWMH,,INUS,Waikanae,WSM00079,1978
1772572.505,5472503.5545,13011253,KWWN001612,Wastewater,11.1,11.46,3.38,14.48,14.84,WWMH,,INUS,Waikanae,WSM00673,1978
1773902.472,5473068.7495,13011254,KWWN001346,Wastewater,24.6,24.95,2.5,27.1,27.45,WWMH,,INUS,Waikanae,WSM00367,1979
1773882.948,5472920.7425,13011255,KWWN001342,Wastewater,25.72,26.07,2.43,28.15,28.5,WWMH,,INUS,Waikanae,WSM00363,1979
1773186.1,5473160.7985,13011256,KWWN001458,Wastewater,17.03,17.39,2.4,19.43,19.79,WWMH,,INUS,Waikanae,WSM00479,1978
1770490.092,5474548.7325,13011257,KWWN001921,Wastewater,0.61,0.97,1.62,2.23,2.59,WWMH,,INUS,Waikanae,WSM01091,1974
1774287.267,5473483.6495,13011258,KWWN001304,Wastewater,21,21.35,3.6,24.59,24.95,WWMH,,INUS,Waikanae,WSM00325,1979
1772802.32,5475393.6405,13011259,KWWN001464,Wastewater,1.01,1.37,4.52,5.53,5.89,WWMH,,INUS,Waikanae,WSM00485,1978
1767661.843,5466502.0445,13011260,KWWN001053,Wastewater,5.44,5.79,1.03,6.47,6.82,WWMH,,INUS,Paraparaumu,PSM00071,1980
1774058.968,5474034.7995,13011261,KWWN001443,Wastewater,15.31,15.66,1.5,16.81,17.16,WWMH,,INUS,Waikanae,WSM00464,1986
1771624.004,5475495.8095,13011262,KWWN002017,Wastewater,1.78,2.13,2.51,4.29,4.64,WWMH,,INUS,Waikanae,WSM01188,1976
1774207.678,5472693.3525,13011263,KWWN001239,Wastewater,30.76,31.11,2.8,33.56,33.91,WWMH,,INUS,Waikanae,WSM00244,1978
1773405.786,5472588.7955,13011264,KWWN001033,Wastewater,18.52,18.88,1.39,19.91,20.27,WWMH,,INUS,Waikanae,WSM00614,1979
1772622.479,5472860.3905,13011265,KWWN001667,Wastewater,10.7,11.06,1.8,12.5,12.86,WWMH,,INUS,Waikanae,WSM00728,1978
1774715.269,5473831.1195,13011266,KWWN001287,Wastewater,23.36,23.71,0.93,24.29,24.64,WWMH,,INUS,Waikanae,WSM00308,1992
1772269.4,5472974.2185,13011267,KWWN001660,Wastewater,6.83,7.18,2.28,9.11,9.46,WWMH,,INUS,Waikanae,WSM00721,1971
1774027.803,5473466.5775,13011268,KWWN001354,Wastewater,21.61,21.96,1.88,23.49,23.84,WWMH,,INUS,Waikanae,WSM00375,1979
1774826.219,5473613.4885,13011269,KWWN001124,Wastewater,36.11,36.46,1.27,37.38,37.73,WWMH,,INUS,Waikanae,WSM00128,1971
1774229.419,5472755.3535,13011270,KWWN001238,Wastewater,31.19,31.54,1.58,32.77,33.12,WWMH,,INUS,Waikanae,WSM00243,1978
1774670.756,5472071.9905,13011271,KWWN001164,Wastewater,40.91,41.27,1.49,42.4,42.76,WWMH,,INUS,Waikanae,WSM00168,1987
1773928.374,5472916.1205,13011272,KWWN001340,Wastewater,,,,,,WWMH,,INUS,Waikanae,WSM00361,1979
1773998.534,5473954.4115,13011273,KWWN001439,Wastewater,16.23,16.58,1.36,17.59,17.94,WWMH,,INUS,Waikanae,WSM00460,1988
1773788.119,5472836.0405,13011274,KWWN001578,Wastewater,19.17,19.52,1.67,20.84,21.19,WWMH,,INUS,Waikanae,WSM00638,1979
1770658.272,5474689.4735,13011275,KWWN001937,Wastewater,-0.32,0.04,2.32,2,2.36,WWMH,,INUS,Waikanae,WSM01107,1974
1774316.025,5472658.8785,13011276,KWWN001236,Wastewater,32.62,32.97,2.25,34.87,35.22,WWMH,,INUS,Waikanae,WSM00241,1978
1774799.751,5473569.6845,13011277,KWWN001122,Wastewater,37.99,38.34,1.38,39.37,39.73,WWMH,,INUS,Waikanae,WSM00126,1974
1773063.916,5472429.1525,13011278,KWWN001016,Wastewater,14.64,15,2.46,17.1,17.46,WWMH,,INUS,Waikanae,WSM00595,1979
1771144.38,5474734.7425,13011279,KWWN001978,Wastewater,,,,,,WWMH,,INUS,Waikanae,WSM01148,1974
1774581.954,5473208.1755,13011280,KWWN001252,Wastewater,46.15,46.5,0.78,46.93,47.28,WWMH,,INUS,Waikanae,WSM00257,1978
1772683.396,5475455.3255,13011281,KWWN001025,Wastewater,0.66,1.02,3.25,3.91,4.27,WWMH,,INUS,Waikanae,WSM00606,1979
1772479.398,5472731.2585,13011282,KWWN001648,Wastewater,10.28,10.64,2.6,12.88,13.24,WWMH,,INUS,Waikanae,WSM00709,1978
1771578.072,5474945.8205,13011283,KWWN001917,Wastewater,1.07,1.43,0.85,1.92,2.28,WWMH,,INUS,Waikanae,WSM01087,1974
1771162.732,5474781.8095,13011284,KWWN001973,Wastewater,1.61,1.97,2.53,4.14,4.5,WWMH,,INUS,Waikanae,WSM01143,1974
1772927.604,5473537.9165,13011285,KWWN001781,Wastewater,15.44,15.8,2.04,17.48,17.84,WWMH,,INUS,Waikanae,WSM00844,1991
1774895.749,5473072.7865,13011286,KWWN001139,Wastewater,78.99,79.34,0.85,79.84,80.19,WWMH,,INUS,Waikanae,WSM00143,1978
1770472.883,5473647.6625,13011287,KWWN001828,Wastewater,8.12,8.48,1.92,10.04,10.4,WWMH,,INUS,Waikanae,WSM00991,1979
1771099.314,5474799.6715,13011288,KWWN001981,Wastewater,1.66,2.02,1.02,2.68,3.04,WWMH,,INUS,Waikanae,WSM01151,1974
1772440.451,5472743.9805,13011289,KWWN001655,Wastewater,9.93,10.29,2.81,12.74,13.1,WWMH,,INUS,Waikanae,WSM00716,1978
1772507.757,5473239.4075,13011290,KWWN001598,Wastewater,,,,,,WWMH,,INUS,Waikanae,WSM00658,1978
1774738.355,5472475.0465,13011291,KWWN001344,Wastewater,49.11,49.47,3.05,52.16,52.52,WWMH,,INUS,Waikanae,WSM00365,1979
1774223.914,5473034.4025,13011292,KWWN001246,Wastewater,26.53,26.88,3.22,29.75,30.1,WWMH,,INUS,Waikanae,WSM00251,1978
1770770.698,5474610.4005,13011293,KWWN001946,Wastewater,0.93,1.28,1.68,2.61,2.96,WWMH,,INUS,Waikanae,WSM01116,1974
1774300.316,5472826.3485,13011294,KWWN001237,Wastewater,31.84,32.19,1.75,33.59,33.94,WWMH,,INUS,Waikanae,WSM00242,1978
1771663.705,5475192.3485,13011295,KWWN002006,Wastewater,4.63,4.98,1.9,6.53,6.88,WWMH,,INUS,Waikanae,WSM01177,1974
1773341.552,5473523.0545,13011296,KWWN001482,Wastewater,17.09,17.45,1.39,18.48,18.84,WWMH,,INUS,Waikanae,WSM00503,1979
1770936.298,5474715.8975,13011297,KWWN001945,Wastewater,1.05,1.41,1.81,2.86,3.22,WWMH,,INUS,Waikanae,WSM01115,1974
1770650.88,5474508.9055,13011298,KWWN001930,Wastewater,0.49,0.84,2.34,2.83,3.19,WWMH,,INUS,Waikanae,WSM01100,1974
1774253.529,5472882.7185,13011299,KWWN001190,Wastewater,30.09,30.45,1.82,31.91,32.27,WWMH,,INUS,Waikanae,WSM00194,1978
1773353.808,5473672.9325,13011300,KWWN001410,Wastewater,16.17,16.52,1.71,17.88,18.23,WWMH,,INUS,Waikanae,WSM00431,1979
1774060.881,5474354.7095,13011301,KWWN001449,Wastewater,10.91,11.26,3.49,14.4,14.75,WWMH,,INUS,Waikanae,WSM00470,1978
1773239.653,5473481.6935,13011302,KWWN001485,Wastewater,15.91,16.26,1.43,17.34,17.69,WWMH,,INUS,Waikanae,WSM00506,1979
1774544.528,5472990.6165,13011303,KWWN001156,Wastewater,46.58,46.93,1.07,47.65,48,WWMH,,INUS,Waikanae,WSM00160,1978
1774955.496,5473302.3415,13011304,KWWN001096,Wastewater,62.06,62.41,1.88,63.94,64.29,WWMH,,INUS,Waikanae,WSM00098,1978
1774957.228,5473075.5075,13011305,KWWN001135,Wastewater,83.7,84.06,1.7,85.4,85.75,WWMH,,INUS,Waikanae,WSM00139,1978
1774666.876,5472173.7645,13011306,KWWN001235,Wastewater,39.31,39.66,1.4,40.71,41.06,WWMH,,INUS,Waikanae,WSM00240,1987
1767953.986,5467671.7875,13011307,KWWN001060,Wastewater,5.58,5.93,1.12,6.7,7.05,WWMH,,INUS,Paraparaumu,PSM00081,1992
1771161.138,5473246.3305,13011308,KWWN001726,Wastewater,0.95,1.31,2.22,3.17,3.53,WWMH,,INUS,Waikanae,WSM00787,1978
1770767.061,5474370.5525,13011309,KWWN001923,Wastewater,1.39,1.74,1.38,2.76,3.12,WWMH,,INUS,Waikanae,WSM01093,1974
1771559.015,5473580.3565,13011310,KWWN001764,Wastewater,2.08,2.43,2.07,4.14,4.5,WWMH,,INUS,Waikanae,WSM00825,1979
1774765.233,5472642.7295,13011311,KWWN001214,Wastewater,58.49,58.84,1.7,60.19,60.54,WWMH,,INUS,Waikanae,WSM00218,1978
1771300.596,5475016.6005,13011312,KWWN001963,Wastewater,2.33,2.69,2.42,4.75,5.11,WWMH,,INUS,Waikanae,WSM01133,1979
1771938.906,5473191.0035,13011313,KWWN001693,Wastewater,4.09,4.45,3.12,7.21,7.57,WWMH,,INUS,Waikanae,WSM00754,1978
1774046.492,5473763.5515,13011314,KWWN001374,Wastewater,17.68,18.03,2.83,20.51,20.86,WWMH,,INUS,Waikanae,WSM00395,1988
1772709.071,5472551.5805,13011315,KWWN001609,Wastewater,11.98,12.34,2.37,14.35,14.71,WWMH,,INUS,Waikanae,WSM00669,1978
1770363.147,5474297.1695,13011316,KWWN001868,Wastewater,1.03,1.39,1.22,2.25,2.61,WWMH,,INUS,Waikanae,WSM01037,1974
1774786.264,5472501.5175,13011317,KWWN001196,Wastewater,58.28,58.63,1.99,60.27,60.62,WWMH,,INUS,Waikanae,WSM00200,1988
1774789.511,5472560.9385,13011318,KWWN001195,Wastewater,60.45,60.8,1.65,62.1,62.45,WWMH,,INUS,Waikanae,WSM00199,1988
1773897.89,5473972.5685,13011319,KWWN001437,Wastewater,13.59,13.94,3.62,17.21,17.56,WWMH,,INUS,Waikanae,WSM00458,1979
1773158.562,5472493.7205,13011320,KWWN001010,Wastewater,14.68,15.03,4.69,19.37,19.72,WWMH,,INUS,Waikanae,WSM00589,1979
1773893.67,5473551.1385,13011321,KWWN001356,Wastewater,19.91,20.27,1.75,21.66,22.02,WWMH,,INUS,Waikanae,WSM00377,1979
1771839.091,5475230.0045,13011322,KWWN002007,Wastewater,5.04,5.4,1.67,6.71,7.07,WWMH,,INUS,Waikanae,WSM01178,1974
1772887.606,5472607.6385,13011323,KWWN001030,Wastewater,13.07,13.42,2.14,15.21,15.56,WWMH,,INUS,Waikanae,WSM00611,1979
1773158.323,5472508.9815,13011324,KWWN001011,Wastewater,14.61,14.96,4.77,19.38,19.73,WWMH,,INUS,Waikanae,WSM00590,1979
1774035.426,5473679.0325,13011325,KWWN001334,Wastewater,19.57,19.93,1.6,21.17,21.53,WWMH,,INUS,Waikanae,WSM00355,1979
1773936.023,5472780.5605,13011326,KWWN001336,Wastewater,27.47,27.82,1.19,28.66,29.01,WWMH,,INUS,Waikanae,WSM00357,1979
1773242.54,5472862.9365,13011327,KWWN001565,Wastewater,15.43,15.78,1.65,17.08,17.43,WWMH,,INUS,Waikanae,WSM00624,1979
1770560.438,5473921.3105,13011328,KWWN001844,Wastewater,2.8,3.16,2.22,5.02,5.38,WWMH,,INUS,Waikanae,WSM01007,1979
1772018.702,5473502.5505,13011329,KWWN001746,Wastewater,2.81,3.17,2.7,5.51,5.87,WWMH,,INUS,Waikanae,WSM00807,1978
1773496.634,5473687.2265,13011330,KWWN001405,Wastewater,16.4,16.75,1.9,18.3,18.66,WWMH,,INUS,Waikanae,WSM00426,1979
1774245.642,5473070.2645,13011331,KWWN001247,Wastewater,26.26,26.62,3.3,29.56,29.92,WWMH,,INUS,Waikanae,WSM00252,1978
1774704.209,5472540.1615,13011332,KWWN001206,Wastewater,45.16,45.51,2.26,47.42,47.77,WWMH,,INUS,Waikanae,WSM00210,1987
1770721.323,5474613.9315,13011333,KWWN001936,Wastewater,1.58,1.94,1.75,3.33,3.69,WWMH,,INUS,Waikanae,WSM01106,1974
1774700.444,5472601.8095,13011334,KWWN001205,Wastewater,49.25,49.6,2.05,51.3,51.65,WWMH,,INUS,Waikanae,WSM00209,1987
1774672.087,5472480.7765,13011335,KWWN001208,Wastewater,38.19,38.55,2.6,40.79,41.15,WWMH,,INUS,Waikanae,WSM00212,1988
1773881.542,5472438.4485,13011336,KWWN001526,Wastewater,,,,,,WWMH,,INUS,Waikanae,WSM00547,1979
1773806.076,5472654.1955,13011337,KWWN001536,Wastewater,20.05,20.41,2.6,22.65,23.01,WWMH,,INUS,Waikanae,WSM00557,1979
1774106.367,5474324.8525,13011338,KWWN001698,Wastewater,11.17,11.52,2.98,14.15,14.5,WWMH,,INUS,Waikanae,WSM00759,1979
1772155.914,5473520.6795,13011339,KWWN001744,Wastewater,3.15,3.5,2.78,5.93,6.28,WWMH,,INUS,Waikanae,WSM00805,1978
1773236.857,5473357.9505,13011340,KWWN001491,Wastewater,16.67,17.02,1.93,18.6,18.95,WWMH,,INUS,Waikanae,WSM00512,1979
1774846.928,5473394.1285,13011341,KWWN001108,Wastewater,50.95,51.3,2.67,53.62,53.97,WWMH,,INUS,Waikanae,WSM00110,1978
1773046.394,5473084.6125,13011342,KWWN001516,Wastewater,16.51,16.87,1.99,18.5,18.86,WWMH,,INUS,Waikanae,WSM00537,1979
1772054.64,5473382.5615,13011343,KWWN001700,Wastewater,5.52,5.87,1.63,7.15,7.5,WWMH,,INUS,Waikanae,WSM00761,1978
1774534.768,5473137.1785,13011344,KWWN001257,Wastewater,44.57,44.92,0.59,45.16,45.51,WWMH,,INUS,Waikanae,WSM00262,1978
1774839.011,5473487.8055,13011345,KWWN001115,Wastewater,46.49,46.84,0.56,47.05,47.4,WWMH,,INUS,Waikanae,WSM00117,1978
1772519.256,5472587.7935,13011346,KWWN001614,Wastewater,11.63,11.98,1.61,13.24,13.59,WWMH,,INUS,Waikanae,WSM00675,1978
1773380.418,5472906.2975,13011347,KWWN001587,Wastewater,15.43,15.79,2.5,17.93,18.29,WWMH,,INUS,Waikanae,WSM00647,1979
1774255.336,5473636.2495,13011348,KWWN001367,Wastewater,20.44,20.8,1.6,22.04,22.4,WWMH,,INUS,Waikanae,WSM00388,1988
1774534.213,5472502.0625,13011349,KWWN001174,Wastewater,33.95,34.3,3.99,37.94,38.29,WWMH,,INUS,Waikanae,WSM00178,1978
1772937.687,5473325.0995,13011350,KWWN001496,Wastewater,13.75,14.1,2.91,16.66,17.01,WWMH,,INUS,Waikanae,WSM00517,1988
1772482.04,5475744.7735,13011351,KWWN001469,Wastewater,-0.05,0.31,2.98,2.93,3.29,WWMH,,INUS,Waikanae,WSM00490,1978
1770155.012,5473483.8845,13011352,KWWN001799,Wastewater,8.95,9.31,3.8,12.75,13.11,WWMH,,INUS,Waikanae,WSM00961,1988
1771626.51,5473792.4685,13011353,KWWN001760,Wastewater,2.09,2.44,1.35,3.44,3.79,WWMH,,INUS,Waikanae,WSM00821,1979
1774897.069,5473635.7745,13011354,KWWN001120,Wastewater,39.84,40.19,1.7,41.54,41.89,WWMH,,INUS,Waikanae,WSM00122,1971
1770858.267,5474127.8475,13011355,KWWN001902,Wastewater,-0.21,0.15,2.92,2.71,3.07,WWMH,,INUS,Waikanae,WSM01071,1974
1770751.462,5474154.7635,13011356,KWWN001891,Wastewater,0.34,0.7,2.51,2.87,3.23,WWMH,,INUS,Waikanae,WSM01060,1974
1773085.341,5472914.0045,13011357,KWWN001590,Wastewater,13.93,14.29,2.25,16.18,16.54,WWMH,,INUS,Waikanae,WSM00650,1979
1774625.472,5472945.1885,13011358,KWWN001152,Wastewater,53.15,53.5,1.42,54.57,54.92,WWMH,,INUS,Waikanae,WSM00156,1993
1773386.784,5472649.0725,13011359,KWWN001034,Wastewater,16.73,17.08,2.46,19.19,19.54,WWMH,,INUS,Waikanae,WSM00615,1979
1773766.198,5474026.2925,13011360,KWWN001431,Wastewater,14.8,15.15,1.66,16.46,16.81,WWMH,,INUS,Waikanae,WSM00452,1983
1775015.76,5473219.2375,13011361,KWWN001087,Wastewater,84.8,85.15,1.27,86.07,86.42,WWMH,,INUS,Waikanae,WSM00089,1987
1773183.33,5473050.7435,13011362,KWWN001514,Wastewater,18.08,18.43,1.64,19.72,20.07,WWMH,,INUS,Waikanae,WSM00535,1979
1773416.673,5473622.8175,13011363,KWWN001408,Wastewater,16.87,17.22,1.61,18.48,18.83,WWMH,,INUS,Waikanae,WSM00429,1979
1773758.038,5473523.2795,13011364,KWWN001402,Wastewater,19.03,19.39,2.15,21.18,21.54,WWMH,,INUS,Waikanae,WSM00423,1979
1774965.038,5473604.8095,13011365,KWWN001113,Wastewater,48.15,48.5,1.77,49.92,50.27,WWMH,,INUS,Waikanae,WSM00115,1971
1771978.825,5473239.0325,13011366,KWWN001714,Wastewater,4.56,4.91,1.83,6.39,6.74,WWMH,,INUS,Waikanae,WSM00775,1978
1770783.837,5474708.1185,13011367,KWWN001939,Wastewater,0.8,1.16,2.05,2.85,3.21,WWMH,,INUS,Waikanae,WSM01109,1974
1774929.558,5473626.8155,13011368,KWWN001118,Wastewater,42.68,43.04,1.98,44.66,45.02,WWMH,,INUS,Waikanae,WSM00120,1971
1773761.778,5472409.7925,13011369,KWWN001531,Wastewater,22.4,22.75,1.83,24.23,24.58,WWMH,,INUS,Waikanae,WSM00552,1979
1770447.173,5473806.8775,13011370,KWWN001832,Wastewater,2.35,2.71,1.63,3.98,4.34,WWMH,,INUS,Waikanae,WSM00995,1979
1774668.18,5472880.9895,13011371,KWWN001178,Wastewater,53.75,54.1,1.86,55.61,55.96,WWMH,,INUS,Waikanae,WSM00182,1989
1772899.531,5473167.6825,13011372,KWWN001520,Wastewater,12.86,13.21,4.29,17.15,17.5,WWMH,,INUS,Waikanae,WSM00541,1979
1767831.548,5467574.0865,13011373,KWWN001063,Wastewater,5.48,5.83,1.25,6.73,7.08,WWMH,,INUS,Paraparaumu,PSM00084,1980
1774694.54,5473298.9015,13011374,KWWN001277,Wastewater,48.23,48.58,2.46,50.69,51.04,WWMH,,INUS,Waikanae,WSM00283,1978
1771090.813,5473126.6755,13011375,KWWN001723,Wastewater,,,,,,WWMH,,INUS,Waikanae,WSM00784,1978
1772148.173,5472586.4625,13011376,KWWN001625,Wastewater,7.08,7.44,2.23,9.31,9.67,WWMH,,INUS,Waikanae,WSM00686,1978
1774855.927,5473661.0835,13011377,KWWN001121,Wastewater,36.33,36.68,1.6,37.93,38.28,WWMH,,INUS,Waikanae,WSM00125,1971
1773986.621,5473367.8125,13011378,KWWN001352,Wastewater,22.35,22.7,1.87,24.22,24.57,WWMH,,INUS,Waikanae,WSM00373,1979
1773577.054,5473749.4735,13011379,KWWN001419,Wastewater,15.96,16.31,2.11,18.07,18.42,WWMH,,INUS,Waikanae,WSM00440,1979
1773012.035,5472511.4835,13011380,KWWN001022,Wastewater,16.36,16.71,1.97,18.33,18.68,WWMH,,INUS,Waikanae,WSM00602,1979
1773042.754,5472506.8875,13011381,KWWN001019,Wastewater,14,14.35,4.1,18.1,18.45,WWMH,,INUS,Waikanae,WSM00598,1979
1774888.027,5472930.7465,13011382,KWWN001137,Wastewater,76.21,76.56,3.82,80.03,80.38,WWMH,,INUS,Waikanae,WSM00141,1978
1767073.567,5469167.4055,13011383,KWWN002109,Wastewater,1.26,1.61,1.06,2.31,2.67,WWMH,,INUS,Paraparaumu,PSM00095,1981
1770577.145,5473877.1705,13011384,KWWN001839,Wastewater,5.29,5.65,1.63,6.92,7.28,WWMH,,INUS,Waikanae,WSM01002,1979
1773951.651,5472810.5815,13011385,KWWN001338,Wastewater,27.03,27.38,1.25,28.28,28.63,WWMH,,INUS,Waikanae,WSM00359,1979
1767233.745,5469090.2165,13011386,KWWN001067,Wastewater,0.95,1.3,2.12,3.06,3.42,WWMH,,INUS,Paraparaumu,PSM00091,1981
1773764.674,5473417.4135,13011387,KWWN001396,Wastewater,20.15,20.51,3.04,23.19,23.55,WWMH,,INUS,Waikanae,WSM00417,1979
1772981.534,5472916.6135,13011388,KWWN001591,Wastewater,12.69,13.05,2.43,15.12,15.48,WWMH,,INUS,Waikanae,WSM00651,1979
1772085.678,5472633.6945,13011389,KWWN001628,Wastewater,6.74,7.1,2.36,9.1,9.46,WWMH,,INUS,Waikanae,WSM00689,1978
1770524.97,5473908.9475,13011390,KWWN001842,Wastewater,1.57,1.93,1.39,2.96,3.32,WWMH,,INUS,Waikanae,WSM01005,1979
1772540.421,5472804.8715,13011391,KWWN001668,Wastewater,11.22,11.58,1.65,12.87,13.23,WWMH,,INUS,Waikanae,WSM00729,1978
1773368.86,5472706.5895,13011392,KWWN001035,Wastewater,16.35,16.7,2.52,18.87,19.22,WWMH,,INUS,Waikanae,WSM00616,1979
1770705.559,5474554.5435,13011393,KWWN001933,Wastewater,0.92,1.27,1.79,2.71,3.06,WWMH,,INUS,Waikanae,WSM01103,1974
1770540.276,5473382.0215,13011394,KWWN001819,Wastewater,5.72,6.07,1.07,6.79,7.14,WWMH,,INUS,Waikanae,WSM00981,1987
1773833.46,5473999.4655,13011395,KWWN001733,Wastewater,14.04,14.4,2.66,16.7,17.06,WWMH,,INUS,Waikanae,WSM00794,1979
1771605.244,5475605.6105,13011396,KWWN002002,Wastewater,1.22,1.58,2.2,3.42,3.78,WWMH,,INUS,Waikanae,WSM01173,1974
1770056.583,5473550.9255,13011397,KWWN001788,Wastewater,4.21,4.57,1.5,5.71,6.07,WWMH,,INUS,Waikanae,WSM00949,1979
1773374.471,5473315.7175,13011398,KWWN001476,Wastewater,18.26,18.62,1.42,19.68,20.04,WWMH,,INUS,Waikanae,WSM00497,1979
1770606.145,5474306.3655,13011399,KWWN001894,Wastewater,1.4,1.76,2.08,3.48,3.84,WWMH,,INUS,Waikanae,WSM01063,1974
1774236.061,5473712.8435,13011400,KWWN001370,Wastewater,19.43,19.79,1.78,21.21,21.57,WWMH,,INUS,Waikanae,WSM00391,1988
1772846.419,5473083.0205,13011401,KWWN001521,Wastewater,10.96,11.31,2.58,13.54,13.89,WWMH,,INUS,Waikanae,WSM00542,1979
1772269.148,5473504.7585,13011402,KWWN001742,Wastewater,3.67,4.03,2.9,6.57,6.93,WWMH,,INUS,Waikanae,WSM00803,1978
1772509.179,5472740.7165,13011403,KWWN001654,Wastewater,10.38,10.74,2.65,13.03,13.39,WWMH,,INUS,Waikanae,WSM00715,1978
1773737.578,5473374.5335,13011404,KWWN001395,Wastewater,20.44,20.8,2.88,23.32,23.68,WWMH,,INUS,Waikanae,WSM00416,1979
1774988.763,5473355.4515,13011405,KWWN001082,Wastewater,,,,,,WWCON,,INUS,Waikanae,WSM00084,1978
1774606.929,5472281.0675,13011406,KWWN001171,Wastewater,34.76,35.12,4.47,39.23,39.59,WWMH,,INUS,Waikanae,WSM00175,1978
1774720.296,5472694.4155,13011407,KWWN001216,Wastewater,54.56,54.91,2.18,56.74,57.09,WWMH,,INUS,Waikanae,WSM00220,1978
1775047.555,5473556.4935,13011408,KWWN001072,Wastewater,60.06,60.41,0.8,60.86,61.21,WWMH,,INUS,Waikanae,WSM00073,1978
1773755.5,5472412.9575,13011409,KWWN001539,Wastewater,21.71,22.07,1.95,23.66,24.02,WWMH,,INUS,Waikanae,WSM00560,1979
1771510.855,5473091.6125,13011410,KWWN001734,Wastewater,2.94,3.3,3.34,6.28,6.64,WWMH,,INUS,Waikanae,WSM00795,1978
1770368.952,5474275.7755,13011411,KWWN001871,Wastewater,0.06,0.42,2.3,2.36,2.72,WWMH,,INUS,Waikanae,WSM01040,1974
1771153.966,5474720.9665,13011412,KWWN001977,Wastewater,1.31,1.67,0.88,2.19,2.55,WWMH,,INUS,Waikanae,WSM01147,1974
1772580.252,5472728.9135,13011413,KWWN001647,Wastewater,11.24,11.6,2.1,13.34,13.7,WWMH,,INUS,Waikanae,WSM00708,1978
1774054.274,5472747.1615,13011414,KWWN001241,Wastewater,28.55,28.91,1.42,29.97,30.33,WWMH,,INUS,Waikanae,WSM00246,1978
1767582.53,5467643.2015,13011415,KWWN002105,Wastewater,9.65,9.99,2.44,12.09,12.44,WWMH,,INUS,Paraparaumu,PSM00043,1977
1773583.628,5473040.6895,13011416,KWWN001509,Wastewater,21.44,21.79,2.07,23.51,23.86,WWMH,,INUS,Waikanae,WSM00530,1979
1770546.89,5474480.2925,13011417,KWWN001927,Wastewater,1.6,1.96,1.8,3.4,3.76,WWMH,,INUS,Waikanae,WSM01097,1974
1772167.998,5472544.1815,13011418,KWWN001624,Wastewater,7.37,7.73,2.23,9.6,9.96,WWMH,,INUS,Waikanae,WSM00685,1978
1772678.123,5472725.0865,13011419,KWWN001646,Wastewater,12.3,12.65,2.09,14.39,14.74,WWMH,,INUS,Waikanae,WSM00707,1978
1771099.733,5474868.3885,13011420,KWWN001974,Wastewater,2.43,2.79,1.18,3.61,3.97,WWMH,,INUS,Waikanae,WSM01144,1974
1770060.77,5473600.8665,13011421,KWWN001791,Wastewater,1.26,1.62,2.1,3.36,3.72,WWMH,,INUS,Waikanae,WSM00953,1979
1773715.191,5472430.2525,13011422,KWWN001540,Wastewater,20.83,21.18,2.63,23.46,23.81,WWMH,,INUS,Waikanae,WSM00561,1979
1767955.72,5466784.6205,13011423,KWWN001055,Wastewater,5.74,6.09,1.48,7.22,7.57,WWMH,,INUS,Paraparaumu,KWWN001055,2017
1770159.714,5473444.2845,13011424,KWWN001795,Wastewater,9.23,9.59,3.24,12.47,12.83,WWMH,,INUS,Waikanae,WSM00957,1988
1772889.677,5472687.1935,13011425,KWWN001032,Wastewater,11.64,12,2.16,13.8,14.16,WWMH,,INUS,Waikanae,WSM00613,1979
1774784.26,5473571.1595,13011426,KWWN001133,Wastewater,36.37,36.72,2.72,39.09,39.44,WWMH,,INUS,Waikanae,WSM00137,1978
1770523.86,5473879.2535,13011427,KWWN001840,Wastewater,1.7,2.06,1.57,3.27,3.63,WWMH,,INUS,Waikanae,WSM01003,1979
1771280.493,5474728.5355,13011428,KWWN001966,Wastewater,4.39,4.75,1.42,5.81,6.17,WWMH,,INUS,Waikanae,WSM01136,1974
1774744.428,5473367.0365,13011429,KWWN001127,Wastewater,49.87,50.22,1.09,50.96,51.31,WWMH,,INUS,Waikanae,WSM00131,1978
1770456.569,5473970.2155,13011430,KWWN001885,Wastewater,1.06,1.42,1.78,2.84,3.2,WWMH,,INUS,Waikanae,WSM01054,1974
1774074.388,5473546.9595,13011431,KWWN001130,Wastewater,19.38,19.73,3.05,22.43,22.78,WWMH,,INUS,Waikanae,WSM00134,1978
1774416.408,5472660.9365,13011432,KWWN001230,Wastewater,,,,,,WWMH,,INUS,Waikanae,WSM00235,1978
1775010.54,5473647.4855,13011433,KWWN001078,Wastewater,49.36,49.72,2,51.36,51.72,WWMH,,INUS,Waikanae,WSM00080,1978
1771619.375,5473724.3575,13011434,KWWN001767,Wastewater,2.45,2.81,1.24,3.69,4.05,WWMH,,INUS,Waikanae,WSM00828,1979
1771341.362,5473967.8045,13011435,KWWN001773,Wastewater,0.02,0.38,3.4,3.42,3.78,WWMH,,INUS,Waikanae,WSM00836,1980
1767966.349,5466821.0665,13011436,KWWN001054,Wastewater,5.22,5.57,1.94,7.16,7.51,WWMH,,INUS,Paraparaumu,PSM00072,1979
1773697.071,5472812.2215,13011437,KWWN001583,Wastewater,17.62,17.97,2.7,20.32,20.67,WWMH,,INUS,Waikanae,WSM00643,1979
1771697.749,5475645.1155,13011438,KWWN001992,Wastewater,1.51,1.86,2.31,3.82,4.17,WWMH,,INUS,Waikanae,WSM01163,1990
1772239.304,5473517.1445,13011439,KWWN001743,Wastewater,3.61,3.96,2.8,6.4,6.76,WWMH,,INUS,Waikanae,WSM00804,1978
1773941.357,5473130.7425,13011440,KWWN001347,Wastewater,24.19,24.55,2.3,26.49,26.85,WWMH,,INUS,Waikanae,WSM00368,1979
1771303.629,5474000.6125,13011441,KWWN001774,Wastewater,-0.13,0.23,3.3,3.17,3.53,WWMH,,INUS,Waikanae,WSM00837,1980
1771914.21,5473465.8785,13011442,KWWN001748,Wastewater,2.23,2.58,3.04,5.27,5.62,WWMH,,INUS,Waikanae,WSM00809,1978
1773641.577,5473984.1575,13011443,KWWN001427,Wastewater,14.35,14.7,2,16.35,16.7,WWMH,,INUS,Waikanae,WSM00448,1979
1774681.298,5473406.5085,13011444,KWWN001129,Wastewater,41.97,42.33,3.11,45.08,45.44,WWMH,,INUS,Waikanae,WSM00133,1978
1774324.052,5474188.8635,13011445,KWWN001294,Wastewater,13.23,13.58,2.81,16.04,16.39,WWMH,,INUS,Waikanae,WSM00315,1978
1770764.287,5474142.1265,13011446,KWWN001892,Wastewater,0.04,0.4,2.58,2.62,2.98,WWMH,,INUS,Waikanae,WSM01061,1974
1774594.801,5473360.6965,13011447,KWWN001279,Wastewater,37.94,38.29,1.87,39.81,40.16,WWMH,,INUS,Waikanae,WSM00285,1978
1773910.948,5474015.9415,13011448,KWWN001441,Wastewater,13.22,13.58,3.6,16.82,17.18,WWMH,,INUS,Waikanae,WSM00462,1979
1770900.088,5474212.7805,13011449,KWWN001905,Wastewater,2.39,2.75,1.4,3.79,4.15,WWMH,,INUS,Waikanae,WSM01074,1974
1774673.73,5473766.3215,13011450,KWWN001288,Wastewater,21.34,21.7,3.04,24.38,24.74,WWMH,,INUS,Waikanae,WSM00309,1978
1774137.707,5474185.8045,13011451,KWWN001447,Wastewater,12.18,12.53,3.44,15.62,15.97,WWMH,,INUS,Waikanae,WSM00468,1979
1772276.985,5472850.1065,13011452,KWWN001658,Wastewater,7.68,8.04,2.83,10.51,10.87,WWMH,,INUS,Waikanae,WSM00719,1978
1770037.429,5473339.0345,13011453,KWWN001787,Wastewater,17.97,18.33,2.24,20.21,20.57,WWMH,,INUS,Waikanae,WSM00917,1975
1774978.453,5473596.4905,13011454,KWWN001080,Wastewater,48.44,48.79,1.72,50.16,50.51,WWMH,,INUS,Waikanae,WSM00082,1978
1773723.426,5473159.1605,13011455,KWWN001385,Wastewater,23.03,23.38,1.92,24.95,25.3,WWMH,,INUS,Waikanae,WSM00406,1979
1771009.27,5474113.5835,13011456,KWWN001911,Wastewater,-0.65,-0.29,3.35,2.7,3.06,WWMH,,INUS,Waikanae,WSM01080,1979
1772057.227,5473098.3295,13011457,KWWN001688,Wastewater,6.01,6.37,1.24,7.25,7.61,WWMH,,INUS,Waikanae,WSM00749,1978
1772120.725,5473333.2485,13011458,KWWN001703,Wastewater,6.93,7.29,1.74,8.67,9.03,WWMH,,INUS,Waikanae,WSM00764,1978
1770829.352,5474660.2255,13011459,KWWN001947,Wastewater,0.71,1.07,1.86,2.57,2.93,WWMH,,INUS,Waikanae,WSM01117,1974
1772346.354,5472771.7825,13011460,KWWN001657,Wastewater,9.3,9.66,2.46,11.76,12.12,WWMH,,INUS,Waikanae,WSM00718,1978
1771510.488,5473236.7075,13011461,KWWN001736,Wastewater,2.29,2.65,3.03,5.32,5.68,WWMH,,INUS,Waikanae,WSM00797,1978
1774573.219,5472687.9105,13011462,KWWN001223,Wastewater,46.8,47.15,0.71,47.51,47.86,WWMH,,INUS,Waikanae,WSM00227,1978
1773375.481,5473376.9825,13011463,KWWN001477,Wastewater,17.62,17.98,1.54,19.16,19.52,WWMH,,INUS,Waikanae,WSM00498,1979
1774809.558,5472757.5805,13011464,KWWN001212,Wastewater,66.69,67.05,0.06,66.75,67.11,WWMH,,INUS,Waikanae,WSM00216,1978
1770412.746,5474498.2405,13011465,KWWN001918,Wastewater,1.48,1.84,1.53,3.01,3.37,WWMH,,INUS,Waikanae,WSM01088,1974
1773981.717,5473194.7105,13011466,KWWN001348,Wastewater,23.82,24.17,2.09,25.91,26.26,WWMH,,INUS,Waikanae,WSM00369,1979
1771325.472,5473243.1955,13011467,KWWN001729,Wastewater,3.95,4.31,1.26,5.21,5.57,WWMH,,INUS,Waikanae,WSM00790,1978
1772124.341,5472762.2965,13011468,KWWN001632,Wastewater,5.69,6.05,3.88,9.57,9.93,WWMH,,INUS,Waikanae,WSM00693,1978
1774581.315,5473118.4375,13011469,KWWN001255,Wastewater,48.72,49.07,0.95,49.67,50.02,WWMH,,INUS,Waikanae,WSM00260,1978
1771538.887,5473807.6535,13011470,KWWN001770,Wastewater,1.26,1.62,2.75,4.01,4.36,WWMH,,INUS,Waikanae,WSM00833,1979
1771683.948,5473291.5755,13011471,KWWN001717,Wastewater,4.6,4.96,1.28,5.88,6.24,WWMH,,INUS,Waikanae,WSM00778,1985
1774699.621,5472473.1365,13011472,KWWN001202,Wastewater,39.58,39.93,1.1,40.68,41.03,WWMH,,INUS,Waikanae,WSM00206,1988
1772887.938,5475351.8545,13011473,KWWN001462,Wastewater,1.29,1.65,2.7,3.99,4.35,WWMH,,INUS,Waikanae,WSM00483,1978
1772160.203,5472952.7505,13011474,KWWN001663,Wastewater,5.62,5.98,3.38,9,9.36,WWMH,,INUS,Waikanae,WSM00724,1978
1774099.491,5472731.9865,13011475,KWWN001242,Wastewater,28.46,28.81,2.24,30.7,31.05,WWMH,,INUS,Waikanae,WSM00247,1978
1770262.273,5474372.8695,13011476,KWWN001848,Wastewater,,,1.9,,,WWMH,,INUS,Waikanae,WSM01011,1974
1772945.24,5472378.3865,13011477,KWWN001023,Wastewater,15.48,15.83,1.4,16.88,17.23,WWMH,,INUS,Waikanae,WSM00604,1987
1774974.35,5473446.2505,13011478,KWWN001103,Wastewater,,,,,,WWMH,,INUS,Waikanae,WSM00105,1978
1773721.499,5473658.7765,13011479,KWWN001435,Wastewater,17.96,18.31,1.69,19.65,20,WWMH,,INUS,Waikanae,WSM00456,1983
1770744.387,5474240.0295,13011480,KWWN001898,Wastewater,0.5,0.86,2.37,2.87,3.23,WWMH,,INUS,Waikanae,WSM01067,1974
1771755.746,5475806.3755,13011481,KWWN001986,Wastewater,3.54,3.9,1.1,4.64,5,WWMH,,INUS,Waikanae,WSM01156,1990
1774450.591,5473269.7855,13011482,KWWN001270,Wastewater,29.77,30.12,0.93,30.7,31.05,WWMH,,INUS,Waikanae,WSM00275,1978
1774245.481,5473217.1845,13011483,KWWN001324,Wastewater,25.04,25.4,2.49,27.53,27.89,WWMH,,INUS,Waikanae,WSM00345,1979
1767460.381,5467677.2375,13011484,KWWN002104,Wastewater,9.47,9.82,1.5,10.97,11.32,WWMH,,INUS,Paraparaumu,PSM00042,1977
1773572.402,5473910.1565,13011485,KWWN001425,Wastewater,14.68,15.04,2.27,16.95,17.3,WWMH,,INUS,Waikanae,WSM00446,1979
1772844.217,5473004.6345,13011486,KWWN001593,Wastewater,10.03,10.39,2.46,12.49,12.85,WWMH,,INUS,Waikanae,WSM00653,1979
1773798.847,5473949.6495,13011487,KWWN001430,Wastewater,13.9,14.25,3.17,17.07,17.42,WWMH,,INUS,Waikanae,WSM00451,1979
1771165.511,5474918.2005,13011488,KWWN001965,Wastewater,1.37,1.73,2.56,3.93,4.29,WWMH,,INUS,Waikanae,WSM01135,1974
1772942.571,5472645.7675,13011489,KWWN001020,Wastewater,15.16,15.52,1.33,16.49,16.85,WWMH,,PRV,Waikanae,WSM00600,1990
1773373.316,5473264.6185,13011490,KWWN001461,Wastewater,18.71,19.06,1.45,20.16,20.51,WWMH,,INUS,Waikanae,WSM00482,1978
1771635.206,5475527.9985,13011491,KWWN001999,Wastewater,2.64,2.99,1.45,4.09,4.44,WWMH,,INUS,Waikanae,WSM01170,1979
1773174.564,5472774.1285,13011492,KWWN001567,Wastewater,14.49,14.84,2.32,16.81,17.16,WWMH,,INUS,Waikanae,WSM00626,1979
1773126.308,5473426.3285,13011493,KWWN001489,Wastewater,14.68,15.03,2.11,16.79,17.14,WWMH,,INUS,Waikanae,WSM00510,1988
1774321.035,5473535.1485,13011494,KWWN001303,Wastewater,21.19,21.55,2.98,24.17,24.53,WWMH,,INUS,Waikanae,WSM00324,1979
1774625.481,5473170.2815,13011495,KWWN001250,Wastewater,51.22,51.58,0.74,51.96,52.32,WWMH,,INUS,Waikanae,WSM00255,1978
1771683.081,5475121.3465,13011496,KWWN002004,Wastewater,5.28,5.64,1.88,7.16,7.52,WWMH,,INUS,Waikanae,WSM01175,1974
1773863.887,5473204.7405,13011497,KWWN001389,Wastewater,23.82,24.17,1.61,25.43,25.78,WWMH,,INUS,Waikanae,WSM00410,1979
1771679.374,5473375.8565,13011498,KWWN001716,Wastewater,3.67,4.03,2.06,5.73,6.09,WWMH,,INUS,Waikanae,WSM00777,1978
1773284.516,5472510.5505,13011499,KWWN001007,Wastewater,18,18.36,1.92,19.92,20.27,WWMH,,INUS,Waikanae,WSM00586,1989
1771244.09,5474046.6315,13011500,KWWN001775,Wastewater,-0.55,-0.19,3.66,3.11,3.47,WWMH,,INUS,Waikanae,WSM00838,1980
1770609.95,5474030.5605,13011501,KWWN001887,Wastewater,0.77,1.13,2.36,3.13,3.49,WWMH,,INUS,Waikanae,WSM01056,1974
1775032.593,5473288.8995,13011502,KWWN001090,Wastewater,77.28,77.64,0.75,78.03,78.39,WWMH,,INUS,Waikanae,WSM00092,1987
1770200.177,5474137.5135,13011503,KWWN001860,Wastewater,0.02,0.38,2.04,2.06,2.42,WWMH,,INUS,Waikanae,WSM01029,1979
1772105.993,5473379.5185,13011504,KWWN001696,Wastewater,6.2,6.56,1.78,7.98,8.34,WWMH,,INUS,Waikanae,WSM00757,1978
1772397.56,5473023.0805,13011505,KWWN001676,Wastewater,8.61,8.97,2.97,11.58,11.94,WWMH,,INUS,Waikanae,WSM00737,1978
1774215.364,5473689.6825,13011506,KWWN001369,Wastewater,19.74,20.09,1.64,21.38,21.73,WWMH,,INUS,Waikanae,WSM00390,1988
1774408.762,5472814.3315,13011507,KWWN001184,Wastewater,36.52,36.87,3.23,39.75,40.1,WWMH,,INUS,Waikanae,WSM00188,1978
1772864.478,5472614.2275,13011508,KWWN001029,Wastewater,14.98,15.34,1.52,16.5,16.86,WWMH,,INUS,Waikanae,WSM00610,1991
1770106.787,5473485.2505,13011509,KWWN001796,Wastewater,12.07,12.43,1.17,13.24,13.6,WWMH,,INUS,Waikanae,WSM00958,1988
1774311.088,5473173.6275,13011510,KWWN001249,Wastewater,25.85,26.2,2.57,28.41,28.77,WWMH,,INUS,Waikanae,WSM00254,1978
1771817.945,5473464.9285,13011511,KWWN001752,Wastewater,1.61,1.97,3.28,4.89,5.25,WWMH,,INUS,Waikanae,WSM00813,1978
1770549.184,5474453.9105,13011512,KWWN001926,Wastewater,7.56,7.92,4.17,11.73,12.09,WWMH,,INUS,Waikanae,WSM01096,1974
1775000.241,5473226.9795,13011513,KWWN001088,Wastewater,82.01,82.36,0.82,82.83,83.18,WWMH,,INUS,Waikanae,WSM00090,1987
1774527.806,5472749.6725,13011514,KWWN001226,Wastewater,43.69,44.05,2.09,45.78,46.13,WWMH,,INUS,Waikanae,WSM00231,1978
1773170.45,5472426.4575,13011515,KWWN001006,Wastewater,15.15,15.5,3.84,18.99,19.34,WWMH,,INUS,Waikanae,WSM00585,1979
1773095.086,5473055.5845,13011516,KWWN001515,Wastewater,17.59,17.95,1.57,19.16,19.52,WWMH,,INUS,Waikanae,WSM00536,1979
1774279.743,5472882.7845,13011517,KWWN001188,Wastewater,31.98,32.34,1.07,33.05,33.41,WWMH,,INUS,Waikanae,WSM00192,1978
1773672.219,5473270.9495,13011518,KWWN001393,Wastewater,21.8,22.16,2.3,24.1,24.45,WWMH,,INUS,Waikanae,WSM00414,1979
1773634.826,5472791.6505,13011519,KWWN001582,Wastewater,17.85,18.2,2.5,20.35,20.7,WWMH,,INUS,Waikanae,WSM00642,1979
1773450.234,5472533.5225,13011520,KWWN001554,Wastewater,18.66,19.01,2.49,21.15,21.5,WWMH,,INUS,Waikanae,WSM00575,1979
1773534.932,5473260.4625,13011521,KWWN001473,Wastewater,20.32,20.68,1.71,22.03,22.39,WWMH,,INUS,Waikanae,WSM00494,1979
1774524.252,5472947.9585,13011522,KWWN001159,Wastewater,43.56,43.91,1.85,45.41,45.76,WWMH,,INUS,Waikanae,WSM00163,1978
1772216.996,5473326.3995,13011523,KWWN001681,Wastewater,6.39,6.75,3.24,9.63,9.99,WWMH,,INUS,Waikanae,WSM00742,1978
1774833.364,5472491.6775,13011524,KWWN001193,Wastewater,68.37,68.72,1.4,69.77,70.13,WWMH,,INUS,Waikanae,WSM00197,1988
1774961.892,5473125.2615,13011525,KWWN001093,Wastewater,80.44,80.79,2.11,82.55,82.9,WWMH,,INUS,Waikanae,WSM00095,1978
1772580.737,5472740.6135,13011526,KWWN001643,Wastewater,11.5,11.86,1.92,13.42,13.78,WWMH,,INUS,Waikanae,WSM00704,1978
1767052.158,5469187.9865,13011527,KWWN001070,Wastewater,1.55,1.91,0.9,2.46,2.81,WWMH,,INUS,Paraparaumu,PSM00094,1981
1771617.826,5473404.3175,13011528,KWWN001739,Wastewater,1.25,1.61,3.9,5.15,5.51,WWMH,,INUS,Waikanae,WSM00800,1978
1773966.001,5473505.4345,13011529,KWWN001355,Wastewater,20.81,21.17,1.89,22.7,23.06,WWMH,,INUS,Waikanae,WSM00376,1979
1773144.881,5472285.0515,13011530,KWWN001003,Wastewater,17.26,17.61,2.14,19.4,19.75,WWMH,,INUS,Waikanae,WSM00582,1979
1770077.288,5473593.2755,13011531,KWWN001790,Wastewater,6.46,6.82,3.41,9.87,10.23,WWMH,,INUS,Waikanae,WSM00952,1979
1773017.108,5473333.3285,13011532,KWWN001732,Wastewater,14.1,14.45,2.7,16.8,17.15,WWMH,,INUS,Waikanae,WSM00793,1988
1773673.383,5473576.5605,13011533,KWWN001403,Wastewater,18.4,18.75,1.89,20.29,20.64,WWMH,,INUS,Waikanae,WSM00424,1979
1774875.627,5473439.5665,13011534,KWWN001109,Wastewater,49.09,49.44,2.05,51.14,51.49,WWMH,,INUS,Waikanae,WSM00111,1978
1770621.138,5474387.4055,13011535,KWWN001895,Wastewater,1.43,1.78,1.37,2.79,3.15,WWMH,,INUS,Waikanae,WSM01064,1974
1770473.87,5474148.0835,13011536,KWWN001879,Wastewater,4.2,4.56,3.9,8.1,8.46,WWMH,,INUS,Waikanae,WSM01048,1974
1773733.781,5473926.9905,13011537,KWWN001429,Wastewater,14.18,14.53,3.18,17.36,17.71,WWMH,,INUS,Waikanae,WSM00450,1979
1771397.49,5474885.1245,13011538,KWWN001914,Wastewater,1.99,2.35,2.1,4.09,4.45,WWMH,,INUS,Waikanae,WSM01084,1974
1772150.524,5472702.1185,13011539,KWWN001630,Wastewater,6.16,6.52,3.22,9.38,9.74,WWMH,,INUS,Waikanae,WSM00691,1978
1771096.727,5474748.7685,13011540,KWWN001980,Wastewater,0.85,1.21,2.24,3.09,3.44,WWMH,,INUS,Waikanae,WSM01150,1974
1770411.243,5473749.5455,13011541,KWWN001831,Wastewater,2.77,3.13,3.3,6.07,6.43,WWMH,,INUS,Waikanae,WSM00994,1979
1771833.032,5475456.6605,13011542,KWWN001996,Wastewater,3.62,3.97,1.33,4.95,5.3,WWMH,,INUS,Waikanae,WSM01167,1986
1774327.296,5472659.6015,13011543,KWWN001332,Wastewater,32.86,33.21,2.2,35.06,35.41,WWMH,,INUS,Waikanae,WSM00353,1979
1773832.92,5472537.9065,13011544,KWWN001533,Wastewater,20.76,21.11,1.92,22.68,23.03,WWMH,,INUS,Waikanae,WSM00554,1979
1773505.288,5473567.9185,13011545,KWWN001407,Wastewater,17.79,18.14,1.59,19.38,19.73,WWMH,,INUS,Waikanae,WSM00428,1979
1770413.401,5473632.6205,13011546,KWWN001829,Wastewater,3.39,3.75,2.51,5.9,6.26,WWMH,,INUS,Waikanae,WSM00992,1979
1774098.598,5474150.1385,13011547,KWWN001446,Wastewater,13.32,13.67,2.6,15.92,16.27,WWMH,,INUS,Waikanae,WSM00467,1979
1773683.052,5473038.2335,13011548,KWWN001508,Wastewater,22.68,23.04,2.28,24.96,25.32,WWMH,,INUS,Waikanae,WSM00529,1979
1766659.278,5468004.1215,13011549,KWWN002101,Wastewater,2.38,2.73,1.73,4.11,4.46,WWMH,,INUS,Paraparaumu,PSM00037,1978
1773385.031,5472429.1635,13011550,KWWN001551,Wastewater,18.57,18.93,2.22,20.79,21.15,WWMH,,INUS,Waikanae,WSM00572,1979
1770879.076,5474783.5455,13011551,KWWN001944,Wastewater,1.7,2.06,1.48,3.18,3.54,WWMH,,INUS,Waikanae,WSM01114,1974
1773768.767,5474498.9625,13011552,KWWN001452,Wastewater,5.72,6.08,3.23,8.95,9.31,WWMH,,INUS,Waikanae,WSM00473,1978
1774192.25,5472860.1885,13011553,KWWN001191,Wastewater,29.67,30.03,1.6,31.27,31.63,WWMH,,INUS,Waikanae,WSM00195,1978
1770711.584,5474437.0135,13011554,KWWN001924,Wastewater,0.76,1.11,1.9,2.66,3.01,WWMH,,INUS,Waikanae,WSM01094,1974
1773834.298,5473994.1915,13011555,KWWN001436,Wastewater,13.76,14.11,2.95,16.71,17.06,WWMH,,INUS,Waikanae,WSM00457,1979
1771194.714,5474738.0145,13011556,KWWN001969,Wastewater,1.94,2.3,2.38,4.32,4.68,WWMH,,INUS,Waikanae,WSM01139,1974
1774118.415,5473519.4955,13011557,KWWN001317,Wastewater,19.71,20.07,3.2,22.91,23.27,WWMH,,INUS,Waikanae,WSM00338,1979
1772335.895,5472757.8595,13011558,KWWN001652,Wastewater,8.53,8.88,3.65,12.18,12.53,WWMH,,INUS,Waikanae,WSM00713,1978
1775055.553,5473627.5165,13011559,KWWN001075,Wastewater,57.77,58.12,1.32,59.09,59.44,WWMH,,INUS,Waikanae,WSM00077,1978
1773525.44,5473873.9315,13011560,KWWN001423,Wastewater,15.18,15.53,1.95,17.13,17.48,WWMH,,INUS,Waikanae,WSM00444,1979
1770207.734,5473482.4105,13011561,KWWN001798,Wastewater,13.44,13.8,1.21,14.65,15.01,WWMH,,INUS,Waikanae,WSM00960,1988
1774789.142,5472790.9785,13011562,KWWN001175,Wastewater,63.86,64.22,1.42,65.28,65.64,WWMH,,INUS,Waikanae,WSM00179,1978
1772014.526,5473301.4965,13011563,KWWN001702,Wastewater,5.01,5.37,1.66,6.67,7.03,WWMH,,INUS,Waikanae,WSM00763,1978
1770334.952,5473518.3715,13011564,KWWN001801,Wastewater,14.05,14.41,1.64,15.69,16.05,WWMH,,INUS,Waikanae,WSM00963,1979
1773758.548,5473295.4095,13011565,KWWN001392,Wastewater,22.47,22.82,1.49,23.96,24.31,WWMH,,INUS,Waikanae,WSM00413,1979
1774164.551,5473490.7025,13011566,KWWN001330,Wastewater,19.97,20.32,3.45,23.42,23.77,WWMH,,INUS,Waikanae,WSM00351,1979
1771613.597,5475298.3335,13011567,KWWN002011,Wastewater,3.9,4.26,1.63,5.53,5.89,WWMH,,INUS,Waikanae,WSM01182,1974
1774894.71,5473470.2865,13011568,KWWN001110,Wastewater,49.44,49.8,1.7,51.14,51.5,WWMH,,INUS,Waikanae,WSM00112,1978
1774621.66,5472090.6155,13011569,KWWN001163,Wastewater,39.99,40.35,2.49,42.48,42.84,WWMH,,INUS,Waikanae,WSM00167,1986
1770183.656,5473717.6445,13011570,KWWN001813,Wastewater,0.14,0.5,2.44,2.58,2.94,WWMH,,INUS,Waikanae,WSM00975,1979
1774708.443,5473040.1815,13011571,KWWN001147,Wastewater,58.81,59.16,3.8,62.61,62.96,WWMH,,INUS,Waikanae,WSM00151,1978
1771567.772,5473725.2115,13011572,KWWN001768,Wastewater,2.17,2.52,1.65,3.82,4.17,WWMH,,INUS,Waikanae,WSM00830,1979
1773054.429,5473109.8415,13011573,KWWN001517,Wastewater,,,,,,WWMH,,INUS,Waikanae,WSM00538,1979
1772367.673,5472733.6235,13011574,KWWN001651,Wastewater,8.98,9.34,3.5,12.48,12.84,WWMH,,INUS,Waikanae,WSM00712,1978
1773843.122,5472651.1355,13011575,KWWN001415,Wastewater,24.15,24.5,1.1,25.25,25.6,WWMH,,INUS,Waikanae,WSM00436,1979
1773287.211,5473158.4915,13011576,KWWN001504,Wastewater,18.11,18.46,2.08,20.19,20.54,WWMH,,INUS,Waikanae,WSM00524,1979
1773181.587,5473502.8325,13011577,KWWN001751,Wastewater,15.13,15.48,1.59,16.71,17.07,WWMH,,INUS,Waikanae,WSM00812,1979
1770069.203,5474168.0285,13011578,KWWN001856,Wastewater,0.77,1.13,1.19,1.96,2.31,WWMH,,INUS,Waikanae,WSM01025,1979
1774461.409,5473283.9685,13011579,KWWN001269,Wastewater,33.42,33.77,1.08,34.5,34.85,WWMH,,INUS,Waikanae,WSM00274,1978
1767500.49,5467769.8405,13011580,KWWN002108,Wastewater,4.37,4.71,0.75,5.12,5.46,WWMH,,INUS,Paraparaumu,PSM00049,1979
1770043.837,5473350.2685,13011581,KWWN001786,Wastewater,18.07,18.43,2.32,20.39,20.75,WWMH,,INUS,Waikanae,WSM00916,1975
1770438.082,5474430.5695,13011582,KWWN001861,Wastewater,2.75,3.11,1.35,4.1,4.46,WWMH,,INUS,Waikanae,WSM01030,1974
1773783.958,5473035.4855,13011583,KWWN001507,Wastewater,24.04,24.39,2.4,26.44,26.79,WWMH,,INUS,Waikanae,WSM00528,1979
1772074.262,5472801.7455,13011584,KWWN001635,Wastewater,5.32,5.68,4.12,9.44,9.8,WWMH,,INUS,Waikanae,WSM00696,1978
1770557.881,5473547.7195,13011585,KWWN001824,Wastewater,16.13,16.49,1.58,17.71,18.07,WWMH,,INUS,Waikanae,WSM00987,1979
1774361.805,5472711.5265,13011586,KWWN001233,Wastewater,34.05,34.4,1.74,35.79,36.14,WWMH,,INUS,Waikanae,WSM00238,1978
1774656.916,5472716.5445,13011587,KWWN001219,Wastewater,51.9,52.25,1.98,53.88,54.23,WWMH,,INUS,Waikanae,WSM00223,1978
1773265.315,5473204.2345,13011588,KWWN001488,Wastewater,18.31,18.67,1.52,19.83,20.19,WWMH,,INUS,Waikanae,WSM00509,1979
1775032.009,5473295.4895,13011589,KWWN001091,Wastewater,71.26,71.61,1.79,73.05,73.4,WWMH,,INUS,Waikanae,WSM00093,1987
1773463.379,5473779.4865,13011590,KWWN001412,Wastewater,15.38,15.73,1.88,17.26,17.61,WWMH,,INUS,Waikanae,WSM00433,1979
1772344.275,5473167.5595,13011591,KWWN001678,Wastewater,7.65,8.01,2.55,10.2,10.56,WWMH,,INUS,Waikanae,WSM00739,1978
1774382.578,5473496.4335,13011592,KWWN001302,Wastewater,22.11,22.46,2.27,24.38,24.73,WWMH,,INUS,Waikanae,WSM00323,1979
1770462.358,5473449.8075,13011593,KWWN001821,Wastewater,4.3,4.66,1.48,5.78,6.14,WWMH,,INUS,Waikanae,WSM00983,1979
1773011.937,5473544.5505,13011594,KWWN001780,Wastewater,16.05,16.4,1.12,17.17,17.52,WWMH,,INUS,Waikanae,WSM00843,1991
1774872.241,5473535.0095,13011595,KWWN001116,Wastewater,43.22,43.57,1.78,45,45.35,WWMH,,INUS,Waikanae,WSM00118,1971
1770468.71,5474544.6825,13011596,KWWN001919,Wastewater,1.04,1.4,1.42,2.46,2.82,WWMH,,INUS,Waikanae,WSM01089,1974
1774705.265,5472106.4535,13011597,KWWN001165,Wastewater,40.49,40.84,1.56,42.05,42.4,WWMH,,INUS,Waikanae,WSM00169,1987
1770984.915,5474119.6145,13011598,KWWN001907,Wastewater,1.35,1.71,1.6,2.95,3.31,WWMH,,INUS,Waikanae,WSM01076,1974
1774385.206,5473114.5645,13011599,KWWN001266,Wastewater,30.75,31.1,1.24,31.99,32.34,WWMH,,INUS,Waikanae,WSM00271,1978
1771674.417,5475635.0225,13011600,KWWN002001,Wastewater,1.42,1.78,2.2,3.62,3.98,WWMH,,INUS,Waikanae,WSM01172,1978
1770568.884,5474351.2365,13011601,KWWN001893,Wastewater,1.74,2.09,0.93,2.67,3.02,WWMH,,INUS,Waikanae,WSM01062,1974
1774682.337,5472789.7355,13011602,KWWN001220,Wastewater,54.84,55.2,1.78,56.63,56.98,WWMH,,INUS,Waikanae,WSM00224,1978
1771658.72,5475355.1225,13011603,KWWN002013,Wastewater,2.92,3.28,1.62,4.54,4.9,WWMH,,INUS,Waikanae,WSM01184,1974
1772751.055,5473077.7575,13011604,KWWN001595,Wastewater,8.78,9.13,3.04,11.81,12.17,WWMH,,INUS,Waikanae,WSM00655,1978
1771536.941,5473493.2035,13011605,KWWN001756,Wastewater,0.8,1.16,4,4.8,5.16,WWMH,,INUS,Waikanae,WSM00817,1979
1771781.474,5473298.2595,13011606,KWWN001711,Wastewater,5.14,5.5,1.55,6.69,7.05,WWMH,,INUS,Waikanae,WSM00772,1978
1774626.287,5472470.1475,13011607,KWWN001209,Wastewater,36.53,36.88,2.25,38.78,39.13,WWMH,,INUS,Waikanae,WSM00213,1992
1770739.409,5474769.5715,13011608,KWWN001940,Wastewater,0.22,0.58,2.07,2.29,2.65,WWMH,,INUS,Waikanae,WSM01110,1974
1771430.01,5474840.4765,13011609,KWWN001915,Wastewater,1.21,1.56,1.32,2.53,2.88,WWMH,,INUS,Waikanae,WSM01085,1974
1774557.318,5473297.5015,13011610,KWWN001253,Wastewater,39.55,39.9,1.4,40.95,41.3,WWMH,,INUS,Waikanae,WSM00258,1978
1772425.588,5472518.6555,13011611,KWWN001620,Wastewater,9.85,10.21,1.96,11.81,12.17,WWMH,,INUS,Waikanae,WSM00681,1978
1773684.943,5473790.7005,13011612,KWWN001448,Wastewater,17.05,17.41,1.3,18.35,18.7,WWMH,,INUS,Waikanae,WSM00469,1978
1771158.445,5474084.5165,13011613,KWWN001776,Wastewater,-0.28,0.08,3.61,3.33,3.69,WWMH,,INUS,Waikanae,WSM00839,1979
1771915.841,5473212.0215,13011614,KWWN001692,Wastewater,4.97,5.33,2.33,7.3,7.66,WWMH,,INUS,Waikanae,WSM00753,1978
1772030.9,5472735.7865,13011615,KWWN001633,Wastewater,6.9,7.26,2,8.9,9.26,WWMH,,INUS,Waikanae,WSM00694,1978
1774923.735,5473251.3295,13011616,KWWN001095,Wastewater,67.06,67.42,1.9,68.96,69.32,WWMH,,INUS,Waikanae,WSM00097,1978
1771891.24,5473222.5915,13011617,KWWN001691,Wastewater,5.53,5.89,1.76,7.29,7.65,WWMH,,INUS,Waikanae,WSM00752,1978
1774736.408,5472737.8045,13011618,KWWN001218,Wastewater,58.58,58.93,1.32,59.9,60.25,WWMH,,INUS,Waikanae,WSM00222,1978
1770383.621,5473885.3195,13011619,KWWN001816,Wastewater,2.23,2.59,2.18,4.41,4.77,WWMH,,INUS,Waikanae,WSM00978,1979
1774211.678,5473564.4275,13011620,KWWN001329,Wastewater,21.1,21.46,1.73,22.83,23.19,WWMH,,INUS,Waikanae,WSM00350,1979
1772574.503,5473167.1215,13011621,KWWN001597,Wastewater,6.85,7.21,3.83,10.68,11.04,WWMH,,INUS,Waikanae,WSM00657,1978
1772089.029,5473394.8905,13011622,KWWN001697,Wastewater,5.81,6.17,1.8,7.61,7.97,WWMH,,INUS,Waikanae,WSM00758,1978
1770498.525,5474194.4285,13011623,KWWN001869,Wastewater,0.82,1.18,1.68,2.5,2.86,WWMH,,INUS,Waikanae,WSM01038,1974
1770131.789,5473610.7785,13011624,KWWN001807,Wastewater,4.33,4.68,1.49,5.82,6.17,WWMH,,INUS,Waikanae,WSM00969,1979
1770523.88,5473838.0275,13011625,KWWN001835,Wastewater,1.94,2.3,1.87,3.81,4.17,WWMH,,INUS,Waikanae,WSM00998,1979
1770627.737,5473910.4285,13011626,KWWN001837,Wastewater,9.7,10.06,1.66,11.36,11.72,WWMH,,INUS,Waikanae,WSM01000,1979
1773217.107,5472500.8825,13011627,KWWN001009,Wastewater,16.21,16.56,3.42,19.63,19.98,WWMH,,INUS,Waikanae,WSM00588,1979
1772826.291,5472457.7925,13011628,KWWN001601,Wastewater,14.01,14.37,2.41,16.42,16.78,WWMH,,INUS,Waikanae,WSM00661,1987
1773495.761,5473791.6165,13011629,KWWN001421,Wastewater,15.32,15.67,2.16,17.48,17.83,WWMH,,INUS,Waikanae,WSM00442,1979
1772429.555,5472683.1835,13011630,KWWN001617,Wastewater,11.05,11.4,1.81,12.86,13.21,WWMH,,INUS,Waikanae,WSM00678,1978
1774558.615,5472470.1675,13011631,KWWN001173,Wastewater,33.82,34.17,3.77,37.59,37.94,WWMH,,INUS,Waikanae,WSM00177,1978
1771571.29,5473450.8195,13011632,KWWN001755,Wastewater,0.89,1.25,3.68,4.57,4.93,WWMH,,INUS,Waikanae,WSM00816,1979
1770488.385,5473330.7145,13011633,KWWN001818,Wastewater,5.72,6.07,1.72,7.44,7.79,WWMH,,INUS,Waikanae,WSM00980,1999
1771115.991,5474763.6845,13011634,KWWN001979,Wastewater,3.85,4.21,3.59,7.44,7.8,WWMH,,INUS,Waikanae,WSM01149,1974
1774748.555,5473075.9025,13011635,KWWN001145,Wastewater,,,,,,WWMH,,INUS,Waikanae,WSM00149,1978
1770405.41,5474131.3335,13011636,KWWN001872,Wastewater,0.74,1.1,1.92,2.66,3.02,WWMH,,INUS,Waikanae,WSM01041,1974
1772757.406,5472547.5975,13011637,KWWN001608,Wastewater,12.66,13.02,1.98,14.64,15,WWMH,,INUS,Waikanae,WSM00668,1978
1771796.265,5475210.2045,13011638,KWWN002008,Wastewater,4.56,4.92,1.86,6.42,6.78,WWMH,,INUS,Waikanae,WSM01179,1974
1773202.47,5472664.6385,13011639,KWWN001562,Wastewater,15.57,15.93,2.4,17.97,18.32,WWMH,,INUS,Waikanae,WSM00621,1979
1770904.172,5474394.4485,13011640,KWWN001950,Wastewater,3.4,3.76,1.74,5.14,5.5,WWMH,,INUS,Waikanae,WSM01120,1974
1774458.548,5472792.2335,13011641,KWWN001183,Wastewater,38.6,38.95,2.94,41.54,41.89,WWMH,,INUS,Waikanae,WSM00187,1978
1770945.124,5474520.3985,13011642,KWWN001952,Wastewater,2.06,2.42,2.76,4.82,5.18,WWMH,,INUS,Waikanae,WSM01122,1974
1770995.379,5474471.8175,13011643,KWWN001958,Wastewater,1.44,1.79,2.4,3.84,4.19,WWMH,,INUS,Waikanae,WSM01128,1974
1770318.695,5474420.9915,13011644,KWWN001847,Wastewater,0.55,0.91,2.12,2.67,3.03,WWMH,,INUS,Waikanae,WSM01010,1974
1772198.426,5472910.8245,13011645,KWWN001662,Wastewater,6.18,6.54,3.12,9.3,9.66,WWMH,,INUS,Waikanae,WSM00723,1978
1770310.027,5474343.6105,13011646,KWWN001866,Wastewater,0.56,0.92,1.53,2.09,2.45,WWMH,,INUS,Waikanae,WSM01035,1974
1771401.961,5473238.1325,13011647,KWWN001730,Wastewater,2.88,3.23,1.64,4.52,4.87,WWMH,,INUS,Waikanae,WSM00791,1978
1771229.403,5474691.5415,13011648,KWWN001967,Wastewater,2.27,2.63,2.55,4.82,5.18,WWMH,,INUS,Waikanae,WSM01137,1974
1770263.496,5473431.5815,13011649,KWWN001797,Wastewater,13.92,14.28,1.78,15.7,16.06,WWMH,,INUS,Waikanae,WSM00959,1988
1770456.095,5473882.1435,13011650,KWWN001817,Wastewater,1.98,2.34,2.01,3.99,4.35,WWMH,,INUS,Waikanae,WSM00979,1979
1772516.661,5472512.5535,13011651,KWWN001615,Wastewater,10.61,10.96,2.19,12.8,13.15,WWMH,,INUS,Waikanae,WSM00676,1978
1771817.6,5473272.2825,13011652,KWWN001708,Wastewater,2.59,2.95,4.27,6.86,7.22,WWMH,,INUS,Waikanae,WSM00769,1978
1772119.391,5473026.5325,13011653,KWWN001687,Wastewater,6.58,6.94,1.5,8.08,8.44,WWMH,,INUS,Waikanae,WSM00748,1978
1772316.237,5473450.6605,13011654,KWWN001741,Wastewater,3.87,4.23,3.04,6.91,7.27,WWMH,,INUS,Waikanae,WSM00802,1978
1770549.377,5473789.3275,13011655,KWWN001834,Wastewater,5.2,5.56,1.6,6.8,7.16,WWMH,,INUS,Waikanae,WSM00997,1979
1774523.215,5473243.9205,13011656,KWWN001254,Wastewater,39.13,39.48,1.77,40.9,41.25,WWMH,,INUS,Waikanae,WSM00259,1978
1775033.423,5473281.8645,13011657,KWWN001089,Wastewater,80.32,80.68,1.01,81.33,81.69,WWMH,,INUS,Waikanae,WSM00091,1987
1770784.259,5474142.4975,13011658,KWWN001901,Wastewater,-0.04,0.32,2.55,2.51,2.87,WWMH,,INUS,Waikanae,WSM01070,1974
1770456.93,5473910.2915,13011659,KWWN001841,Wastewater,2.17,2.53,0.62,2.79,3.15,WWMH,,INUS,Waikanae,WSM01004,1979
1767195.648,5468957.8855,13011660,KWWN001068,Wastewater,2,2.36,0.79,2.79,3.15,WWMH,,INUS,Paraparaumu,PSM00092,1981
1773554.937,5472568.2365,13011661,KWWN001552,Wastewater,19.51,19.86,2.07,21.58,21.93,WWMH,,INUS,Waikanae,WSM00573,1979
1774338.199,5473310.7895,13011662,KWWN001298,Wastewater,24.72,25.07,2.44,27.16,27.51,WWMH,,INUS,Waikanae,WSM00319,1979
1774768.551,5472669.8965,13011663,KWWN001213,Wastewater,58.77,59.12,1.05,59.82,60.17,WWMH,,INUS,Waikanae,WSM00217,1978
1771680.982,5475417.7605,13011664,KWWN002014,Wastewater,2.86,3.21,1.27,4.13,4.48,WWMH,,INUS,Waikanae,WSM01185,1974
1774900.124,5473580.3805,13011665,KWWN001117,Wastewater,42.13,42.48,1.77,43.9,44.25,WWMH,,INUS,Waikanae,WSM00119,1971
1774196.352,5473085.9925,13011666,KWWN001321,Wastewater,26.55,26.91,2.39,28.94,29.3,WWMH,,INUS,Waikanae,WSM00342,1979
1774751.668,5473241.2375,13011667,KWWN001106,Wastewater,56.36,56.71,1.7,58.06,58.41,WWMH,,INUS,Waikanae,WSM00108,1978
1774179.483,5473738.4315,13011668,KWWN001371,Wastewater,19.03,19.38,1.74,20.77,21.12,WWMH,,INUS,Waikanae,WSM00392,1988
1773873.734,5474457.5395,13011669,KWWN001451,Wastewater,6.3,6.65,2.36,8.66,9.01,WWMH,,INUS,Waikanae,WSM00472,1978
1774369.26,5473360.3495,13011670,KWWN001299,Wastewater,24.26,24.61,2.44,26.7,27.05,WWCON,,INUS,Waikanae,WSM00320,1979
1773957.589,5473995.7565,13011671,KWWN001440,Wastewater,14.99,15.34,2.24,17.23,17.58,WWMH,,INUS,Waikanae,WSM00461,1988
1773453.445,5473262.2135,13011672,KWWN001474,Wastewater,19.2,19.55,1.62,20.82,21.17,WWMH,,INUS,Waikanae,WSM00495,1979
1771684.522,5473346.8155,13011673,KWWN001720,Wastewater,4.08,4.44,2.09,6.17,6.53,WWMH,,INUS,Waikanae,WSM00781,1985
1774624.063,5472176.1315,13011674,KWWN001168,Wastewater,38.82,39.18,2.38,41.2,41.56,WWMH,,INUS,Waikanae,WSM00172,1987
1774038.729,5474126.0225,13011675,KWWN001445,Wastewater,12.64,12.99,3.46,16.1,16.45,WWMH,,INUS,Waikanae,WSM00466,1979
1774735.977,5473493.8305,13011676,KWWN001132,Wastewater,38.46,38.81,3.02,41.48,41.83,WWMH,,INUS,Waikanae,WSM00136,1978
1774836.118,5472813.4375,13011677,KWWN001211,Wastewater,67.47,67.82,1.24,68.71,69.06,WWCON,,INUS,Waikanae,WSM00215,1978
1773630.137,5473502.0025,13011678,KWWN001397,Wastewater,20.49,20.84,0.94,21.43,21.78,WWMH,,INUS,Waikanae,WSM00418,1985
1774651.169,5473076.0115,13011679,KWWN001167,Wastewater,54.1,54.45,2.35,56.45,56.8,WWMH,,INUS,Waikanae,WSM00171,1987
1770435.046,5474055.6605,13011680,KWWN001882,Wastewater,1.2,1.56,0.89,2.09,2.45,WWMH,,INUS,Waikanae,WSM01051,1974
1774074.297,5473138.9025,13011681,KWWN001493,Wastewater,25.15,25.51,2.14,27.29,27.65,WWMH,,INUS,Waikanae,WSM00514,1979
1774907.289,5473460.8035,13011682,KWWN001105,Wastewater,,,0.7,,,WWMH,,INUS,Waikanae,WSM00107,1978
1768087.069,5467404.3675,13011683,KWWN001058,Wastewater,5.27,5.62,2.1,7.37,7.72,WWMH,,INUS,Paraparaumu,PSM00077,1992
1774851.579,5473131.8885,13011684,KWWN001142,Wastewater,71.48,71.83,1.32,72.8,73.15,WWMH,,INUS,Waikanae,WSM00146,1978
1770493.075,5474129.7605,13011685,KWWN001880,Wastewater,0.51,0.87,2.03,2.54,2.9,WWMH,,INUS,Waikanae,WSM01049,1974
1768105.556,5467461.0045,13011686,KWWN001059,Wastewater,5.7,6.04,1.44,7.13,7.48,WWMH,,INUS,Paraparaumu,PSM00078,1993
1773713.21,5472643.5385,13011687,KWWN001545,Wastewater,19.95,20.3,1.5,21.45,21.8,WWMH,,INUS,Waikanae,WSM00566,1979
1772321.797,5473210.1665,13011688,KWWN001679,Wastewater,7.35,7.71,2.64,9.99,10.35,WWMH,,INUS,Waikanae,WSM00740,1978
1773931.334,5473030.4035,13011689,KWWN001492,Wastewater,25.26,25.61,2.9,28.16,28.52,WWMH,,INUS,Waikanae,WSM00513,1979
1773989.834,5472875.1595,13011690,KWWN001305,Wastewater,28.17,28.52,0.55,28.72,29.07,WWMH,,INUS,Waikanae,WSM00326,1973
1774005.25,5472898.2135,13011691,KWWN001311,Wastewater,28,28.35,0.94,28.94,29.29,WWMH,,INUS,Waikanae,WSM00332,1973
1770526.99,5473661.0065,13011692,KWWN001827,Wastewater,11.81,12.17,1.83,13.54,13.9,WWMH,,INUS,Waikanae,WSM00990,1979
1771210.745,5474816.6945,13011693,KWWN001971,Wastewater,3.4,3.76,1.97,5.37,5.73,WWMH,,INUS,Waikanae,WSM01141,1974
1770068.56,5473794.6225,13011694,KWWN001784,Wastewater,-0.01,0.35,2.07,2.06,2.42,WWMH,,INUS,Waikanae,WSM00889,1979
1773750.803,5472657.6755,13011695,KWWN001500,Wastewater,19.84,20.19,2.08,21.92,22.27,WWMH,,INUS,Waikanae,WSM00521,1979
1773214.781,5472826.4995,13011696,KWWN001566,Wastewater,15.16,15.51,1.79,16.95,17.3,WWMH,,INUS,Waikanae,WSM00625,1979
1774277.353,5473121.7835,13011697,KWWN001248,Wastewater,26.01,26.36,2.94,28.95,29.3,WWMH,,INUS,Waikanae,WSM00253,1978
1774121.63,5473621.4915,13011698,KWWN001331,Wastewater,20.1,20.45,1.61,21.71,22.06,WWMH,,INUS,Waikanae,WSM00352,1979
1772756.399,5472504.8415,13011699,KWWN001607,Wastewater,12.91,13.26,1.75,14.66,15.01,WWMH,,INUS,Waikanae,WSM00667,1978
1767864.395,5467625.7265,13011700,KWWN001064,Wastewater,5.18,5.52,1.58,6.76,7.1,WWMH,,INUS,Paraparaumu,PSM00085,1981
1772375.169,5473373.9275,13011701,KWWN001600,Wastewater,4.22,4.58,3.1,7.32,7.68,WWMH,,INUS,Waikanae,WSM00660,1978
1772001.291,5473134.8245,13011702,KWWN001690,Wastewater,3.63,3.99,3.18,6.81,7.17,WWMH,,INUS,Waikanae,WSM00751,1978
1771715.126,5473349.1905,13011703,KWWN001715,Wastewater,3.88,4.24,2.2,6.08,6.44,WWMH,,INUS,Waikanae,WSM00776,1978
1774449.974,5473122.9075,13011704,KWWN001262,Wastewater,32.71,33.06,3.36,36.07,36.42,WWMH,,INUS,Waikanae,WSM00267,1978
1774029.425,5473067.2505,13011705,KWWN001316,Wastewater,26.04,26.39,2,28.04,28.39,WWMH,,INUS,Waikanae,WSM00337,1979
1774624.605,5473033.9945,13011706,KWWN001151,Wastewater,52.63,52.98,1.54,54.17,54.52,WWMH,,INUS,Waikanae,WSM00155,1978
1772143.809,5472735.9915,13011707,KWWN001631,Wastewater,6.01,6.37,3.5,9.51,9.87,WWMH,,INUS,Waikanae,WSM00692,1978
1774750.385,5473485.5315,13011708,KWWN001131,Wastewater,,,,,,WWMH,,INUS,Waikanae,WSM00135,1978
1774327.865,5472851.0055,13011709,KWWN001185,Wastewater,33.21,33.56,2.34,35.55,35.9,WWMH,,INUS,Waikanae,WSM00189,1978
1767195.385,5468911.3835,13011710,KWWN001069,Wastewater,2.29,2.64,0.75,3.04,3.39,WWMH,,INUS,Paraparaumu,PSM00093,1981
1774177.389,5472916.5555,13011711,KWWN001192,Wastewater,27.2,27.55,3.38,30.58,30.93,WWMH,,INUS,Waikanae,WSM00196,1978
1770523.061,5474509.4265,13011712,KWWN001920,Wastewater,1.53,1.89,1.83,3.36,3.72,WWMH,,INUS,Waikanae,WSM01090,1974
1773827.336,5474070.9345,13011713,KWWN001390,Wastewater,14.75,15.11,1.42,16.17,16.53,WWMH,,INUS,Waikanae,WSM00411,1979
1773883.574,5472850.3255,13011714,KWWN001341,Wastewater,26.43,26.78,1.5,27.93,28.28,WWMH,,INUS,Waikanae,WSM00362,1979
1774247.338,5474235.8255,13011715,KWWN001295,Wastewater,12.44,12.79,3.02,15.46,15.81,WWMH,,INUS,Waikanae,WSM00316,1978
1770826.656,5474847.0575,13011716,KWWN001943,Wastewater,8.8,9.16,5.25,14.05,14.41,WWMH,,INUS,Waikanae,WSM01113,1974
1774522.672,5473405.9965,13011717,KWWN001282,Wastewater,29.95,30.3,3.15,33.1,33.45,WWMH,,INUS,Waikanae,WSM00288,1978
1770977.234,5474466.3735,13011718,KWWN001957,Wastewater,2.45,2.81,2.13,4.58,4.94,WWMH,,INUS,Waikanae,WSM01127,1974
1774562.903,5472452.9265,13011719,KWWN001210,Wastewater,35.6,35.95,1.78,37.38,37.73,WWMH,,INUS,Waikanae,WSM00214,1992
1767805.387,5467489.3225,13011720,KWWN001062,Wastewater,5.91,6.25,0.87,6.78,7.13,WWMH,,INUS,Paraparaumu,PSM00083,1980
1773157.818,5473471.0725,13011721,KWWN001487,Wastewater,14.91,15.26,1.6,16.51,16.86,WWMH,,INUS,Waikanae,WSM00508,1988
1774923.915,5473516.8805,13011722,KWWN001111,Wastewater,48.74,49.09,1.65,50.39,50.74,WWMH,,INUS,Waikanae,WSM00113,1978
1774254.142,5473434.2735,13011723,KWWN001327,Wastewater,20.64,20.99,4.48,25.12,25.47,WWMH,,INUS,Waikanae,WSM00348,1979
1774394.261,5473137.9255,13011724,KWWN001265,Wastewater,29.56,29.91,2.17,31.72,32.08,WWMH,,INUS,Waikanae,WSM00270,1978
1773833.481,5473154.9665,13011725,KWWN001388,Wastewater,24.12,24.47,1.68,25.8,26.15,WWMH,,INUS,Waikanae,WSM00409,1979
1771618.235,5473533.5715,13011726,KWWN001759,Wastewater,2.71,3.06,1.28,3.98,4.34,WWMH,,INUS,Waikanae,WSM00820,1979
1772051.71,5472846.4775,13011727,KWWN001637,Wastewater,4.98,5.34,4.21,9.19,9.55,WWMH,,INUS,Waikanae,WSM00698,1978
1773808.584,5473604.1435,13011728,KWWN001434,Wastewater,18.95,19.31,1.66,20.61,20.97,WWMH,,INUS,Waikanae,WSM00455,1983
1772438.195,5472859.0215,13011729,KWWN001673,Wastewater,9.8,10.16,1.63,11.43,11.79,WWMH,,INUS,Waikanae,WSM00734,1978
1771783.106,5475366.8565,13011730,KWWN001993,Wastewater,3.54,3.9,1.08,4.62,4.98,WWMH,,INUS,Waikanae,WSM01164,1986
1773959.349,5473396.5725,13011731,KWWN001399,Wastewater,21.47,21.82,2.18,23.65,24,WWMH,,INUS,Waikanae,WSM00420,1979
1772212.102,5472922.8325,13011732,KWWN001661,Wastewater,6.34,6.69,3.02,9.36,9.71,WWMH,,INUS,Waikanae,WSM00722,1971
1772528.33,5475698.1505,13011733,KWWN001468,Wastewater,0.1,0.46,2.95,3.05,3.41,WWMH,,INUS,Waikanae,WSM00489,1978
1771554.533,5473679.3655,13011734,KWWN001766,Wastewater,0.52,0.88,3.52,4.04,4.4,WWMH,,INUS,Waikanae,WSM00827,1979
1774729.253,5473277.0025,13011735,KWWN001274,Wastewater,52.95,53.3,1.83,54.77,55.13,WWMH,,INUS,Waikanae,WSM00279,1978
1774686.69,5472161.4355,13011736,KWWN001166,Wastewater,39.46,39.82,1.45,40.91,41.27,WWMH,,INUS,Waikanae,WSM00170,1987
1771726.995,5473445.5425,13011737,KWWN001753,Wastewater,1.44,1.79,3,4.43,4.79,WWMH,,INUS,Waikanae,WSM00814,1978
1773111.767,5472746.7735,13011738,KWWN001568,Wastewater,14.14,14.49,2.27,16.41,16.76,WWMH,,INUS,Waikanae,WSM00627,1979
1772826.822,5472500.1115,13011739,KWWN001603,Wastewater,13.56,13.92,2.18,15.74,16.1,WWMH,,INUS,Waikanae,WSM00663,1987
1770486.307,5474373.4675,13011740,KWWN001862,Wastewater,2.04,2.39,1.68,3.72,4.07,WWMH,,INUS,Waikanae,WSM01031,1974
1774508.562,5473334.3985,13011741,KWWN001264,Wastewater,35.57,35.93,0.6,36.17,36.53,WWMH,,INUS,Waikanae,WSM00269,1978
1773514.633,5472553.7305,13011742,KWWN001553,Wastewater,19.22,19.57,2.61,21.83,22.18,WWMH,,INUS,Waikanae,WSM00574,1979
1771537.394,5475576.9135,13011743,KWWN002003,Wastewater,0.94,1.3,2.56,3.5,3.86,WWMH,,INUS,Waikanae,WSM01174,1974
1772148.093,5472631.5805,13011744,KWWN001629,Wastewater,6.51,6.87,2.63,9.14,9.49,WWMH,,INUS,Waikanae,WSM00690,1978
1774514.005,5472733.3785,13011745,KWWN001227,Wastewater,43,43.36,1.87,44.87,45.23,WWMH,,INUS,Waikanae,WSM00232,1978
1771662.131,5473316.3055,13011746,KWWN001719,Wastewater,4.32,4.68,1.97,6.29,6.65,WWMH,,INUS,Waikanae,WSM00780,1985
1772175.004,5472962.8705,13011747,KWWN001686,Wastewater,7.3,7.66,1.73,9.03,9.38,WWMH,,INUS,Waikanae,WSM00747,1978
1770569.739,5473772.4385,13011748,KWWN001833,Wastewater,7.25,7.61,1.53,8.78,9.14,WWMH,,INUS,Waikanae,WSM00996,1979
1771400.057,5473924.7385,13011749,KWWN001772,Wastewater,0.25,0.61,3.26,3.51,3.87,WWMH,,INUS,Waikanae,WSM00835,1980
1770611.385,5474650.3955,13011750,KWWN001935,Wastewater,-0.23,0.13,2.24,2.01,2.37,WWMH,,INUS,Waikanae,WSM01105,1974
1773371.51,5473214.9555,13011751,KWWN001472,Wastewater,19.01,19.36,1.39,20.39,20.75,WWMH,,INUS,Waikanae,WSM00493,1979
1774973.565,5473331.0955,13011752,KWWN001084,Wastewater,61.57,61.92,1.54,63.11,63.46,WWMH,,INUS,Waikanae,WSM00086,1987
1770387.542,5474394.7615,13011753,KWWN001864,Wastewater,1.03,1.39,1.23,2.26,2.62,WWMH,,INUS,Waikanae,WSM01033,1974
1774699.91,5473154.0725,13011754,KWWN001149,Wastewater,55.45,55.8,2.15,57.6,57.95,WWMH,,INUS,Waikanae,WSM00153,1978
1774117.223,5473206.6255,13011755,KWWN001318,Wastewater,24.76,25.11,2.26,27.02,27.37,WWMH,,INUS,Waikanae,WSM00339,1979
1771561.35,5473794.9305,13011756,KWWN001769,Wastewater,1.65,2.01,1.87,3.52,3.88,WWMH,,INUS,Waikanae,WSM00832,1979
1772884.27,5472918.9115,13011757,KWWN001592,Wastewater,10.23,10.59,2.93,13.16,13.52,WWMH,,INUS,Waikanae,WSM00652,1979
1774992.3,5473618.4175,13011758,KWWN001079,Wastewater,,,,,,WWMH,,INUS,Waikanae,WSM00081,1978
1772042.385,5472761.8045,13011759,KWWN001634,Wastewater,6.75,7.11,2.37,9.12,9.48,WWMH,,INUS,Waikanae,WSM00695,1978
1773281.468,5473609.8505,13011760,KWWN001470,Wastewater,16.41,16.76,1.26,17.67,18.02,WWMH,,INUS,Waikanae,WSM00491,1979
1770988.976,5474612.0855,13011761,KWWN001954,Wastewater,-0.07,0.29,2.39,2.32,2.68,WWMH,,INUS,Waikanae,WSM01124,1974
1774051.634,5472953.8975,13011762,KWWN001314,Wastewater,27.34,27.69,2.27,29.61,29.96,WWMH,,INUS,Waikanae,WSM00335,1973
1771003.47,5474099.1975,13011763,KWWN001904,Wastewater,-0.58,-0.22,3.28,2.7,3.06,WWMH,,INUS,Waikanae,WSM01073,1979
1773848.588,5472386.3475,13011764,KWWN001528,Wastewater,,,,,,WWMH,,INUS,Waikanae,WSM00549,1979
1774754.974,5472560.7185,13011765,KWWN001200,Wastewater,57.05,57.41,1.08,58.13,58.48,WWMH,,INUS,Waikanae,WSM00204,1988
1774970.06,5473105.4095,13011766,KWWN001092,Wastewater,82.76,83.12,1.75,84.51,84.87,WWMH,,INUS,Waikanae,WSM00094,1978
1771560.121,5473337.6505,13011767,KWWN001738,Wastewater,1.7,2.06,3.8,5.5,5.86,WWMH,,INUS,Waikanae,WSM00799,1978
1772285.788,5472527.4885,13011768,KWWN001622,Wastewater,8.34,8.7,,,,WWMH,,INUS,Waikanae,WSM00683,1978
1774004.593,5473266.9205,13011769,KWWN001350,Wastewater,23.31,23.67,2.22,25.53,25.89,WWMH,,INUS,Waikanae,WSM00371,1979
1772431.432,5473304.8165,13011770,KWWN001599,Wastewater,4.73,5.09,3.05,7.78,8.14,WWMH,,INUS,Waikanae,WSM00659,1978
1773997.778,5472854.4005,13011771,KWWN001308,Wastewater,28,28.35,1.07,29.07,29.42,WWMH,,INUS,Waikanae,WSM00329,1973
1770415.634,5474035.8405,13011772,KWWN001883,Wastewater,0.77,1.13,1.44,2.21,2.57,WWMH,,INUS,Waikanae,WSM01052,1974
1770401.877,5473702.8875,13011773,KWWN001830,Wastewater,2.94,3.3,0,6.58,6.94,WWMH,,INUS,Waikanae,WSM00993,1979
1773186.248,5472318.9975,13011774,KWWN001004,Wastewater,16.98,17.34,2.02,19,19.36,WWMH,,INUS,Waikanae,WSM00583,1979
1774123.962,5472986.8195,13011775,KWWN001319,Wastewater,27.66,28.01,2.02,29.68,30.04,WWMH,,INUS,Waikanae,WSM00340,1979
1770123.842,5474321.8315,13011776,KWWN001851,Wastewater,3.56,3.92,2.04,5.6,5.96,WWMH,,INUS,Waikanae,WSM01014,1974
1774830.994,5473871.3865,13011777,KWWN001285,Wastewater,25.53,25.88,1.33,26.86,27.21,WWMH,,INUS,Waikanae,WSM00306,1992
1771331.715,5474838.5135,13011778,KWWN001913,Wastewater,2.47,2.83,1.7,4.17,4.53,WWMH,,INUS,Waikanae,WSM01083,1974
1772892.276,5472752.9235,13011779,KWWN001571,Wastewater,11.15,11.51,2.19,13.34,13.7,WWMH,,INUS,Waikanae,WSM00630,1979
1773740.748,5472632.4715,13011780,KWWN001537,Wastewater,19.59,19.94,2.48,22.07,22.42,WWMH,,INUS,Waikanae,WSM00558,1979
1772070.681,5472952.3795,13011781,KWWN001639,Wastewater,4.59,4.95,4.65,9.24,9.6,WWMH,,INUS,Waikanae,WSM00700,1978
1771735.176,5475784.1925,13011782,KWWN001987,Wastewater,3.17,3.53,1.08,4.25,4.61,WWMH,,INUS,Waikanae,WSM01157,1990
1772058.969,5472818.7455,13011783,KWWN001636,Wastewater,5.18,5.54,4.15,9.33,9.69,WWMH,,INUS,Waikanae,WSM00697,1978
1770334.874,5473653.3475,13011784,KWWN001822,Wastewater,5.99,6.35,1.5,7.49,7.85,WWMH,,INUS,Waikanae,WSM00985,1979
1770194.464,5473599.0575,13011785,KWWN001805,Wastewater,7.98,8.34,1.4,9.38,9.73,WWMH,,INUS,Waikanae,WSM00967,1979
1770649.563,5474174.3035,13011786,KWWN001889,Wastewater,1.04,1.4,1.88,2.92,3.28,WWMH,,INUS,Waikanae,WSM01058,1974
1773285.573,5472909.1145,13011787,KWWN001588,Wastewater,14.85,15.2,3,17.85,18.2,WWMH,,INUS,Waikanae,WSM00648,1979
1772552.304,5472509.4935,13011788,KWWN001613,Wastewater,10.85,11.21,2.52,13.37,13.73,WWMH,,INUS,Waikanae,WSM00674,1978
1773470.094,5472904.3395,13011789,KWWN001586,Wastewater,15.92,16.27,2.46,18.38,18.73,WWMH,,INUS,Waikanae,WSM00646,1979
1774158.995,5473271.7955,13011790,KWWN001325,Wastewater,24.35,24.7,2.27,26.62,26.98,WWMH,,INUS,Waikanae,WSM00346,1979
1773520.677,5473784.9515,13011791,KWWN001420,Wastewater,15.61,15.96,1.98,17.59,17.94,WWMH,,INUS,Waikanae,WSM00441,1979
1773814.952,5472679.4905,13011792,KWWN001573,Wastewater,21.59,21.94,1.29,22.88,23.23,WWMH,,INUS,Waikanae,WSM00632,1979
1774958.371,5473674.6525,13011793,KWWN001114,Wastewater,42.78,43.13,1.52,44.3,44.65,WWMH,,INUS,Waikanae,WSM00116,1971
1774478.75,5473172.0985,13011794,KWWN001258,Wastewater,36.99,37.34,1.35,38.34,38.69,WWMH,,INUS,Waikanae,WSM00263,1978
1771744.382,5475213.4775,13011795,KWWN002009,Wastewater,4.14,4.5,2,6.14,6.5,WWMH,,INUS,Waikanae,WSM01180,1974
1774533.652,5473431.2555,13011796,KWWN001281,Wastewater,29.74,30.09,3.34,33.08,33.43,WWMH,,INUS,Waikanae,WSM00287,1978
1771044.372,5473109.7865,13011797,KWWN001722,Wastewater,11.84,12.2,1.71,13.55,13.91,WWMH,,INUS,Waikanae,WSM00783,1978
1770834.394,5474853.8765,13011798,KWWN001942,Wastewater,2.17,2.53,2.03,4.2,4.56,WWMH,,INUS,Waikanae,WSM01112,1974
1773509.809,5472569.2265,13011799,KWWN001548,Wastewater,17.39,17.74,4.02,21.41,21.76,WWMH,,INUS,Waikanae,WSM00569,1979
1774433.269,5473085.4675,13011800,KWWN001261,Wastewater,33.16,33.51,2.4,35.55,35.91,WWMH,,INUS,Waikanae,WSM00266,1978
1773788.384,5473269.1745,13011801,KWWN001391,Wastewater,22.82,23.18,1.47,24.29,24.65,WWMH,,INUS,Waikanae,WSM00412,1979
1774692.683,5473399.7195,13011802,KWWN001128,Wastewater,44.64,45,0.78,45.42,45.78,WWMH,,INUS,Waikanae,WSM00132,1978
1772643.034,5472871.1325,13011803,KWWN001666,Wastewater,10.85,11.21,1.71,12.56,12.92,WWMH,,INUS,Waikanae,WSM00727,1978
1772974.712,5472522.7455,13011804,KWWN001026,Wastewater,14.07,14.42,2.74,16.81,17.16,WWMH,,INUS,Waikanae,WSM00607,1987
1774530.456,5472758.3455,13011805,KWWN001182,Wastewater,43.82,44.17,2.06,45.88,46.23,WWMH,,INUS,Waikanae,WSM00186,1978
1773315.287,5472758.9725,13011806,KWWN001560,Wastewater,15.7,16.05,2.69,18.39,18.74,WWMH,,INUS,Waikanae,WSM00619,1979
1774743.191,5472457.7105,13011807,KWWN001198,Wastewater,49.41,49.77,3.67,53.08,53.44,WWMH,,INUS,Waikanae,WSM00202,1988
1770302.969,5473802.1805,13011808,KWWN001810,Wastewater,1.09,1.45,1.83,2.92,3.28,WWMH,,INUS,Waikanae,WSM00972,1979
1774538.969,5472984.4485,13011809,KWWN001157,Wastewater,46.38,46.73,1.02,47.4,47.75,WWMH,,INUS,Waikanae,WSM00161,1978
1773284.434,5473454.2365,13011810,KWWN001484,Wastewater,16.4,16.75,1.67,18.07,18.42,WWMH,,INUS,Waikanae,WSM00505,1979
1773875.904,5472458.1805,13011811,KWWN001524,Wastewater,,,,,,WWMH,,INUS,Waikanae,WSM00545,1979
1774546.335,5473139.2815,13011812,KWWN001256,Wastewater,45.66,46.01,0.42,46.08,46.43,WWMH,,INUS,Waikanae,WSM00261,1978
1773608.874,5472586.7065,13011813,KWWN001544,Wastewater,18.67,19.03,2.64,21.31,21.67,WWMH,,INUS,Waikanae,WSM00565,1979
1773790.38,5472879.8225,13011814,KWWN001505,Wastewater,19.37,19.73,1.77,21.14,21.5,WWMH,,INUS,Waikanae,WSM00527,1979
1773653.307,5473976.8765,13011815,KWWN001428,Wastewater,14.33,14.68,2.04,16.37,16.72,WWMH,,INUS,Waikanae,WSM00449,1979
1773561.855,5473151.5305,13011816,KWWN001490,Wastewater,21.2,21.56,1.63,22.83,23.19,WWMH,,INUS,Waikanae,WSM00511,1979
1772966.458,5472382.6555,13011817,KWWN001024,Wastewater,15.12,15.47,1.84,16.96,17.32,WWMH,,INUS,Waikanae,WSM00605,1987
1772292.73,5472974.6745,13011818,KWWN001659,Wastewater,7.02,7.38,2.18,9.2,9.56,WWMH,,INUS,Waikanae,WSM00720,1971
1771761.9,5475427.2775,13011819,KWWN001997,Wastewater,2.98,3.34,1.23,4.21,4.57,WWMH,,INUS,Waikanae,WSM01168,1986
1775023.929,5473188.7265,13011820,KWWN001086,Wastewater,87.86,88.21,1.31,89.17,89.52,WWMH,,INUS,Waikanae,WSM00088,1987
1773593.873,5473161.2585,13011821,KWWN001499,Wastewater,21.6,21.95,1.79,23.39,23.74,WWMH,,INUS,Waikanae,WSM00520,1979
1773313.034,5473498.4265,13011822,KWWN001483,Wastewater,16.7,17.05,1.55,18.25,18.61,WWMH,,INUS,Waikanae,WSM00504,1979
1770549.049,5474187.2905,13011823,KWWN001878,Wastewater,1.02,1.38,1.85,2.87,3.23,WWMH,,INUS,Waikanae,WSM01047,1974
1775235.444,5473922.7235,13011824,KWWN001372,Wastewater,,,1.4,,,WWMH,,INUS,Waikanae,WSM00393,1988
1774568.105,5473485.8345,13011825,KWWN001280,Wastewater,30.22,30.58,3.37,33.59,33.95,WWMH,,INUS,Waikanae,WSM00286,1978
1774682.854,5472472.0865,13011826,KWWN001203,Wastewater,38.39,38.74,1.55,39.94,40.29,WWMH,,INUS,Waikanae,WSM00207,1988
1773992.122,5472858.0075,13011827,KWWN001309,Wastewater,27.95,28.3,0.98,28.93,29.28,WWMH,,INUS,Waikanae,WSM00330,1973
1773361.87,5473405.0145,13011828,KWWN001466,Wastewater,17.29,17.64,1.65,18.94,19.29,WWMH,,INUS,Waikanae,WSM00487,1979
1772917.283,5472613.6295,13011829,KWWN001021,Wastewater,14.8,15.15,1.25,16.05,16.4,WWMH,,PRV,Waikanae,WSM00601,1990
1774583.09,5472725.9715,13011830,KWWN001224,Wastewater,,,,,,WWMH,,INUS,Waikanae,WSM00228,1978
1773826.999,5473702.3135,13011831,KWWN001413,Wastewater,18.21,18.56,1.43,19.64,19.99,WWMH,,INUS,Waikanae,WSM00434,1979
1770126.577,5474152.6615,13011832,KWWN001859,Wastewater,-0.16,0.2,2.23,2.07,2.43,WWMH,,INUS,Waikanae,WSM01028,1979
1774730.464,5473075.3015,13011833,KWWN001146,Wastewater,63.73,64.08,0.84,64.57,64.92,WWMH,,INUS,Waikanae,WSM00150,1978
1773101.952,5475322.4715,13011834,KWWN001460,Wastewater,2.67,3.02,2.44,5.11,5.46,WWMH,,INUS,Waikanae,WSM00481,1978
1774131.727,5472843.6595,13011835,KWWN001244,Wastewater,27.64,27.99,3.52,31.16,31.51,WWMH,,INUS,Waikanae,WSM00249,1978
1773805.142,5472676.3015,13011836,KWWN001574,Wastewater,20.37,20.72,1.77,22.14,22.5,WWMH,,INUS,Waikanae,WSM00633,1979
1771612.343,5473500.3295,13011837,KWWN001758,Wastewater,2.99,3.35,1.09,4.08,4.43,WWMH,,INUS,Waikanae,WSM00819,1979
1770527.521,5473970.0185,13011838,KWWN001886,Wastewater,1.41,1.76,1.54,2.95,3.31,WWMH,,INUS,Waikanae,WSM01055,1974
1774034.118,5473443.7675,13011839,KWWN001353,Wastewater,21.77,22.13,1.86,23.63,23.99,WWMH,,INUS,Waikanae,WSM00374,1979
1773307.84,5473633.7115,13011840,KWWN001409,Wastewater,16.57,16.93,1.26,17.83,18.19,WWMH,,INUS,Waikanae,WSM00430,1979
1774290.37,5472908.5615,13011841,KWWN001187,Wastewater,,,1.1,,,WWMH,,INUS,Waikanae,WSM00191,1978
1770097.972,5474193.9625,13011842,KWWN001858,Wastewater,2.35,2.71,5.85,8.2,8.56,WWMH,,INUS,Waikanae,WSM01027,1979
1771741.769,5473329.8795,13011843,KWWN001712,Wastewater,4.57,4.93,1.9,6.47,6.83,WWMH,,INUS,Waikanae,WSM00773,1978
1773893.092,5473890.9895,13011844,KWWN001380,Wastewater,14.89,15.24,3.35,18.23,18.59,WWMH,,INUS,Waikanae,WSM00401,1979
1771842.685,5473222.1145,13011845,KWWN001706,Wastewater,4.82,5.18,2.13,6.95,7.31,WWMH,,INUS,Waikanae,WSM00767,1978
1772434.934,5472557.6525,13011846,KWWN001619,Wastewater,10.28,10.64,2.06,12.34,12.7,WWMH,,INUS,Waikanae,WSM00680,1978
1774390.305,5473650.6025,13011847,KWWN001365,Wastewater,20.79,21.14,1.54,22.33,22.68,WWMH,,INUS,Waikanae,WSM00386,1988
1773548.858,5473895.9475,13011848,KWWN001424,Wastewater,14.79,15.14,2.26,17.05,17.4,WWMH,,INUS,Waikanae,WSM00445,1979
1772948.585,5472560.2245,13011849,KWWN001027,Wastewater,13.61,13.96,2.51,16.12,16.47,WWMH,,INUS,Waikanae,WSM00608,1979
1772373.451,5472529.0945,13011850,KWWN001621,Wastewater,9.66,10.02,1.71,11.37,11.72,WWMH,,INUS,Waikanae,WSM00682,1978
1770154.622,5473556.8265,13011851,KWWN001800,Wastewater,7.61,7.96,1.57,9.18,9.53,WWMH,,INUS,Waikanae,WSM00962,1988
1773781.102,5473998.0555,13011852,KWWN001432,Wastewater,15.22,15.57,1.48,16.7,17.05,WWMH,,INUS,Waikanae,WSM00453,1983
1772959.331,5473166.6715,13011853,KWWN001519,Wastewater,14.97,15.32,2.57,17.54,17.89,WWMH,,INUS,Waikanae,WSM00540,1979
1770392.775,5474417.1325,13011854,KWWN001863,Wastewater,1.3,1.66,0.76,2.06,2.42,WWMH,,INUS,Waikanae,WSM01032,1974
1771638.312,5475431.5545,13011855,KWWN002016,Wastewater,2.32,2.68,2.37,4.69,5.05,WWMH,,INUS,Waikanae,WSM01187,1974
1770959.919,5474400.1365,13011856,KWWN001956,Wastewater,,,,,,WWMH,,INUS,Waikanae,WSM01126,1974
1770622.796,5474542.2175,13011857,KWWN001931,Wastewater,0.34,0.7,2.23,2.57,2.93,WWMH,,INUS,Waikanae,WSM01101,1974
1773707.666,5473327.3375,13011858,KWWN001394,Wastewater,20.8,21.16,2.89,23.69,24.05,WWMH,,INUS,Waikanae,WSM00415,1979
1773521.448,5473432.1435,13011859,KWWN001479,Wastewater,19.39,19.75,2.11,21.5,21.86,WWMH,,INUS,Waikanae,WSM00500,1979
1775034.423,5473665.4395,13011860,KWWN001076,Wastewater,53.41,53.76,1.1,54.51,54.86,WWMH,,INUS,Waikanae,WSM00078,1974
1773185.192,5473106.8965,13011861,KWWN001513,Wastewater,18.59,18.95,1.48,20.07,20.42,WWMH,,INUS,Waikanae,WSM00534,1979
1772658.011,5472533.6675,13011862,KWWN001610,Wastewater,11.76,12.12,2.84,14.6,14.96,WWMH,,INUS,Waikanae,WSM00670,1978
1774801.818,5473321.4215,13011863,KWWN001107,Wastewater,54.84,55.2,1.82,56.66,57.02,WWMH,,INUS,Waikanae,WSM00109,1978
1770525.532,5473922.2505,13011864,KWWN001845,Wastewater,1.52,1.88,1.36,2.88,3.24,WWMH,,INUS,Waikanae,WSM01008,1979
1775101.49,5473578.5635,13011865,KWWN001073,Wastewater,64.5,64.85,1.65,66.15,66.5,WWMH,,INUS,Waikanae,WSM00075,1978
1773887.133,5472847.9805,13011866,KWWN001339,Wastewater,26.51,26.86,1.41,27.92,28.27,WWMH,,INUS,Waikanae,WSM00360,1979
1772460.66,5472932.6965,13011867,KWWN001674,Wastewater,9.29,9.65,2.32,11.61,11.97,WWMH,,INUS,Waikanae,WSM00735,1978
1773521.147,5473843.0945,13011868,KWWN001422,Wastewater,15.35,15.7,1.8,17.15,17.5,WWMH,,INUS,Waikanae,WSM00443,1979
1774027.852,5472911.6645,13011869,KWWN001310,Wastewater,27.62,27.97,2.04,29.66,30.01,WWMH,,INUS,Waikanae,WSM00331,1973
1773027.237,5472270.9765,13011870,KWWN001013,Wastewater,17.04,17.39,2.06,19.09,19.45,WWMH,,INUS,Waikanae,WSM00592,1979
1771852.813,5473246.3395,13011871,KWWN001707,Wastewater,2.91,3.27,4.27,7.18,7.54,WWMH,,INUS,Waikanae,WSM00768,1978
1772942.229,5473237.8295,13011872,KWWN001497,Wastewater,13.42,13.77,3.79,17.21,17.56,WWMH,,INUS,Waikanae,WSM00518,1983
1773571.869,5472768.9415,13011873,KWWN001581,Wastewater,18.34,18.69,2.2,20.54,20.89,WWMH,,INUS,Waikanae,WSM00641,1979
1773254.441,5472523.0365,13011874,KWWN001557,Wastewater,15.72,16.08,4,19.72,20.08,WWMH,,INUS,Waikanae,WSM00578,1979
1774494.983,5473342.9155,13011875,KWWN001283,Wastewater,34.66,35.01,0.86,35.52,35.88,WWMH,,INUS,Waikanae,WSM00291,1978
1771973.466,5473162.3225,13011876,KWWN001694,Wastewater,3.51,3.86,3.7,7.21,7.56,WWMH,,INUS,Waikanae,WSM00755,1978
1770871.058,5474609.4365,13011877,KWWN001948,Wastewater,0.39,0.75,1.55,1.94,2.3,WWMH,,INUS,Waikanae,WSM01118,1974
1772689.31,5472734.9465,13011878,KWWN001642,Wastewater,12.18,12.54,2.51,14.69,15.05,WWMH,,INUS,Waikanae,WSM00703,1978
1772893.141,5472861.0965,13011879,KWWN001572,Wastewater,10.68,11.04,2.92,13.6,13.96,WWMH,,INUS,Waikanae,WSM00631,1979
1771821.573,5473596.2605,13011880,KWWN001750,Wastewater,2.62,2.97,1.62,4.24,4.59,WWMH,,INUS,Waikanae,WSM00811,1978
1772748.991,5472726.2765,13011881,KWWN001641,Wastewater,12.56,12.91,2.77,15.33,15.69,WWMH,,INUS,Waikanae,WSM00702,1978
1773286.644,5472313.1725,13011882,KWWN001559,Wastewater,18.78,19.14,1.88,20.66,21.02,WWMH,,INUS,Waikanae,WSM00580,1979
1774046.788,5474076.6615,13011883,KWWN001444,Wastewater,14.75,15.1,1.82,16.57,16.92,WWMH,,INUS,Waikanae,WSM00465,1986
1770325.856,5474308.1815,13011884,KWWN001867,Wastewater,0.39,0.75,1.76,2.15,2.51,WWMH,,INUS,Waikanae,WSM01036,1974
1774432.946,5473463.5755,13011885,KWWN001301,Wastewater,22.82,23.17,3.26,26.08,26.43,WWMH,,INUS,Waikanae,WSM00322,1979
1774866.425,5473017.8835,13011886,KWWN001140,Wastewater,76.17,76.53,1.08,77.25,77.61,WWMH,,INUS,Waikanae,WSM00144,1978
1774582.845,5472375.3805,13011887,KWWN001172,Wastewater,34.34,34.69,3.76,38.1,38.45,WWMH,,INUS,Waikanae,WSM00176,1978
1774668.027,5473315.2665,13011888,KWWN001278,Wastewater,45.78,46.13,1.88,47.66,48.02,WWMH,,INUS,Waikanae,WSM00284,1978
1773724.693,5472729.7515,13011889,KWWN001501,Wastewater,18.92,19.28,2.07,20.99,21.35,WWMH,,INUS,Waikanae,WSM00522,1979
1770133.632,5473705.7655,13011890,KWWN001814,Wastewater,-0.36,0,2.8,2.44,2.8,WWMH,,INUS,Waikanae,WSM00976,1979
1771665.073,5475404.6435,13011891,KWWN002015,Wastewater,2.55,2.91,1.64,4.19,4.55,WWMH,,INUS,Waikanae,WSM01186,1974
1772192.864,5472529.0105,13011892,KWWN001623,Wastewater,7.58,7.94,2.07,9.65,10.01,WWMH,,INUS,Waikanae,WSM00684,1978
1772854.808,5472598.6485,13011893,KWWN001028,Wastewater,15.19,15.55,1.2,16.39,16.75,WWMH,,PRV,Waikanae,WSM00609,1991
1774635.377,5473792.4705,13011894,KWWN001333,Wastewater,19.53,19.88,2.67,22.2,22.55,WWMH,,INUS,Waikanae,WSM00354,1979
1770654.119,5474347.3005,13011895,KWWN001896,Wastewater,0.93,1.28,1.61,2.54,2.9,WWMH,,INUS,Waikanae,WSM01065,1974
1774877.549,5473177.9845,13011896,KWWN001094,Wastewater,70.56,70.91,2.12,72.68,73.03,WWMH,,INUS,Waikanae,WSM00096,1978
1771751.207,5475667.0165,13011897,KWWN001990,Wastewater,1.95,2.31,2.09,4.04,4.4,WWMH,,INUS,Waikanae,WSM01160,1990
1770546.966,5473513.7835,13011898,KWWN001823,Wastewater,16.88,17.24,1.2,18.08,18.44,WWMH,,INUS,Waikanae,WSM00986,1979
1774000.839,5474384.1645,13011899,KWWN001450,Wastewater,7.11,7.46,3.68,10.79,11.14,WWMH,,INUS,Waikanae,WSM00471,1978
1773475.692,5473153.3805,13011900,KWWN001502,Wastewater,20.15,20.51,1.67,21.82,22.18,WWMH,,INUS,Waikanae,WSM01321,1979
1773935.505,5473824.1775,13011901,KWWN001378,Wastewater,16.04,16.39,2.96,19,19.35,WWMH,,INUS,Waikanae,WSM00399,1979
1774429.301,5472990.8775,13011902,KWWN001160,Wastewater,37.83,38.19,1.95,39.78,40.14,WWMH,,INUS,Waikanae,WSM00164,1978
1773374.918,5473522.9875,13011903,KWWN001481,Wastewater,17.43,17.78,1.48,18.91,19.26,WWMH,,INUS,Waikanae,WSM00502,1979
1772536.227,5472946.4605,13011904,KWWN001672,Wastewater,9.76,10.12,1.99,11.75,12.11,WWMH,,INUS,Waikanae,WSM00733,1978
1773424.059,5474888.3065,13011905,KWWN001456,Wastewater,3.03,3.38,2.98,6.01,6.36,WWMH,,INUS,Waikanae,WSM00477,1978
1772755.077,5472452.4745,13011906,KWWN001606,Wastewater,14.18,14.54,1.51,15.69,16.05,WWMH,,INUS,Waikanae,WSM00666,1978
1774336.135,5473030.8275,13011907,KWWN001161,Wastewater,32.19,32.55,1.84,34.03,34.38,WWMH,,INUS,Waikanae,WSM00165,1978
1773891.696,5473439.1845,13011908,KWWN001400,Wastewater,20.53,20.88,2.2,22.73,23.08,WWMH,,INUS,Waikanae,WSM00421,1979
1774483.875,5472646.2175,13011909,KWWN001228,Wastewater,38.99,39.35,1.72,40.71,41.07,WWMH,,INUS,Waikanae,WSM00233,1978
1770240.969,5474169.2565,13011910,KWWN001875,Wastewater,-0.35,0.01,2.64,2.29,2.65,WWMH,,INUS,Waikanae,WSM01044,1974
1773035.607,5472270.3265,13011911,KWWN001012,Wastewater,,,,,,WWMH,,INUS,Waikanae,WSM00591,1979
1772376.303,5472746.9025,13011912,KWWN001656,Wastewater,9.6,9.96,2.94,12.54,12.89,WWMH,,INUS,Waikanae,WSM00717,1978
1770485.197,5473366.5415,13011913,KWWN001820,Wastewater,5.27,5.63,1.79,7.06,7.42,WWMH,,INUS,Waikanae,WSM00982,1987
1774164.202,5473040.2785,13011914,KWWN001320,Wastewater,27.18,27.54,2.21,29.39,29.74,WWMH,,INUS,Waikanae,WSM00341,1979
1773669.269,5472453.4175,13011915,KWWN001541,Wastewater,20.32,20.67,3.39,23.71,24.06,WWMH,,INUS,Waikanae,WSM00562,1979
1774757.949,5473380.8065,13011916,KWWN001126,Wastewater,50.18,50.53,0.74,50.92,51.27,WWMH,,INUS,Waikanae,WSM00130,1978
1774599.638,5472679.2595,13011917,KWWN001222,Wastewater,48.18,48.53,0.76,48.94,49.3,WWMH,,INUS,Waikanae,WSM00226,1978
1774404.357,5473592.2225,13011918,KWWN001361,Wastewater,20.89,21.25,1.46,22.35,22.71,WWMH,,INUS,Waikanae,WSM00382,1988
1770376.168,5474468.8125,13011919,KWWN001846,Wastewater,1.36,1.71,1.57,2.93,3.28,WWMH,,INUS,Waikanae,WSM01009,1974
1771725.744,5475726.9745,13011920,KWWN001988,Wastewater,2.75,3.1,1.06,3.81,4.17,WWMH,,INUS,Waikanae,WSM01158,1990
1773359.254,5472519.0745,13011921,KWWN001555,Wastewater,17.97,18.33,2.49,20.46,20.82,WWMH,,INUS,Waikanae,WSM00576,1979
1773947.933,5474072.4195,13011922,KWWN001442,Wastewater,12.91,13.26,3.55,16.46,16.81,WWMH,,INUS,Waikanae,WSM00463,1979
1774268.736,5473202.5225,13011923,KWWN001323,Wastewater,25.3,25.66,2.75,28.05,28.41,WWMH,,INUS,Waikanae,WSM00344,1979
1773885.224,5472479.4405,13011924,KWWN001522,Wastewater,,,,,,WWMH,,INUS,Waikanae,WSM00543,1979
1771808.677,5475808.6815,13011925,KWWN001985,Wastewater,4.15,4.51,0.85,5,5.36,WWMH,,INUS,Waikanae,WSM01155,1990
1767507.686,5468734.9835,13011926,KWWN001066,Wastewater,1.1,1.46,2.26,3.36,3.72,WWMH,,INUS,Paraparaumu,PSM00089,1981
1772430.016,5472596.9585,13011927,KWWN001618,Wastewater,10.59,10.94,2,12.59,12.94,WWMH,,INUS,Waikanae,WSM00679,1978
1773866.511,5472423.7785,13011928,KWWN001527,Wastewater,,,,,,WWMH,,INUS,Waikanae,WSM00548,1979
1773989.679,5473798.0625,13011929,KWWN001375,Wastewater,17.21,17.57,2.77,19.98,20.34,WWMH,,INUS,Waikanae,WSM00396,1988
1771649.111,5475164.8585,13011930,KWWN002005,Wastewater,4.86,5.22,1.9,6.76,7.12,WWMH,,INUS,Waikanae,WSM01176,1974
1771458.673,5473237.9965,13011931,KWWN001731,Wastewater,2.58,2.93,2.05,4.63,4.98,WWMH,,INUS,Waikanae,WSM00792,1978
1771012.297,5474625.6565,13011932,KWWN001960,Wastewater,-0.23,0.13,2.2,1.97,2.33,WWMH,,INUS,Waikanae,WSM01130,1974
1773355.365,5472535.5075,13011933,KWWN001556,Wastewater,16.39,16.75,4.22,20.61,20.97,WWMH,,INUS,Waikanae,WSM00577,1979
1773853.062,5473228.8385,13011934,KWWN001478,Wastewater,23.56,23.91,1.51,25.07,25.42,WWMH,,INUS,Waikanae,WSM00499,1979
1771670.844,5473363.5965,13011935,KWWN001721,Wastewater,1.7,2.06,4.2,5.9,6.25,WWMH,,INUS,Waikanae,WSM00782,1978
1770123.857,5474262.3905,13011936,KWWN001852,Wastewater,1.45,1.8,1.25,2.7,3.05,WWMH,,INUS,Waikanae,WSM01015,1979
1766658.145,5468496.3725,13011937,KWWN002111,Wastewater,2.08,2.44,0.56,2.64,3,WWMH,,INUS,Paraparaumu,PSM00099,1980
1773181.573,5473392.2705,13011938,KWWN001475,Wastewater,16.06,16.41,1.62,17.68,18.04,WWMH,,INUS,Waikanae,WSM00496,1979
1773775.178,5472824.8455,13011939,KWWN001579,Wastewater,18.92,19.27,1.83,20.75,21.1,WWMH,,INUS,Waikanae,WSM00639,1979
1771494.353,5474892.2955,13011940,KWWN001916,Wastewater,1.76,2.12,0.38,2.14,2.5,WWMH,,INUS,Waikanae,WSM01086,1974
1770704.823,5474287.5055,13011941,KWWN001897,Wastewater,0.7,1.06,1.74,2.44,2.8,WWMH,,INUS,Waikanae,WSM01066,1974
1773588.87,5473515.7595,13011942,KWWN001406,Wastewater,19.71,20.06,1.34,21.05,21.4,WWMH,,INUS,Waikanae,WSM00427,1979
1770086.156,5473666.8345,13011943,KWWN001808,Wastewater,-0.15,0.21,2.22,2.07,2.43,WWMH,,INUS,Waikanae,WSM00970,1979
1773673.052,5472609.6585,13011944,KWWN001538,Wastewater,19.14,19.49,2.48,21.62,21.97,WWMH,,INUS,Waikanae,WSM00559,1979
1770056.614,5474235.9135,13011945,KWWN001783,Wastewater,,,3.6,3.25,3.6,WWMH,,INUS,Waikanae,WSM00878,1979
1772014.83,5473145.2145,13011946,KWWN001689,Wastewater,4.58,4.94,2.5,7.08,7.44,WWMH,,INUS,Waikanae,WSM00750,1978
1770216.78,5474335.5355,13011947,KWWN001849,Wastewater,0.28,0.64,1.91,2.19,2.55,WWMH,,INUS,Waikanae,WSM01012,1974
1773807.942,5473142.7245,13011948,KWWN001387,Wastewater,23.98,24.34,1.8,25.78,26.14,WWMH,,INUS,Waikanae,WSM00408,1979
1770039.176,5473628.2705,13011949,KWWN001792,Wastewater,-0.01,0.35,2.2,2.19,2.55,WWMH,,INUS,Waikanae,WSM00954,1979
1770682.954,5473950.7675,13011950,KWWN001836,Wastewater,12.99,13.35,1.27,14.26,14.62,WWMH,,INUS,Waikanae,WSM00999,1979
1773943.938,5472794.6915,13011951,KWWN001337,Wastewater,27.4,27.76,1.06,28.46,28.82,WWMH,,INUS,Waikanae,WSM00358,1979
1774348.522,5472716.9735,13011952,KWWN001234,Wastewater,33.55,33.9,1.65,35.2,35.55,WWMH,,INUS,Waikanae,WSM00239,1978
1772716.635,5472723.2845,13011953,KWWN001645,Wastewater,12.7,13.05,1.94,14.64,14.99,WWMH,,INUS,Waikanae,WSM00706,1978
1773940.365,5473719.3185,13011954,KWWN001359,Wastewater,17.37,17.72,2.69,20.06,20.41,WWMH,,INUS,Waikanae,WSM00380,1979
1770653.305,5474695.5195,13011955,KWWN001941,Wastewater,-0.47,-0.11,2.52,2.05,2.41,WWMH,,INUS,Waikanae,WSM01111,1974
1774667.019,5473248.3035,13011956,KWWN001275,Wastewater,49.85,50.2,1.19,51.04,51.39,WWMH,,INUS,Waikanae,WSM00281,1978
1774016.596,5473259.3665,13011957,KWWN001349,Wastewater,23.39,23.75,2.25,25.64,26,WWMH,,INUS,Waikanae,WSM00370,1979
1774651.539,5472703.0755,13011958,KWWN001221,Wastewater,49.99,50.34,3.56,53.55,53.9,WWMH,,INUS,Waikanae,WSM00225,1978
1767896.29,5467556.0035,13011959,KWWN001065,Wastewater,5.52,5.87,0.91,6.43,6.78,WWMH,,INUS,Paraparaumu,PSM00087,1981
1774715.804,5472816.4805,13011960,KWWN001176,Wastewater,57.45,57.8,1.94,59.39,59.74,WWMH,,INUS,Waikanae,WSM00180,1978
1771033.4,5474836.8765,13011961,KWWN001976,Wastewater,-1.76,-1.4,4.86,3.1,3.46,WWMH,,INUS,Waikanae,WSM01146,1974
1766729.832,5467701.3895,13011962,KWWN002102,Wastewater,3.6,3.95,1.85,5.45,5.8,WWMH,,INUS,Paraparaumu,PSM00038,1977
1770811.326,5474829.6165,13011963,KWWN001938,Wastewater,1.43,1.78,2.32,3.75,4.1,WWMH,,INUS,Waikanae,WSM01108,1974
1774724.625,5472603.0815,13011964,KWWN001204,Wastewater,51.93,52.29,2.18,54.11,54.47,WWMH,,INUS,Waikanae,WSM00208,1987
1772886.41,5472622.1175,13011965,KWWN001031,Wastewater,12.89,13.25,2.13,15.03,15.38,WWMH,,INUS,Waikanae,WSM00612,1979
1773641.527,5473222.0295,13011966,KWWN001383,Wastewater,21.51,21.87,2.61,24.12,24.48,WWMH,,INUS,Waikanae,WSM00404,1979
1774558.834,5473037.9525,13011967,KWWN001155,Wastewater,46.78,47.14,0.88,47.66,48.02,WWMH,,INUS,Waikanae,WSM00159,1978
1771036.224,5474173.1935,13011968,KWWN001910,Wastewater,0.78,1.14,1.73,2.5,2.86,WWMH,,INUS,Waikanae,WSM01079,1983
1770793.357,5474181.9975,13011969,KWWN001900,Wastewater,0.32,0.68,2.54,2.86,3.22,WWMH,,INUS,Waikanae,WSM01069,1974
1771231.136,5473245.8215,13011970,KWWN001727,Wastewater,0.45,0.81,3.33,3.78,4.14,WWMH,,INUS,Waikanae,WSM00788,1978
1774584.121,5472728.8925,13011971,KWWN001225,Wastewater,46.35,46.7,2.27,48.62,48.98,WWMH,,INUS,Waikanae,WSM00230,1978
1773275.923,5472509.7325,13011972,KWWN001008,Wastewater,17.83,18.19,2.1,19.93,20.29,WWMH,,INUS,Waikanae,WSM00587,1979
1770281.967,5474118.5785,13011973,KWWN001876,Wastewater,-0.59,-0.23,2.68,2.09,2.45,WWMH,,INUS,Waikanae,WSM01045,1974
1770372.111,5474165.8865,13011974,KWWN001873,Wastewater,0.49,0.84,1.88,2.37,2.72,WWMH,,INUS,Waikanae,WSM01042,1974
1770224.571,5473596.4375,13011975,KWWN001804,Wastewater,8.55,8.91,1.46,10.01,10.37,WWMH,,INUS,Waikanae,WSM00966,1979
1770090.465,5474320.7865,13011976,KWWN001850,Wastewater,3.77,4.13,1.88,5.65,6.01,WWMH,,INUS,Waikanae,WSM01013,1974
1773799.486,5472479.0045,13011977,KWWN001532,Wastewater,21.17,21.52,1.88,23.05,23.4,WWMH,,INUS,Waikanae,WSM00553,1979
1774212.136,5473460.8095,13011978,KWWN001328,Wastewater,20.24,20.59,3.8,24.04,24.39,WWMH,,INUS,Waikanae,WSM00349,1979
1774686.877,5472517.9095,13011979,KWWN001207,Wastewater,,,,,,WWMH,,INUS,Waikanae,WSM00211,1988
1771236.555,5474969.5425,13011980,KWWN001964,Wastewater,1.76,2.12,2.56,4.32,4.68,WWMH,,INUS,Waikanae,WSM01134,1974
1770371.534,5473857.5885,13011981,KWWN001809,Wastewater,2.3,2.66,1.38,3.68,4.04,WWMH,,INUS,Waikanae,WSM00971,1979
1774597.814,5472954.4335,13011982,KWWN001153,Wastewater,50.22,50.57,1.66,51.88,52.23,WWMH,,INUS,Waikanae,WSM00157,1993
1774979.079,5473340.1405,13011983,KWWN001083,Wastewater,61.73,62.08,2.14,63.87,64.22,WWMH,,INUS,Waikanae,WSM00085,1987
1773752.976,5473144.1425,13011984,KWWN001386,Wastewater,23.58,23.93,1.78,25.36,25.71,WWMH,,INUS,Waikanae,WSM00407,1979
1772599.299,5475586.7935,13011985,KWWN001467,Wastewater,0.36,0.72,3.25,3.61,3.97,WWMH,,INUS,Waikanae,WSM00488,1978
1772066.866,5472625.0885,13011986,KWWN001627,Wastewater,6.93,7.29,2.16,9.09,9.45,WWMH,,INUS,Waikanae,WSM00688,1978
1774452.295,5472561.1915,13011987,KWWN001229,Wastewater,33.34,33.7,3.7,37.04,37.4,WWMH,,INUS,Waikanae,WSM00234,1978
1770928.012,5474179.7815,13011988,KWWN001906,Wastewater,2.03,2.38,1.35,3.38,3.73,WWMH,,INUS,Waikanae,WSM01075,1974
1772122.144,5472996.6195,13011989,KWWN001664,Wastewater,4.4,4.76,3.99,8.39,8.75,WWMH,,INUS,Waikanae,WSM00725,1978
1774954.565,5473428.3725,13011990,KWWN001104,Wastewater,58.88,59.24,1.01,59.89,60.25,WWMH,,INUS,Waikanae,WSM00106,1978
1775061.908,5473548.0325,13011991,KWWN001071,Wastewater,61.76,62.11,1.68,63.44,63.79,WWMH,,INUS,Waikanae,WSM00072,1978
1774390.874,5472604.8415,13011992,KWWN001231,Wastewater,32.99,33.35,2.87,35.87,36.22,WWMH,,INUS,Waikanae,WSM00236,1978
1772056.632,5473072.6495,13011993,KWWN001665,Wastewater,3.96,4.32,3.55,7.51,7.87,WWMH,,INUS,Waikanae,WSM00726,1978
1774127.69,5473801.9045,13011994,KWWN001417,Wastewater,18.42,18.77,1.64,20.06,20.41,WWMH,,INUS,Waikanae,WSM00438,1988
1774452.898,5473589.8025,13011995,KWWN001360,Wastewater,21.2,21.56,1.67,22.87,23.23,WWMH,,INUS,Waikanae,WSM00381,1988
1773971.642,5473853.7675,13011996,KWWN001377,Wastewater,18.52,18.87,0.7,19.22,19.57,WWMH,,INUS,Waikanae,WSM00398,1979
1773830.292,5473477.8805,13011997,KWWN001401,Wastewater,19.86,20.21,2.15,22.01,22.36,WWMH,,INUS,Waikanae,WSM00422,1979
1774191.041,5474270.4795,13011998,KWWN001296,Wastewater,11.96,12.31,2.99,14.95,15.3,WWMH,,INUS,Waikanae,WSM00317,1978
1774586.58,5472920.3615,13011999,KWWN001154,Wastewater,47.01,47.36,1.37,48.38,48.73,WWMH,,INUS,Waikanae,WSM00158,1978
1771335.592,5475042.5975,13012000,KWWN001983,Wastewater,3.13,3.49,1.6,4.73,5.09,WWMH,,INUS,Waikanae,WSM01153,1974
1773033.925,5473335.0565,13012001,KWWN001495,Wastewater,14.15,14.51,2.74,16.89,17.25,WWMH,,INUS,Waikanae,WSM00516,1988
1772623.107,5472509.8825,13012002,KWWN001611,Wastewater,11.27,11.63,3.77,15.03,15.39,WWMH,,INUS,Waikanae,WSM00672,1978
1773569.611,5472902.2355,13012003,KWWN001585,Wastewater,16.4,16.76,2.49,18.89,19.25,WWMH,,INUS,Waikanae,WSM00645,1979
1773583.793,5473929.4465,13012004,KWWN001426,Wastewater,14.57,14.92,2.1,16.67,17.02,WWMH,,INUS,Waikanae,WSM00447,1979
1774817.889,5473078.3555,13012005,KWWN001143,Wastewater,70.61,70.96,1.33,71.94,72.29,WWMH,,INUS,Waikanae,WSM00147,1978
1774299.761,5473603.7255,13012006,KWWN001362,Wastewater,21.44,21.8,1.51,22.95,23.31,WWMH,,INUS,Waikanae,WSM00383,1988
1771102.534,5474102.7805,13012007,KWWN001777,Wastewater,,,,,,WWMH,,INUS,Waikanae,WSM00840,1979
1771062.676,5474193.3925,13012008,KWWN001909,Wastewater,1.07,1.43,1.35,2.42,2.78,WWMH,,INUS,Waikanae,WSM01078,1983
1773221.257,5473556.8105,13012009,KWWN001471,Wastewater,15.85,16.2,1.29,17.14,17.5,WWMH,,INUS,Waikanae,WSM00492,1979
1770833.072,5474480.6795,13012010,KWWN001951,Wastewater,0.4,0.76,1.95,2.35,2.71,WWMH,,INUS,Waikanae,WSM01121,1974
1770545.306,5473603.6335,13012011,KWWN001825,Wastewater,14.85,15.21,1.58,16.43,16.79,WWMH,,INUS,Waikanae,WSM00988,1979
1772759.822,5472604.3065,13012012,KWWN001605,Wastewater,13.34,13.69,1.76,15.1,15.45,WWMH,,INUS,Waikanae,WSM00665,1978
1773469.691,5472555.4235,13012013,KWWN001549,Wastewater,17.14,17.49,4.32,21.46,21.81,WWMH,,INUS,Waikanae,WSM00570,1979
1771619.33,5473633.4245,13012014,KWWN001762,Wastewater,2.78,3.13,1.22,4,4.35,WWMH,,INUS,Waikanae,WSM00823,1979
1771004.016,5474213.1205,13012015,KWWN001908,Wastewater,1.26,1.61,1.86,3.12,3.48,WWMH,,INUS,Waikanae,WSM01077,1983
1773851.116,5473881.8205,13012016,KWWN001379,Wastewater,17.3,17.65,1.26,18.56,18.91,WWMH,,INUS,Waikanae,WSM00400,1979
1773418.91,5473736.3995,13012017,KWWN001411,Wastewater,15.78,16.13,1.67,17.45,17.8,WWMH,,INUS,Waikanae,WSM00432,1979
1774835.461,5472960.7425,13012018,KWWN001141,Wastewater,71.56,71.92,3.6,75.16,75.52,WWMH,,INUS,Waikanae,WSM00145,1978
1771954.098,5473206.9835,13012019,KWWN001705,Wastewater,3.36,3.72,3.63,6.99,7.35,WWMH,,INUS,Waikanae,WSM00766,1978
1770172.489,5473414.8975,13012020,KWWN001793,Wastewater,9.53,9.89,1.43,10.96,11.32,WWMH,,INUS,Waikanae,WSM00955,1988
1773228.981,5472353.7375,13012021,KWWN001005,Wastewater,16.6,16.95,1.97,18.57,18.92,WWMH,,INUS,Waikanae,WSM00584,1979
1773943.61,5473629.0865,13012022,KWWN001357,Wastewater,18.44,18.79,2.64,21.08,21.43,WWMH,,INUS,Waikanae,WSM00378,1979
1773174.522,5475287.4785,13012023,KWWN001459,Wastewater,1.94,2.29,2.77,4.71,5.06,WWMH,,INUS,Waikanae,WSM00480,1978
1774377.314,5472744.1345,13012024,KWWN001232,Wastewater,35,35.35,1.54,36.54,36.89,WWMH,,INUS,Waikanae,WSM00237,1978
1774399.86,5473409.5765,13012025,KWWN001300,Wastewater,23.75,24.11,2.68,26.43,26.79,WWMH,,INUS,Waikanae,WSM00321,1979
1771639.493,5473325.7215,13012026,KWWN001718,Wastewater,4.63,4.98,1.23,5.86,6.21,WWMH,,INUS,Waikanae,WSM00779,1985
1772431.032,5472951.6125,13012027,KWWN001675,Wastewater,9.11,9.47,2.25,11.36,11.72,WWMH,,INUS,Waikanae,WSM00736,1978
1770918.126,5474552.6275,13012028,KWWN001953,Wastewater,0.04,0.4,3.12,3.16,3.52,WWMH,,INUS,Waikanae,WSM01123,1974
1773975.15,5473775.4405,13012029,KWWN001376,Wastewater,16.95,17.3,2.83,19.78,20.13,WWMH,,INUS,Waikanae,WSM00397,1979
1772073.149,5473394.9995,13012030,KWWN001699,Wastewater,5.64,5.99,1.73,7.37,7.72,WWMH,,INUS,Waikanae,WSM00760,1978
1773946.431,5473304.0215,13012031,KWWN001351,Wastewater,22.91,23.26,1.96,24.87,25.22,WWMH,,INUS,Waikanae,WSM00372,1979
1771001.67,5474533.2065,13012032,KWWN001959,Wastewater,0.98,1.34,2.22,3.2,3.56,WWMH,,INUS,Waikanae,WSM01129,1974
1774413.811,5473041.4005,13012033,KWWN001260,Wastewater,33.95,34.31,2.73,36.68,37.04,WWMH,,INUS,Waikanae,WSM00265,1978
1771510.915,5473148.0945,13012034,KWWN001735,Wastewater,2.6,2.96,3.17,5.77,6.13,WWMH,,INUS,Waikanae,WSM00796,1978
1767048.144,5467488.8085,13012035,KWWN002103,Wastewater,1.79,2.14,4.33,6.12,6.47,WWMH,,INUS,Paraparaumu,PSM00040,1977
1771623.779,5473656.2555,13012036,KWWN001761,Wastewater,3.02,3.38,0.83,3.85,4.21,WWMH,,INUS,Waikanae,WSM00822,1979
1772793.091,5472693.8605,13012037,KWWN001640,Wastewater,13.23,13.59,2.79,16.02,16.38,WWMH,,INUS,Waikanae,WSM00701,1978
1773051.381,5472747.5875,13012038,KWWN001569,Wastewater,12.41,12.77,3.33,15.74,16.1,WWMH,,INUS,Waikanae,WSM00628,1979
1771464.683,5473871.6835,13012039,KWWN001771,Wastewater,0.09,0.45,3.5,3.59,3.95,WWMH,,INUS,Waikanae,WSM00834,1980
1774856.898,5473279.4525,13012040,KWWN001099,Wastewater,62.88,63.23,0.57,63.45,63.8,WWMH,,INUS,Waikanae,WSM00101,1978
1773877.118,5472648.2365,13012041,KWWN001535,Wastewater,27.27,27.63,0.85,28.12,28.48,WWMH,,INUS,Waikanae,WSM00556,1979
1772154.132,5473272.3495,13012042,KWWN001682,Wastewater,6.38,6.74,2.42,8.8,9.15,WWMH,,INUS,Waikanae,WSM00743,1978
1772762.087,5472703.0535,13012043,KWWN001644,Wastewater,13.14,13.5,2.08,15.22,15.58,WWMH,,INUS,Waikanae,WSM00705,1978
1774408.279,5473170.3125,13012044,KWWN001263,Wastewater,30.03,30.39,1.3,31.33,31.69,WWMH,,INUS,Waikanae,WSM00268,1978
1773714.413,5473449.3885,13012045,KWWN001398,Wastewater,19.74,20.1,2.86,22.6,22.96,WWMH,,INUS,Waikanae,WSM00419,1979
1774619.063,5472005.4285,13012046,KWWN001162,Wastewater,41.37,41.73,1.52,42.89,43.25,WWMH,,INUS,Waikanae,WSM00166,1986
1774815.747,5472553.3045,13012047,KWWN001194,Wastewater,64.89,65.25,1.35,66.24,66.6,WWMH,,INUS,Waikanae,WSM00198,1988
1773824.539,5473380.1375,13012048,KWWN001382,Wastewater,21.67,22.02,1.77,23.44,23.79,WWMH,,INUS,Waikanae,WSM00403,1979
1772988.501,5475389.6055,13012049,KWWN001576,Wastewater,1.56,1.92,3.04,4.6,4.96,WWMH,,INUS,Waikanae,WSM00636,1979
1772822.642,5473053.5025,13012050,KWWN001594,Wastewater,9.67,10.02,2.78,12.45,12.8,WWMH,,INUS,Waikanae,WSM00654,1979
1774889.597,5473845.4535,13012051,KWWN001284,Wastewater,29.58,29.93,2.22,31.8,32.15,WWMH,,INUS,Waikanae,WSM00305,1992
1766725.582,5467895.7865,13012052,KWWN002381,Wastewater,8.78,9.13,1.8,10.58,10.93,WWMH,,INUS,Paraparaumu,PSM00443,1978
1766176.83,5465977.7455,13012053,KWWN002121,Wastewater,0.82,1.17,2.15,2.97,3.32,WWMH,,INUS,Paraparaumu,PSM00110,1980
1766600.725,5467854.0195,13012054,KWWN002356,Wastewater,3.31,3.66,3.77,7.08,7.43,WWMH,,INUS,Paraparaumu,PSM00403,1978
1767097.615,5467326.8885,13012055,KWWN002470,Wastewater,3.2,3.56,1.13,4.33,4.68,WWMH,,INUS,Paraparaumu,PSM00511,1978
1768066.18,5467082.7355,13012056,KWWN002783,Wastewater,5.84,6.18,0.92,6.76,7.11,WWMH,,INUS,Paraparaumu,PSM00950,1980
1769423.333,5469475.9205,13012057,KWWN002950,Wastewater,7.62,7.97,1.49,9.11,9.46,WWMH,,INUS,Paraparaumu,PSM01159,1977
1768077.597,5467119.9665,13012058,KWWN002781,Wastewater,5.88,6.23,0.89,6.77,7.12,WWMH,,INUS,Paraparaumu,PSM00948,1980
1767012.318,5466684.2525,13012059,KWWN002230,Wastewater,3.17,3.52,3.23,6.4,6.75,WWMH,,INUS,Paraparaumu,PSM00248,1980
1771449.881,5475261.6725,13012060,KWWN002032,Wastewater,2.76,3.12,1.55,4.31,4.67,WWMH,,INUS,Waikanae,WSM01203,1974
1766895.955,5468838.0955,13012061,KWWN002646,Wastewater,1.83,2.18,1.36,3.19,3.54,WWMH,,INUS,Paraparaumu,PSM00768,1981
1766833.551,5468376.4805,13012062,KWWN002485,Wastewater,1.49,1.85,2.13,3.62,3.98,WWMH,,INUS,Paraparaumu,PSM00531,1979
1769109.016,5468472.5995,13012063,KWWN002892,Wastewater,13.47,13.82,2.04,15.51,15.87,WWMH,,INUS,Paraparaumu,PSM01092,1975
1766954.91,5468782.3515,13012064,KWWN002422,Wastewater,1.35,1.71,1.86,3.21,3.57,WWMH,,INUS,Paraparaumu,PSM00717,1980
1766898.352,5466693.9525,13012065,KWWN002218,Wastewater,5.99,6.34,3.58,9.57,9.93,WWMH,,INUS,Paraparaumu,PSM00235,1980
1766562.25,5466935.1785,13012066,KWWN002322,Wastewater,0.12,0.47,3.91,4.03,4.38,WWMH,,INUS,Paraparaumu,PSM00362,1980
1768475.261,5471418.5405,13012067,KWWN003020,Wastewater,3.61,3.96,1.53,5.14,5.49,WWMH,,INUS,Paraparaumu,PSM01416,1995
1766667.406,5467254.8315,13012068,KWWN002326,Wastewater,2.57,2.92,4,6.57,6.92,WWMH,,INUS,Paraparaumu,PSM00366,1980
1767437.172,5468325.5305,13012069,KWWN002532,Wastewater,3.51,3.86,1.87,5.38,5.73,WWMH,,INUS,Paraparaumu,PSM00584,1978
1767072.077,5468983.2935,13012070,KWWN002565,Wastewater,8.66,9.02,1.01,9.67,10.03,WWMH,,INUS,Paraparaumu,PSM00627,1981
1770352.502,5472827.9025,13012071,KWWN002964,Wastewater,0.75,1.11,0.22,0.97,1.33,WWMH,,INUS,Paraparaumu,PSM01303,1981
1769074.081,5467640.7475,13012072,KWWN002887,Wastewater,29.19,29.54,,,,WWMH,,INUS,Paraparaumu,PSM01087,1975
1767379.244,5468204.3045,13012073,KWWN002537,Wastewater,4.32,4.67,0.9,5.22,5.57,WWMH,,INUS,Paraparaumu,PSM00590,1978
1771508.575,5475100.1055,13012074,KWWN002055,Wastewater,,,,,,WWMH,,INUS,Waikanae,WSM01226,1974
1769166.743,5467383.5245,13012075,KWWN002879,Wastewater,34.97,35.32,1.77,36.74,37.09,WWMH,,INUS,Paraparaumu,PSM01079,1976
1769280.248,5468284.6815,13012076,KWWN002902,Wastewater,23.06,23.41,0.93,23.99,24.34,WWMH,,INUS,Paraparaumu,PSM01108,1975
1772363.917,5475775.3385,13012077,KWWN002075,Wastewater,-0.29,0.07,3.13,2.84,3.2,WWMH,,INUS,Waikanae,WSM01246,1973
1769369.187,5469681.3745,13012078,KWWN002934,Wastewater,7.43,7.78,1.1,8.53,8.88,WWMH,,INUS,Paraparaumu,PSM01143,1974
1766575.616,5467544.0875,13012079,KWWN002094,Wastewater,10.29,10.64,1.56,11.85,12.2,WWMH,,INUS,Paraparaumu,PSM00026,1977
1767012.946,5468321.2655,13012080,KWWN002489,Wastewater,1.18,1.53,2.36,3.54,3.89,WWMH,,INUS,Paraparaumu,PSM00535,1979
1766756.614,5467900.4765,13012081,KWWN002376,Wastewater,0.36,0.71,3.68,4.04,4.39,WWMH,,INUS,Paraparaumu,PSM00438,1978
1766276.746,5466485.3695,13012082,KWWN002282,Wastewater,8.19,8.54,1,9.19,9.54,WWMH,,INUS,Paraparaumu,PSM00313,1980
1766354.809,5466446.9205,13012083,KWWN002279,Wastewater,15.16,15.52,1.84,17,17.36,WWMH,,INUS,Paraparaumu,PSM00308,1980
1767260.742,5467844.8985,13012084,KWWN002413,Wastewater,4.05,4.41,1.41,5.46,5.82,WWMH,,INUS,Paraparaumu,PSM00482,1977
1767499.028,5468237.8315,13012085,KWWN002538,Wastewater,3.48,3.83,1.54,5.03,5.37,WWMH,,INUS,Paraparaumu,PSM00591,1978
1766576.587,5469523.8635,13012086,KWWN002695,Wastewater,2.1,2.46,0.7,2.8,3.16,WWMH,,INUS,Paraparaumu,PSM00831,1980
1769467.797,5468137.8275,13012087,KWWN002894,Wastewater,28.16,28.51,1.34,29.5,29.85,WWMH,,INUS,Paraparaumu,PSM01095,1963
1770315.661,5472819.4635,13012088,KWWN002965,Wastewater,0.23,0.59,1.05,1.28,1.64,WWMH,,INUS,Paraparaumu,PSM01304,1981
1766715.141,5468114.8275,13012089,KWWN002373,Wastewater,3.54,3.89,1.22,4.76,5.11,WWMH,,INUS,Paraparaumu,PSM00433,1978
1766474.216,5465612.1725,13012090,KWWN002147,Wastewater,3.72,4.07,1.39,5.11,5.46,WWMH,,INUS,Paraparaumu,PSM00138,1976
1771549.485,5475372.4495,13012091,KWWN002026,Wastewater,3.7,4.06,1.67,5.37,5.73,WWMH,,INUS,Waikanae,WSM01197,1974
1766778.116,5468533.3585,13012092,KWWN002557,Wastewater,3.03,3.39,0.62,3.65,4.01,WWMH,,INUS,Paraparaumu,PSM00618,1980
1766462.602,5467167.6305,13012093,KWWN002299,Wastewater,5.29,5.65,0.97,6.26,6.62,WWMH,,INUS,Paraparaumu,PSM00335,1980
1766374.272,5466348.0935,13012094,KWWN002185,Wastewater,12.35,12.7,3.96,16.31,16.66,WWMH,,INUS,Paraparaumu,PSM00182,1980
1767372.264,5468579.0925,13012095,KWWN002629,Wastewater,4.19,4.54,3.39,7.58,7.93,WWMH,,INUS,Paraparaumu,PSM00708,1980
1766571.15,5469584.5365,13012096,KWWN002693,Wastewater,1.87,2.22,2.81,4.67,5.03,WWMH,,INUS,Paraparaumu,PSM00828,1980
1767295.402,5467702.5625,13012097,KWWN002403,Wastewater,3.28,3.63,1.97,5.25,5.6,WWMH,,INUS,Paraparaumu,PSM00470,1977
1767152.722,5469178.7995,13012098,KWWN002576,Wastewater,0.15,0.5,3.56,3.71,4.06,WWMH,,INUS,Paraparaumu,PSM00643,1981
1769376.785,5469918.5625,13012099,KWWN002926,Wastewater,6.98,7.33,3.35,10.33,10.69,WWMH,,INUS,Paraparaumu,PSM01135,1983
1768646.891,5468416.5685,13012100,KWWN002832,Wastewater,6.22,6.57,0.91,7.13,7.48,WWMH,,INUS,Paraparaumu,PSM01025,1980
1768876.36,5472597.8455,13012101,KWWN003005,Wastewater,7.54,7.89,1.7,9.24,9.6,WWMH,,INUS,Paraparaumu,PSM01348,1994
1766641.717,5466298.7025,13012102,KWWN002206,Wastewater,5.84,6.19,3.37,9.21,9.56,WWMH,,INUS,Paraparaumu,PSM00220,1980
1767966.147,5468360.2575,13012103,KWWN002726,Wastewater,3.14,3.49,2.11,5.25,5.6,WWMH,,INUS,Paraparaumu,PSM00866,1978
1769735.894,5469649.4465,13012104,KWWN002920,Wastewater,11.74,12.09,0.74,12.48,12.83,WWMH,,INUS,Paraparaumu,PSM01127,1977
1766776.1,5468577.1175,13012105,KWWN002593,Wastewater,-0.22,0.13,3.25,3.02,3.38,WWMH,,INUS,Paraparaumu,PSM00661,1980
1767161.409,5467462.3785,13012106,KWWN002467,Wastewater,3.57,3.92,1.67,5.24,5.59,WWMH,,INUS,Paraparaumu,PSM00508,1977
1767796.325,5466518.8355,13012107,KWWN002261,Wastewater,8.73,9.07,1.83,10.56,10.9,WWMH,,INUS,Paraparaumu,PSM00288,1980
1767283.608,5468572.8935,13012108,KWWN002549,Wastewater,3.6,3.96,1.2,4.8,5.16,WWCE,,INUS,Paraparaumu,PSM00607,1979
1767323.758,5468182.6195,13012109,KWWN002529,Wastewater,2.33,2.68,3.73,6.06,6.41,WWMH,,INUS,Paraparaumu,PSM00581,1978
1766478.207,5465955.3765,13012110,KWWN002196,Wastewater,3.26,3.61,1.15,4.41,4.76,WWMH,,INUS,Paraparaumu,PSM00203,1980
1766954.557,5466811.7595,13012111,KWWN002234,Wastewater,3.42,3.77,4.32,7.74,8.09,WWMH,,INUS,Paraparaumu,PSM00252,1980
1766370.175,5466987.9555,13012112,KWWN002295,Wastewater,11.62,11.97,0.98,12.6,12.95,WWMH,,INUS,Paraparaumu,PSM00329,1980
1766179.748,5465787.9055,13012113,KWWN002127,Wastewater,6.76,7.11,1.26,8.02,8.37,WWCE,,INUS,Paraparaumu,PSM00117,1980
1767552.251,5467832.5965,13012114,KWWN002452,Wastewater,12.23,12.58,1,13.23,13.58,WWMH,,INUS,Paraparaumu,PSM00493,1979
1769252.282,5470734.1145,13012115,KWWN003026,Wastewater,4.88,5.23,1.84,6.72,7.07,WWMH,,INUS,Paraparaumu,PSM01430,1989
1766817.086,5468751.1815,13012116,KWWN002431,Wastewater,0.98,1.33,2.94,3.92,4.27,WWMH,,INUS,Paraparaumu,PSM00726,1980
1769818.6,5472172.9475,13012117,KWWN002975,Wastewater,3.61,3.97,2.68,6.3,6.65,WWMH,,INUS,Paraparaumu,PSM01318,1981
1767379.189,5468034.7485,13012118,KWWN002527,Wastewater,5.53,5.87,1.41,6.94,7.28,WWMH,,INUS,Paraparaumu,PSM00579,1977
1767411.047,5468102.6765,13012119,KWWN002499,Wastewater,4.56,4.91,1.65,6.21,6.56,WWMH,,INUS,Paraparaumu,PSM00545,1978
1766472.666,5466077.2435,13012120,KWWN002156,Wastewater,4.68,5.03,1.82,6.5,6.85,WWMH,,INUS,Paraparaumu,PSM00149,1980
1766955.943,5468578.2875,13012121,KWWN002598,Wastewater,2.14,2.5,0.88,3.02,3.38,WWMH,,INUS,Paraparaumu,PSM00668,1980
1769781.86,5471625.5515,13012122,KWWN002980,Wastewater,6.83,7.18,0.97,7.8,8.15,WWMH,,INUS,Paraparaumu,PSM01324,1987
1767115.43,5467569.8965,13012123,KWWN002460,Wastewater,2.41,2.76,2.46,4.87,5.22,WWMH,,INUS,Paraparaumu,PSM00501,1977
1767080.007,5466942.4435,13012124,KWWN002242,Wastewater,1.71,2.06,3.85,5.56,5.91,WWMH,,INUS,Paraparaumu,PSM00264,1980
1768940.707,5472337.4625,13012125,KWWN003006,Wastewater,3.15,3.5,0.85,3.99,4.35,WWMH,,INUS,Paraparaumu,PSM01349,1980
1766859.204,5469072.0775,13012126,KWWN002644,Wastewater,-0.91,-0.56,3.74,2.83,3.19,WWMH,,INUS,Paraparaumu,PSM00763,1980
1766636.026,5469588.3895,13012127,KWWN002692,Wastewater,5.35,5.71,2.81,8.16,8.52,WWMH,,INUS,Paraparaumu,PSM00827,1980
1767538.459,5468705.8675,13012128,KWWN002620,Wastewater,0.4,0.75,3.38,3.77,4.13,WWMH,,INUS,Paraparaumu,PSM00697,1981
1766805.217,5467250.5585,13012129,KWWN002821,Wastewater,2.24,2.59,5.44,7.68,8.03,WWMH,,INUS,Paraparaumu,PSM01008,1980
1768824.195,5472611.4015,13012130,KWWN003004,Wastewater,4.96,5.32,2.1,7.06,7.42,WWMH,,INUS,Paraparaumu,PSM01347,1994
1768036.771,5468029.5235,13012131,KWWN002771,Wastewater,2.56,2.91,1.9,4.46,4.81,WWMH,,INUS,Paraparaumu,PSM00923,1980
1767537.767,5468707.6465,13012132,KWWN002622,Wastewater,2.36,2.71,1.45,3.81,4.16,WWMH,,INUS,Paraparaumu,PSM00699,1981
1766323.403,5465481.9335,13012133,KWWN002141,Wastewater,15.6,15.95,1.02,16.62,16.97,WWMH,,INUS,Paraparaumu,PSM00132,1980
1766679.544,5467491.3855,13012134,KWWN002329,Wastewater,8.28,8.63,3.03,11.31,11.66,WWMH,,INUS,Paraparaumu,PSM00369,1979
1769483.246,5468353.3515,13012135,KWWN002896,Wastewater,19.91,20.27,0.59,20.5,20.86,WWMH,,INUS,Paraparaumu,PSM01098,1963
1767483.586,5468089.5025,13012136,KWWN002501,Wastewater,3.84,4.19,2.7,6.54,6.89,WWMH,,INUS,Paraparaumu,PSM00547,1978
1768924.261,5468372.5865,13012137,KWWN002893,Wastewater,10.58,10.94,1.93,12.52,12.87,WWMH,,INUS,Paraparaumu,PSM01093,1980
1766697.935,5466909.2725,13012138,KWWN002816,Wastewater,5.84,6.19,2.5,8.34,8.69,WWMH,,INUS,Paraparaumu,PSM01002,1980
1767220.991,5468476.1945,13012139,KWWN002545,Wastewater,1.66,2.02,1.96,3.62,3.98,WWMH,,INUS,Paraparaumu,PSM00601,1979
1767292.742,5467778.4345,13012140,KWWN002405,Wastewater,3.08,3.44,2.49,5.57,5.93,WWMH,,INUS,Paraparaumu,PSM00472,1977
1769486.217,5468237.0485,13012141,KWWN002895,Wastewater,25.4,25.75,0.86,26.26,26.61,WWMH,,INUS,Paraparaumu,PSM01096,1963
1769231.992,5468105.2075,13012142,KWWN002866,Wastewater,24.8,25.15,4.23,29.03,29.38,WWMH,,INUS,Paraparaumu,PSM01061,1984
1767580.259,5467795.9955,13012143,KWWN002454,Wastewater,16.18,16.53,1.14,17.32,17.67,WWCE,,INUS,Paraparaumu,PSM00495,1979
1766502.822,5466708.5265,13012144,KWWN002317,Wastewater,1.71,2.07,1.92,3.63,3.99,WWMH,,INUS,Paraparaumu,PSM00357,1980
1766425.156,5466349.7405,13012145,KWWN002180,Wastewater,11.75,12.1,1.29,13.04,13.39,WWMH,,INUS,Paraparaumu,PSM00177,1980
1771222.295,5475015.2005,13012146,KWWN002039,Wastewater,2.7,3.06,1.44,4.14,4.5,WWMH,,INUS,Waikanae,WSM01210,1974
1766416.058,5465577.8615,13012147,KWWN002149,Wastewater,4.11,4.47,0.83,4.94,5.3,WWMH,,INUS,Paraparaumu,PSM00140,1980
1767266.064,5468320.5345,13012148,KWWN002541,Wastewater,4.44,4.8,3.15,7.59,7.95,WWMH,,INUS,Paraparaumu,PSM00594,1979
1766850.574,5468368.2675,13012149,KWWN002486,Wastewater,1.36,1.72,1.86,3.22,3.58,WWMH,,INUS,Paraparaumu,PSM00532,1979
1769654.517,5469765.8695,13012150,KWWN002927,Wastewater,6.29,6.64,1.55,7.84,8.19,WWMH,,INUS,Paraparaumu,PSM01136,1977
1766588.667,5469179.9165,13012151,KWWN002671,Wastewater,2,2.36,0.7,2.71,3.06,WWMH,,INUS,Paraparaumu,PSM00800,1989
1767149.828,5469180.8645,13012152,KWWN002577,Wastewater,1.59,1.95,2.12,3.71,4.07,WWMH,,INUS,Paraparaumu,PSM00644,1981
1771410.383,5475444.7015,13012153,KWWN002029,Wastewater,0.29,0.65,3.28,3.57,3.93,WWMH,,INUS,Waikanae,WSM01200,1974
1767074.48,5466910.4375,13012154,KWWN002241,Wastewater,1.79,2.14,3.71,5.5,5.85,WWMH,,INUS,Paraparaumu,PSM00263,1980
1768024.422,5468323.2655,13012155,KWWN002728,Wastewater,3.99,4.34,1.51,5.5,5.85,WWMH,,INUS,Paraparaumu,PSM00868,1978
1767530.704,5466637.5155,13012156,KWWN002804,Wastewater,5.06,5.41,2.03,7.09,7.44,WWMH,,INUS,Paraparaumu,PSM00977,1980
1766479.829,5467225.8055,13012157,KWWN002301,Wastewater,4.75,5.11,1.29,6.04,6.4,WWMH,,INUS,Paraparaumu,PSM00337,1980
1767758.754,5466591.0825,13012158,KWWN002262,Wastewater,14.85,15.2,2.52,17.37,17.72,WWMH,,INUS,Paraparaumu,PSM00289,1980
1766299.178,5466050.7545,13012159,KWWN002169,Wastewater,12.92,13.27,1.42,14.34,14.69,WWMH,,INUS,Paraparaumu,PSM00165,1980
1766644.853,5467195.8525,13012160,KWWN002342,Wastewater,2.28,2.63,1.43,3.71,4.06,WWMH,,INUS,Paraparaumu,PSM00383,1980
1766232.139,5466297.7945,13012161,KWWN002113,Wastewater,3.09,3.44,4.17,7.26,7.61,WWMH,,INUS,Paraparaumu,PSM00101,1980
1767977.643,5467751.0125,13012162,KWWN002752,Wastewater,4.4,4.75,3.04,7.44,7.79,WWMH,,INUS,Paraparaumu,PSM00896,1980
1766738.54,5468888.3825,13012163,KWWN002630,Wastewater,10.44,10.79,2.13,12.57,12.93,WWMH,,INUS,Paraparaumu,PSM00747,1980
1767163.108,5469165.8815,13012164,KWWN002573,Wastewater,0.45,0.8,2.93,3.38,3.73,WWMH,,INUS,Paraparaumu,PSM00638,1981
1769153.574,5467845.5435,13012165,KWWN002854,Wastewater,27.47,27.81,2.14,29.61,29.95,WWMH,,INUS,Paraparaumu,PSM01049,1975
1767748.474,5472712.9965,13012166,KWWN002992,Wastewater,1.74,2.1,0.5,2.24,2.6,WWMH,,PRV,Paraparaumu,PSM01335,1989
1768084.496,5467605.3545,13012167,KWWN002759,Wastewater,5.6,5.94,1.81,7.41,7.75,WWMH,,INUS,Paraparaumu,PSM00905,1980
1767128.106,5468578.3355,13012168,KWWN002606,Wastewater,3.58,3.93,1.01,4.59,4.94,WWMH,,INUS,Paraparaumu,PSM00678,1981
1767533.84,5467866.2185,13012169,KWWN002451,Wastewater,5.7,6.04,1.41,7.11,7.45,WWMH,,INUS,Paraparaumu,PSM00492,1979
1767608.068,5468661.3205,13012170,KWWN002416,Wastewater,0.28,0.63,4.52,4.8,5.15,WWMH,,INUS,Paraparaumu,PSM00710,1981
1766405.529,5465594.1065,13012171,KWWN002198,Wastewater,4.56,4.91,1,5.56,5.91,WWMH,,INUS,Paraparaumu,PSM00207,1981
1769301.751,5468258.9715,13012172,KWWN002905,Wastewater,22.6,22.95,2.03,24.63,24.98,WWCE,,INUS,Paraparaumu,PSM01111,1975
1769318.129,5469646.5935,13012173,KWWN002936,Wastewater,7,7.35,1.12,8.12,8.47,WWMH,,INUS,Paraparaumu,PSM01145,1974
1766908.4,5469673.4725,13012174,KWWN002657,Wastewater,1.32,1.68,2.48,3.81,4.16,WWMH,,INUS,Paraparaumu,PSM00782,1981
1768038.107,5468236.0745,13012175,KWWN002788,Wastewater,3.27,3.62,1.58,4.85,5.2,WWMH,,INUS,Paraparaumu,PSM00956,1980
1768200.146,5472853.1495,13012176,KWWN002995,Wastewater,2.98,3.33,1.04,4.02,4.37,WWMH,,INUS,Paraparaumu,PSM01338,1979
1767228.784,5468586.7445,13012177,KWWN002421,Wastewater,1.86,2.21,2.1,3.96,4.31,WWMH,,INUS,Paraparaumu,PSM00715,1981
1766751.908,5467947.8845,13012178,KWWN002375,Wastewater,1.13,1.48,3.15,4.28,4.63,WWMH,,INUS,Paraparaumu,PSM00435,1978
1769150.661,5469544.0025,13012179,KWWN002940,Wastewater,,,,,,WWMH,,INUS,Paraparaumu,PSM01149,1977
1766801.657,5467331.1365,13012180,KWWN002340,Wastewater,1.44,1.79,3.18,4.62,4.97,WWMH,,INUS,Paraparaumu,PSM00381,1980
1771279.803,5474864.0695,13012181,KWWN002049,Wastewater,4.85,5.21,1.82,6.67,7.03,WWMH,,INUS,Waikanae,WSM01220,1974
1767221.218,5467000.4785,13012182,KWWN002253,Wastewater,12.22,12.57,1.55,13.77,14.13,WWMH,,INUS,Paraparaumu,PSM00276,1980
1768320.782,5468246.2055,13012183,KWWN002735,Wastewater,1.17,1.52,3.55,4.72,5.07,WWMH,,INUS,Paraparaumu,PSM00878,1980
1772207.915,5475579.2855,13012184,KWWN002073,Wastewater,-0.03,0.32,3.64,3.61,3.96,WWMH,,INUS,Waikanae,WSM01244,1973
1771269.99,5475291.8735,13012185,KWWN002043,Wastewater,-0.55,-0.19,3.27,2.72,3.08,WWMH,,INUS,Waikanae,WSM01214,1974
1766800.477,5469297.9525,13012186,KWWN002680,Wastewater,1.26,1.61,1.05,2.31,2.67,WWMH,,INUS,Paraparaumu,PSM00812,1980
1767468.803,5468181.1405,13012187,KWWN002504,Wastewater,3.14,3.48,1.99,5.13,5.47,WWMH,,INUS,Paraparaumu,PSM00551,1978
1769066.781,5472025.9345,13012188,KWWN003014,Wastewater,,,,,,WWMH,,PRV,Paraparaumu,PSM01357,1980
1769212.362,5469667.0675,13012189,KWWN002943,Wastewater,5.97,6.32,1.27,7.24,7.59,WWMH,,INUS,Paraparaumu,PSM01152,1977
1766193.627,5465507.0445,13012190,KWWN002137,Wastewater,10.12,10.47,1.17,11.29,11.64,WWMH,,INUS,Paraparaumu,PSM00128,1980
1767494.363,5472262.7575,13012191,KWWN003101,Wastewater,0.76,1.11,1.99,2.75,3.1,WWMH,,INUS,Paraparaumu,PSM01472,1979
1766925.97,5467285.6465,13012192,KWWN002388,Wastewater,4.02,4.37,2.36,6.38,6.73,WWMH,,INUS,Paraparaumu,PSM00452,1978
1769421.766,5467638.4595,13012193,KWWN002862,Wastewater,53.08,53.43,2.5,55.58,55.93,WWMH,,INUS,Paraparaumu,PSM01057,1975
1766289.431,5466547.3705,13012194,KWWN002285,Wastewater,5.7,6.05,1.72,7.42,7.77,WWMH,,INUS,Paraparaumu,PSM00316,1980
1766390.085,5466440.6985,13012195,KWWN002280,Wastewater,9.81,10.16,1.2,11.01,11.36,WWMH,,INUS,Paraparaumu,PSM00309,1980
1768211.968,5472776.7155,13012196,KWWN003002,Wastewater,2.48,2.83,0.79,3.27,3.62,WWMH,,INUS,Paraparaumu,PSM01345,1975
1767085.538,5468341.7925,13012197,KWWN002490,Wastewater,0.72,1.08,3.68,4.4,4.76,WWMH,,INUS,Paraparaumu,PSM00536,1979
1767506.066,5466423.1255,13012198,KWWN002268,Wastewater,6.69,7.04,3.1,9.79,10.14,WWMH,,INUS,Paraparaumu,PSM00295,1980
1766574.994,5467050.6075,13012199,KWWN002323,Wastewater,1.1,1.45,2.59,3.69,4.04,WWMH,,INUS,Paraparaumu,PSM00363,1980
1766566.402,5467640.5105,13012200,KWWN002352,Wastewater,7.79,8.14,1.42,9.21,9.56,WWMH,,INUS,Paraparaumu,PSM00399,1977
1767121.96,5469209.1955,13012201,KWWN002578,Wastewater,1.88,2.24,2.45,4.33,4.69,WWMH,,INUS,Paraparaumu,PSM00645,1981
1768504.149,5468218.3555,13012202,KWWN002709,Wastewater,2.81,3.15,3,5.81,6.15,WWMH,,INUS,Paraparaumu,PSM00848,1979
1766721.335,5469240.9525,13012203,KWWN002664,Wastewater,7.41,7.77,1.93,9.34,9.7,WWMH,,INUS,Paraparaumu,PSM00791,1989
1767179.154,5467908.4325,13012204,KWWN002408,Wastewater,4.89,5.24,1.38,6.27,6.62,WWMH,,INUS,Paraparaumu,PSM00475,1977
1767461.128,5466116.6685,13012205,KWWN002274,Wastewater,7.29,7.63,1.82,9.11,9.45,WWMH,,INUS,Paraparaumu,PSM00302,1980
1770139.136,5472797.6285,13012206,KWWN002968,Wastewater,-1.07,-0.71,2.77,1.71,2.06,WWMH,,INUS,Paraparaumu,PSM01307,1981
1766681.015,5467699.9825,13012207,KWWN002097,Wastewater,3.29,3.64,3.87,7.16,7.51,WWMH,,INUS,Paraparaumu,PSM00031,1977
1766208.769,5465702.1525,13012208,KWWN002144,Wastewater,3.8,4.15,3.83,7.63,7.98,WWMH,,INUS,Paraparaumu,PSM00135,1980
1767191.626,5467583.1315,13012209,KWWN002463,Wastewater,4.32,4.67,1.44,5.76,6.11,WWMH,,INUS,Paraparaumu,PSM00504,1977
1766631.096,5466647.7415,13012210,KWWN002332,Wastewater,3.4,3.75,2.27,5.67,6.02,WWMH,,INUS,Paraparaumu,PSM00373,1981
1768890.009,5468297.0135,13012211,KWWN002794,Wastewater,10.54,10.88,1.34,11.88,12.22,WWMH,,INUS,Paraparaumu,PSM00966,1979
1766582.196,5469303.6085,13012212,KWWN002682,Wastewater,1.45,1.8,2.16,3.6,3.96,WWMH,,INUS,Paraparaumu,PSM00814,1980
1767960.895,5467930.3465,13012213,KWWN002769,Wastewater,3.25,3.6,1.25,4.5,4.85,WWMH,,INUS,Paraparaumu,PSM00920,1980
1766294.114,5465540.6965,13012214,KWWN002139,Wastewater,11.22,11.58,1.56,12.78,13.14,WWMH,,INUS,Paraparaumu,PSM00130,1980
1766546.343,5469902.9595,13012215,KWWN003029,Wastewater,1.04,1.39,2.48,3.52,3.87,WWMH,,INUS,Paraparaumu,PSM01434,1979
1766823.46,5469598.3695,13012216,KWWN002686,Wastewater,6.12,6.47,1.22,7.34,7.69,WWMH,,INUS,Paraparaumu,PSM00818,1980
1766677.078,5469227.3595,13012217,KWWN002665,Wastewater,6.99,7.34,2.29,9.28,9.63,WWMH,,INUS,Paraparaumu,PSM00792,1989
1769003.958,5468318.9645,13012218,KWWN002791,Wastewater,12.18,12.53,1.4,13.58,13.93,WWMH,,INUS,Paraparaumu,PSM00963,1975
1769134.002,5471994.0005,13012219,KWWN003011,Wastewater,,,,,,WWMH,,PRV,Paraparaumu,PSM01354,1980
1766877.103,5469528.7195,13012220,KWWN002661,Wastewater,2.61,2.96,1.71,4.32,4.67,WWMH,,INUS,Paraparaumu,PSM00787,1981
1769170.999,5467425.4945,13012221,KWWN002882,Wastewater,33.7,34.04,1.28,34.98,35.32,WWMH,,INUS,Paraparaumu,PSM01082,1976
1771554.963,5475302.0275,13012222,KWWN002025,Wastewater,4.42,4.77,1.55,5.97,6.32,WWMH,,INUS,Waikanae,WSM01196,1974
1766617.516,5467977.7635,13012223,KWWN002358,Wastewater,7.77,8.12,0.97,8.74,9.09,WWMH,,INUS,Paraparaumu,PSM00405,1978
1766650.823,5468369.4415,13012224,KWWN002513,Wastewater,3.48,3.84,1.63,5.11,5.47,WWMH,,INUS,Paraparaumu,PSM00561,1978
1769451.815,5468474.2105,13012225,KWWN002911,Wastewater,16.32,16.67,0.9,17.22,17.57,WWMH,,INUS,Paraparaumu,PSM01117,1975
1766910.536,5468623.6015,13012226,KWWN002584,Wastewater,1.75,2.11,1.69,3.44,3.8,WWMH,,INUS,Paraparaumu,PSM00652,1980
1769646.181,5470211.8665,13012227,KWWN002923,Wastewater,8.25,8.6,1.24,9.49,9.84,WWMH,,INUS,Paraparaumu,PSM01132,1977
1766491.368,5466689.1115,13012228,KWWN002090,Wastewater,1.83,2.18,1.39,3.22,3.57,WWMH,,INUS,Paraparaumu,PSM00020,1980
1767854.914,5472015.1205,13012229,KWWN003025,Wastewater,2.35,2.7,3.79,6.14,6.49,WWMH,,INUS,Paraparaumu,PSM01422,1979
1766925.79,5468689.7175,13012230,KWWN002594,Wastewater,1.45,1.8,1.69,3.14,3.49,WWMH,,INUS,Paraparaumu,PSM00662,1980
1766896.179,5469439.4625,13012231,KWWN002653,Wastewater,2.13,2.48,1.13,3.26,3.61,WWMH,,INUS,Paraparaumu,PSM00777,1980
1772015.109,5475340.6005,13012232,KWWN002070,Wastewater,0.28,0.63,4.96,5.24,5.6,WWMH,,INUS,Waikanae,WSM01241,1973
1769131.306,5467538.8215,13012233,KWWN002884,Wastewater,30.37,30.72,1.98,32.35,32.7,WWMH,,INUS,Paraparaumu,PSM01084,1976
1767055.346,5469113.4645,13012234,KWWN002569,Wastewater,3.95,4.3,3.26,7.21,7.56,WWMH,,INUS,Paraparaumu,PSM00631,1980
1767327.036,5466152.9885,13012235,KWWN002276,Wastewater,8.63,8.97,0.76,9.39,9.73,WWMH,,INUS,Paraparaumu,PSM00304,1980
1767404.039,5467612.4695,13012236,KWWN002400,Wastewater,10.96,11.3,1.98,12.94,13.28,WWMH,,INUS,Paraparaumu,PSM00467,1977
1766672.906,5467985.0395,13012237,KWWN002100,Wastewater,4.95,5.3,0.75,5.7,6.05,WWMH,,INUS,Paraparaumu,PSM00036,1978
1767167.215,5467063.0255,13012238,KWWN002252,Wastewater,4.41,4.76,2.22,6.63,6.98,WWMH,,INUS,Paraparaumu,PSM00275,1980
1766184.826,5465559.9375,13012239,KWWN002133,Wastewater,2.84,3.19,1.89,4.73,5.08,WWMH,,INUS,Paraparaumu,PSM00124,1980
1766184.01,5465829.9255,13012240,KWWN002126,Wastewater,5.44,5.79,1.1,6.54,6.89,WWMH,,INUS,Paraparaumu,PSM00116,1980
1766542.84,5467950.4015,13012241,KWWN002367,Wastewater,8.46,8.81,1.23,9.69,10.04,WWMH,,INUS,Paraparaumu,PSM00425,1978
1766993.439,5466941.8585,13012242,KWWN002257,Wastewater,4.62,4.97,0.67,5.29,5.64,WWMH,,INUS,Paraparaumu,PSM00282,1987
1766577.066,5469307.2685,13012243,KWWN002683,Wastewater,1.51,1.86,1.79,3.29,3.65,WWMH,,INUS,Paraparaumu,PSM00815,1980
1767031.539,5467167.4895,13012244,KWWN002250,Wastewater,8.49,8.84,0.97,9.46,9.81,WWMH,,INUS,Paraparaumu,PSM00273,1978
1766441.528,5467331.7695,13012245,KWWN002305,Wastewater,7.51,7.86,1.36,8.87,9.22,WWMH,,INUS,Paraparaumu,PSM00342,1979
1766469.286,5465923.9625,13012246,KWWN002197,Wastewater,4.25,4.61,1.06,5.31,5.67,WWMH,,INUS,Paraparaumu,PSM00204,1980
1767134.59,5466899.8655,13012247,KWWN002086,Wastewater,9.84,10.19,1,10.84,11.19,WWMH,,INUS,Paraparaumu,PSM00014,1980
1766829.543,5468057.7235,13012248,KWWN002520,Wastewater,6.23,6.58,1.42,7.65,8,WWCE,,INUS,Paraparaumu,PSM00572,1978
1766820.084,5469234.5335,13012249,KWWN002678,Wastewater,0.75,1.11,1.44,2.19,2.55,WWMH,,INUS,Paraparaumu,PSM00810,1980
1766326.115,5466104.8205,13012250,KWWN002168,Wastewater,11.38,11.73,1.22,12.6,12.95,WWMH,,INUS,Paraparaumu,PSM00164,1980
1767337.679,5467633.8745,13012251,KWWN002401,Wastewater,7.1,7.45,1.83,8.93,9.28,WWMH,,INUS,Paraparaumu,PSM00468,1977
1766785.792,5468682.7815,13012252,KWWN002432,Wastewater,2.42,2.77,1.43,3.85,4.2,WWMH,,INUS,Paraparaumu,PSM00727,1980
1766559.316,5467554.4905,13012253,KWWN002350,Wastewater,10.06,10.42,2.14,12.2,12.56,WWMH,,INUS,Paraparaumu,PSM00397,1977
1766850.676,5466610.0935,13012254,KWWN002216,Wastewater,6.84,7.2,2.29,9.13,9.48,WWMH,,INUS,Paraparaumu,PSM00233,1980
1771525.913,5475495.4375,13012255,KWWN002023,Wastewater,0.95,1.31,1.36,2.31,2.67,WWMH,,INUS,Waikanae,WSM01194,1974
1766637.778,5466680.3655,13012256,KWWN002333,Wastewater,5.44,5.79,1.27,6.71,7.06,WWMH,,INUS,Paraparaumu,PSM00374,1981
1766246.104,5465709.2515,13012257,KWWN002143,Wastewater,,,,10.52,10.87,WWCE,,INUS,Paraparaumu,PSM00134,1980
1770003.861,5471402.5485,13012258,KWWN002984,Wastewater,4.13,4.48,2.48,6.61,6.96,WWMH,,INUS,Paraparaumu,PSM01328,1991
1766745.12,5468190.4815,13012259,KWWN002519,Wastewater,7.56,7.91,1.5,9.06,9.41,WWMH,,INUS,Paraparaumu,PSM00571,1978
1767202.972,5469033.5375,13012260,KWWN002574,Wastewater,1.13,1.48,1.49,2.62,2.97,WWMH,,INUS,Paraparaumu,PSM00640,1981
1766884.848,5469553.1565,13012261,KWWN002660,Wastewater,2.39,2.74,1.64,4.03,4.38,WWMH,,INUS,Paraparaumu,PSM00786,1981
1766677.24,5467329.9175,13012262,KWWN002327,Wastewater,5.21,5.56,1.41,6.61,6.97,WWMH,,INUS,Paraparaumu,PSM00367,1979
1766576.089,5469555.7125,13012263,KWWN002694,Wastewater,2.18,2.53,1.12,3.3,3.65,WWMH,,INUS,Paraparaumu,PSM00830,1980
1767120.866,5469123.7195,13012264,KWWN002572,Wastewater,0.94,1.3,3.8,4.74,5.1,WWMH,,INUS,Paraparaumu,PSM00637,1981
1769173.437,5467824.6275,13012265,KWWN002855,Wastewater,27.79,28.14,1.26,29.05,29.4,WWMH,,INUS,Paraparaumu,PSM01050,1975
1766113.96,5465526.2635,13012266,KWWN002134,Wastewater,0.7,1.06,2.21,2.92,3.27,WWMH,,INUS,Paraparaumu,PSM00125,1980
1768156.174,5468233.8265,13012267,KWWN002825,Wastewater,3.66,4,1.53,5.19,5.54,WWMH,,INUS,Paraparaumu,PSM01015,1978
1766812.932,5467800.6075,13012268,KWWN002379,Wastewater,0.31,0.66,3.31,3.62,3.97,WWMH,,INUS,Paraparaumu,PSM00441,1980
1769440.38,5468265.4285,13012269,KWWN002898,Wastewater,21.05,21.4,0.92,21.96,22.31,WWMH,,INUS,Paraparaumu,PSM01102,1963
1767661.092,5472628.3905,13012270,KWWN002987,Wastewater,-0.17,0.19,3.11,2.94,3.3,WWMH,,INUS,Paraparaumu,PSM01331,1979
1766566.092,5466866.4025,13012271,KWWN002321,Wastewater,0.51,0.86,4.4,4.91,5.26,WWMH,,INUS,Paraparaumu,PSM00361,1980
1768189.356,5467380.3525,13012272,KWWN002764,Wastewater,4.17,4.51,4.31,8.48,8.82,WWMH,,INUS,Paraparaumu,PSM00911,1990
1767264.611,5468447.8015,13012273,KWWN002547,Wastewater,2.6,2.96,0.81,3.4,3.76,WWMH,,INUS,Paraparaumu,PSM00603,1979
1768601.92,5468461.1395,13012274,KWWN002745,Wastewater,5.39,5.74,1.53,6.92,7.27,WWMH,,PRV,Paraparaumu,PSM00888,1980
1768230.22,5467504.5545,13012275,KWWN002763,Wastewater,3.72,4.07,4.39,8.12,8.46,WWMH,,INUS,Paraparaumu,PSM00910,1990
1769120.456,5467419.0245,13012276,KWWN002880,Wastewater,33.24,33.59,1.81,35.05,35.4,WWMH,,INUS,Paraparaumu,PSM01080,1976
1766656.08,5466353.2855,13012277,KWWN002205,Wastewater,6.29,6.65,3.5,9.79,10.15,WWMH,,INUS,Paraparaumu,PSM00219,1980
1768687.282,5467678.5725,13012278,KWWN002841,Wastewater,44.2,44.54,2.53,46.73,47.07,WWMH,,INUS,Paraparaumu,PSM01035,1993
1767041.563,5467424.5545,13012279,KWWN002479,Wastewater,2.18,2.53,2.57,4.75,5.1,WWMH,,INUS,Paraparaumu,PSM00524,1977
1766271.476,5465714.0095,13012280,KWWN002142,Wastewater,11.23,11.59,0.86,12.09,12.45,WWMH,,INUS,Paraparaumu,PSM00133,1980
1766600.892,5466537.1965,13012281,KWWN002330,Wastewater,8.05,8.4,0.97,9.02,9.37,WWMH,,INUS,Paraparaumu,PSM00371,1981
1769081.106,5467929.6385,13012282,KWWN002863,Wastewater,25.82,26.17,1.58,27.41,27.75,WWMH,,INUS,Paraparaumu,PSM01058,1975
1766464.318,5467329.5085,13012283,KWWN002304,Wastewater,7.28,7.63,1.62,8.9,9.25,WWMH,,INUS,Paraparaumu,PSM00341,1979
1766917.585,5469295.8535,13012284,KWWN002651,Wastewater,5.16,5.51,1.33,6.49,6.84,WWMH,,INUS,Paraparaumu,PSM00775,1980
1767341.274,5467774.2195,13012285,KWWN002393,Wastewater,2.65,3,2.47,5.12,5.47,WWMH,,INUS,Paraparaumu,PSM00458,1977
1766429.801,5465968.4865,13012286,KWWN002157,Wastewater,5.22,5.57,2.55,7.77,8.12,WWMH,,INUS,Paraparaumu,PSM00150,1980
1769324.389,5467387.7585,13012287,KWWN002873,Wastewater,44.91,45.26,,,,WWMH,,INUS,Paraparaumu,PSM01073,1976
1766830.546,5468962.0525,13012288,KWWN002446,Wastewater,1.62,1.98,1.4,3.02,3.38,WWMH,,INUS,Paraparaumu,PSM00745,1980
1766522.722,5466515.1735,13012289,KWWN002309,Wastewater,0.89,1.24,3.61,4.5,4.85,WWMH,,INUS,Paraparaumu,PSM00348,1980
1766561.782,5467841.2185,13012290,KWWN002365,Wastewater,5.29,5.65,2.52,7.81,8.17,WWMH,,INUS,Paraparaumu,PSM00421,1978
1768193.174,5467530.4915,13012291,KWWN002761,Wastewater,4.83,5.17,3.12,7.95,8.29,WWMH,,INUS,Paraparaumu,PSM00907,1980
1769551.455,5469108.2745,13012292,KWWN002913,Wastewater,11.4,11.76,1.8,13.21,13.56,WWMH,,INUS,Paraparaumu,PSM01120,1975
1768975.325,5468339.5505,13012293,KWWN002792,Wastewater,12.35,12.71,1.34,13.69,14.05,WWMH,,INUS,Paraparaumu,PSM00964,1975
1766595.981,5466763.1125,13012294,KWWN002336,Wastewater,2.14,2.49,4.3,6.44,6.79,WWMH,,INUS,Paraparaumu,PSM00377,1980
1766633.502,5468980.6975,13012295,KWWN002633,Wastewater,2.8,3.16,1.03,3.83,4.19,WWMH,,INUS,Paraparaumu,PSM00751,1980
1766372.301,5466539.4055,13012296,KWWN002089,Wastewater,14.08,14.43,3.23,17.31,17.66,WWMH,,INUS,Paraparaumu,PSM00019,1980
1768654.673,5469347.7505,13012297,KWWN002963,Wastewater,4.12,4.47,2.69,6.81,7.16,WWMH,,INUS,Paraparaumu,PSM01173,1975
1768585.574,5468444.4745,13012298,KWWN002744,Wastewater,5.21,5.56,1.6,6.81,7.16,WWMH,,PRV,Paraparaumu,PSM00887,1980
1766677.005,5467832.6095,13012299,KWWN002380,Wastewater,2.88,3.23,4.28,7.15,7.51,WWMH,,INUS,Paraparaumu,PSM00442,1978
1769269.224,5467537.2455,13012300,KWWN002848,Wastewater,46.91,47.26,2.18,49.09,49.44,WWMH,,INUS,Paraparaumu,PSM01042,1975
1766477.668,5466073.4985,13012301,KWWN002155,Wastewater,2.22,2.57,4.19,6.41,6.76,WWMH,,INUS,Paraparaumu,PSM00148,1980
1766438.445,5466259.0085,13012302,KWWN002181,Wastewater,15.99,16.34,1.22,17.21,17.56,WWCE,,INUS,Paraparaumu,PSM00178,1980
1769481.296,5468026.3775,13012303,KWWN002871,Wastewater,31.3,31.65,1,32.3,32.65,WWMH,,INUS,Paraparaumu,PSM01066,1980
1766541.591,5468072.1665,13012304,KWWN002369,Wastewater,4.19,4.55,0.53,4.72,5.08,WWMH,,INUS,Paraparaumu,PSM00428,1978
1767671.974,5466621.5155,13012305,KWWN002264,Wastewater,16.45,16.8,1.6,18.05,18.39,WWMH,,INUS,Paraparaumu,PSM00291,1980
1766946.236,5468696.3185,13012306,KWWN002595,Wastewater,1.61,1.97,1.01,2.62,2.98,WWMH,,INUS,Paraparaumu,PSM00664,1980
1766612.298,5467940.2815,13012307,KWWN002357,Wastewater,7.12,7.47,1.34,8.46,8.81,WWMH,,INUS,Paraparaumu,PSM00404,1978
1766770.535,5468676.3455,13012308,KWWN002433,Wastewater,3.02,3.37,1.1,4.12,4.47,WWMH,,INUS,Paraparaumu,PSM00728,1980
1766296.648,5465582.1255,13012309,KWWN002188,Wastewater,13.04,13.39,1.94,14.98,15.33,WWCE,,INUS,Paraparaumu,PSM00185,1980
1766395.196,5466085.3245,13012310,KWWN002164,Wastewater,16.63,16.98,2.16,18.79,19.14,WWMH,,INUS,Paraparaumu,PSM00158,1980
1766557.459,5467583.7355,13012311,KWWN002351,Wastewater,9.85,10.21,1.54,11.39,11.74,WWMH,,INUS,Paraparaumu,PSM00398,1977
1766822.875,5468633.8455,13012312,KWWN002590,Wastewater,0.3,0.65,1.17,1.47,1.82,WWMH,,INUS,Paraparaumu,PSM00658,1980
1766505.912,5467223.9755,13012313,KWWN002302,Wastewater,4.57,4.93,3.64,8.21,8.57,WWMH,,INUS,Paraparaumu,PSM00338,1980
1766549.313,5469803.8225,13012314,KWWN003030,Wastewater,0.48,0.84,2.66,3.14,3.5,WWMH,,INUS,Paraparaumu,PSM01435,1979
1767208.439,5468215.5915,13012315,KWWN002495,Wastewater,1.63,1.98,3.65,5.28,5.63,WWMH,,INUS,Paraparaumu,PSM00541,1979
1769324.719,5468354.7865,13012316,KWWN002903,Wastewater,20.16,20.52,1.27,21.43,21.79,WWMH,,INUS,Paraparaumu,PSM01109,1975
1766653.361,5468887.7035,13012317,KWWN002642,Wastewater,3.57,3.93,1.8,5.37,5.73,WWMH,,INUS,Paraparaumu,PSM00760,1980
1771324.465,5475224.9785,13012318,KWWN002038,Wastewater,0.24,0.6,2.75,2.99,3.35,WWMH,,INUS,Waikanae,WSM01209,1974
1768554.973,5468412.2715,13012319,KWWN002741,Wastewater,4.39,4.74,1.7,6.09,6.44,WWMH,,PRV,Paraparaumu,PSM00884,1980
1770018.67,5471574.8445,13012320,KWWN002989,Wastewater,4.03,4.38,1.6,5.63,5.98,WWMH,,INUS,Paraparaumu,PSM05522,1991
1768110.606,5467841.0745,13012321,KWWN002746,Wastewater,3.41,3.75,1.6,5.01,5.35,WWMH,,INUS,Paraparaumu,PSM00889,1980
1768057.956,5468440.9545,13012322,KWWN002721,Wastewater,2.21,2.56,2.68,4.89,5.24,WWMH,,INUS,Paraparaumu,PSM00860,1978
1766804.414,5469266.9685,13012323,KWWN002679,Wastewater,1.14,1.49,1.36,2.5,2.85,WWMH,,INUS,Paraparaumu,PSM00811,1980
1767062.132,5469267.4075,13012324,KWWN002579,Wastewater,2.4,2.75,1.21,3.6,3.96,WWMH,,INUS,Paraparaumu,PSM00646,1981
1769372.509,5469207.0175,13012325,KWWN002944,Wastewater,7.41,7.77,2.7,10.11,10.47,WWMH,,INUS,Paraparaumu,PSM01153,1977
1766628.492,5469020.2715,13012326,KWWN002637,Wastewater,4.73,5.08,0.8,5.53,5.88,WWMH,,PRV,Paraparaumu,PSM00755,1980
1766850.103,5469161.8905,13012327,KWWN002677,Wastewater,0.14,0.49,2.75,2.89,3.24,WWMH,,INUS,Paraparaumu,PSM00809,1980
1766865.342,5466404.1565,13012328,KWWN002225,Wastewater,5.07,5.42,1.76,6.83,7.18,WWMH,,INUS,Paraparaumu,PSM00243,1980
1767194.142,5468437.0245,13012329,KWWN002544,Wastewater,1.76,2.11,2.28,4.04,4.39,WWMH,,INUS,Paraparaumu,PSM00600,1979
1766638.551,5469773.8255,13012330,KWWN003033,Wastewater,0.35,0.71,1.38,1.73,2.09,WWMH,,INUS,Paraparaumu,PSM01438,1979
1768194.831,5468208.0025,13012331,KWWN002827,Wastewater,3.27,3.62,1.71,4.98,5.33,WWMH,,INUS,Paraparaumu,PSM01017,1978
1766504.297,5466385.5125,13012332,KWWN002195,Wastewater,3.62,3.97,0.89,4.51,4.86,WWMH,,INUS,Paraparaumu,PSM00202,1980
1768116.112,5468277.7315,13012333,KWWN002824,Wastewater,3.79,4.14,2.43,6.22,6.57,WWMH,,INUS,Paraparaumu,PSM01014,2013
1767033.842,5467120.3575,13012334,KWWN002249,Wastewater,5.95,6.31,0.93,6.88,7.24,WWMH,,INUS,Paraparaumu,PSM00272,1978
1769970.179,5471989.3605,13012335,KWWN002977,Wastewater,5.02,5.37,1.54,6.56,6.91,WWMH,,INUS,Paraparaumu,PSM01321,1981
1766832.499,5468888.1705,13012336,KWWN002444,Wastewater,0.02,0.37,2.69,2.71,3.06,WWMH,,INUS,Paraparaumu,PSM00743,1980
1768148.313,5472752.9065,13012337,KWWN003000,Wastewater,2.64,3,0.65,3.29,3.65,WWMH,,INUS,Paraparaumu,PSM01343,1979
1772291.462,5475676.6955,13012338,KWWN002074,Wastewater,-0.16,0.19,5.87,5.7,6.06,WWMH,,INUS,Waikanae,WSM01245,1973
1767063.615,5468456.3695,13012339,KWWN002554,Wastewater,2.44,2.8,2.13,4.57,4.93,WWMH,,INUS,Paraparaumu,PSM00615,1979
1766947.799,5466561.6645,13012340,KWWN002227,Wastewater,4,4.36,2.99,7,7.35,WWMH,,INUS,Paraparaumu,PSM00245,1980
1766946.442,5469564.0115,13012341,KWWN002656,Wastewater,2.59,2.95,3.11,5.7,6.06,WWMH,,INUS,Paraparaumu,PSM00780,1980
1768143.026,5467564.8305,13012342,KWWN002760,Wastewater,5.16,5.5,2.5,7.66,8,WWMH,,INUS,Paraparaumu,PSM00906,1980
1767527.838,5467645.6365,13012343,KWWN002399,Wastewater,13.52,13.87,1.39,14.91,15.26,WWMH,,INUS,Paraparaumu,PSM00465,1977
1769470.518,5468042.7595,13012344,KWWN002870,Wastewater,29.61,29.96,3.13,32.74,33.09,WWMH,,INUS,Paraparaumu,PSM01065,1980
1766467.681,5465738.9635,13012345,KWWN002145,Wastewater,6.98,7.33,2.17,9.15,9.5,WWMH,,INUS,Paraparaumu,PSM00136,1980
1766632.934,5468202.9005,13012346,KWWN002386,Wastewater,10.74,11.09,1.54,12.28,12.63,WWMH,,INUS,Paraparaumu,PSM00450,1978
1769712.952,5472595.6355,13012347,KWWN002970,Wastewater,0.75,1.11,1.24,1.99,2.35,WWMH,,INUS,Paraparaumu,PSM01312,1981
1766635.374,5467588.2645,13012348,KWWN002092,Wastewater,8.01,8.36,0.85,8.86,9.21,WWMH,,INUS,Paraparaumu,PSM00024,1977
1766765.972,5467177.4615,13012349,KWWN002820,Wastewater,2.85,3.2,2.23,5.08,5.43,WWMH,,INUS,Paraparaumu,PSM01007,1980
1771968.705,5475372.7905,13012350,KWWN002069,Wastewater,2.13,2.49,1.74,3.87,4.23,WWMH,,INUS,Waikanae,WSM01240,1986
1766899.452,5469630.7045,13012351,KWWN002659,Wastewater,1.68,2.04,2.21,3.89,4.25,WWMH,,INUS,Paraparaumu,PSM00784,1981
1766179.947,5465991.8015,13012352,KWWN002120,Wastewater,0.91,1.26,2.25,3.16,3.51,WWMH,,INUS,Paraparaumu,PSM00108,1980
1766259.891,5466143.0655,13012353,KWWN002171,Wastewater,2.34,2.69,3.93,6.27,6.62,WWMH,,INUS,Paraparaumu,PSM00167,1980
1766553.099,5466556.0705,13012354,KWWN002310,Wastewater,2.41,2.76,0.94,3.35,3.7,WWMH,,INUS,Paraparaumu,PSM00349,1981
1767413.49,5466129.1345,13012355,KWWN002275,Wastewater,7.58,7.93,2.25,9.83,10.18,WWMH,,INUS,Paraparaumu,PSM00303,1980
1766566.937,5466618.4115,13012356,KWWN002312,Wastewater,2.52,2.87,1.14,3.66,4.01,WWMH,,INUS,Paraparaumu,PSM00351,1981
1770287.722,5472840.3635,13012357,KWWN002966,Wastewater,-0.28,0.08,1.35,1.07,1.43,WWMH,,INUS,Paraparaumu,PSM01305,1981
1771395.787,5475140.2995,13012358,KWWN002036,Wastewater,2.42,2.78,1.38,3.8,4.16,WWMH,,INUS,Waikanae,WSM01207,1974
1767602.204,5468057.3475,13012359,KWWN002505,Wastewater,7.66,8.01,1.87,9.53,9.88,WWMH,,INUS,Paraparaumu,PSM00552,1978
1768079.166,5466856.1215,13012360,KWWN002810,Wastewater,3.5,3.85,4.61,8.11,8.46,WWMH,,INUS,Paraparaumu,PSM00985,1979
1766440.526,5467166.8375,13012361,KWWN002298,Wastewater,6.19,6.54,1.91,8.1,8.45,WWMH,,INUS,Paraparaumu,PSM00334,1980
1766387.284,5466608.8055,13012362,KWWN002286,Wastewater,13.23,13.58,2.02,15.25,15.6,WWMH,,INUS,Paraparaumu,PSM00317,1980
1766988.894,5469053.5505,13012363,KWWN002426,Wastewater,10,10.36,0.99,10.99,11.35,WWCE,,INUS,Paraparaumu,PSM00721,1980
1771752.201,5473302.1905,13012364,KWWN002080,Wastewater,2.21,2.57,4.21,6.42,6.78,WWMH,,INUS,Waikanae,WSM01251,1978
1767149.661,5467263.3615,13012365,KWWN002472,Wastewater,3.85,4.2,2.12,5.97,6.32,WWMH,,INUS,Paraparaumu,PSM00513,1978
1771834.188,5475179.1295,13012366,KWWN002062,Wastewater,0.54,0.9,1.59,2.13,2.48,WWMH,,INUS,Waikanae,WSM01233,1974
1767021.914,5466824.2345,13012367,KWWN002233,Wastewater,3.04,3.39,4.71,7.75,8.1,WWMH,,INUS,Paraparaumu,PSM00251,1980
1767153.984,5468717.4595,13012368,KWWN002602,Wastewater,1.47,1.82,1.25,2.71,3.07,WWMH,,INUS,Paraparaumu,PSM00672,1981
1767383.86,5468656.1445,13012369,KWWN002615,Wastewater,2.23,2.58,3.58,5.81,6.17,WWMH,,INUS,Paraparaumu,PSM00689,1981
1769585.094,5470468.4495,13012370,KWWN002915,Wastewater,13.67,14.02,1.18,14.85,15.2,WWMH,,INUS,Paraparaumu,PSM01122,1986
1771243.96,5475262.1235,13012371,KWWN002042,Wastewater,1.16,1.52,1.76,2.92,3.28,WWMH,,INUS,Waikanae,WSM01213,1974
1766863.581,5468796.1315,13012372,KWWN002429,Wastewater,0.82,1.17,2.28,3.1,3.45,WWMH,,INUS,Paraparaumu,PSM00724,1980
1766241.028,5466336.5085,13012373,KWWN002112,Wastewater,6.72,7.07,1.29,8.01,8.36,WWMH,,INUS,Paraparaumu,PSM00100,1980
1768894.622,5472227.8355,13012374,KWWN003015,Wastewater,2.21,2.57,1.63,3.84,4.2,WWMH,,INUS,Paraparaumu,PSM01358,1980
1768119.901,5467952.9015,13012375,KWWN002766,Wastewater,3.47,3.81,2.25,5.72,6.06,WWMH,,INUS,Paraparaumu,PSM00916,1980
1766822.727,5466339.5305,13012376,KWWN002223,Wastewater,5.49,5.84,1.92,7.41,7.76,WWMH,,INUS,Paraparaumu,PSM00241,1980
1766633.588,5467614.8125,13012377,KWWN002093,Wastewater,4.17,4.52,3.91,8.08,8.43,WWMH,,INUS,Paraparaumu,PSM00025,1977
1767047.261,5469193.7855,13012378,KWWN002575,Wastewater,1.75,2.1,0.8,2.54,2.9,WWMH,,INUS,Paraparaumu,PSM00641,1981
1766148.733,5465649.5585,13012379,KWWN002129,Wastewater,1.46,1.81,2.81,4.27,4.62,WWMH,,INUS,Paraparaumu,PSM00119,1980
1766883.296,5467143.4715,13012380,KWWN002390,Wastewater,4.83,5.19,1,5.83,6.19,WWMH,,INUS,Paraparaumu,PSM00454,1978
1767273.481,5467656.6525,13012381,KWWN002402,Wastewater,3.66,4.01,2.05,5.71,6.06,WWMH,,INUS,Paraparaumu,PSM00469,1977
1769396.313,5469878.0305,13012382,KWWN002929,Wastewater,,,,,,WWMH,,INUS,Paraparaumu,PSM01138,1977
1767512.37,5472436.4665,13012383,KWWN003100,Wastewater,2.31,2.67,0.83,3.14,3.5,WWMH,,INUS,Paraparaumu,PSM01471,1979
1767460.642,5472467.9885,13012384,KWWN003103,Wastewater,3.06,3.42,0.53,3.59,3.95,WWMH,,INUS,Paraparaumu,PSM01474,1979
1766549.705,5466565.7615,13012385,KWWN002311,Wastewater,2.13,2.48,2.75,4.88,5.23,WWMH,,INUS,Paraparaumu,PSM00350,1981
1767442.425,5468101.9375,13012386,KWWN002500,Wastewater,3.27,3.61,2.98,6.25,6.59,WWMH,,INUS,Paraparaumu,PSM00546,1978
1767449.633,5468700.9285,13012387,KWWN002617,Wastewater,7.28,7.63,1.16,8.44,8.79,WWMH,,INUS,Paraparaumu,PSM00692,1981
1766898.299,5469657.1715,13012388,KWWN002658,Wastewater,1.47,1.83,2.03,3.5,3.86,WWMH,,INUS,Paraparaumu,PSM00783,1981
1767484.987,5466127.8625,13012389,KWWN002273,Wastewater,5.35,5.7,2.84,8.19,8.54,WWMH,,INUS,Paraparaumu,PSM00301,1980
1766550.719,5469957.3835,13012390,KWWN003028,Wastewater,1.41,1.76,2.25,3.65,4.01,WWMH,,INUS,Paraparaumu,PSM01433,1979
1767170.063,5468701.9405,13012391,KWWN002603,Wastewater,0.69,1.04,1.57,2.25,2.61,WWMH,,INUS,Paraparaumu,PSM00673,1981
1768149.107,5467815.5615,13012392,KWWN002747,Wastewater,3.71,4.05,1.42,5.13,5.47,WWMH,,INUS,Paraparaumu,PSM00890,1980
1767728.74,5466723.6545,13012393,KWWN002808,Wastewater,5.96,6.31,1.19,7.15,7.5,WWMH,,INUS,Paraparaumu,PSM00981,1980
1766352.517,5465631.5915,13012394,KWWN002201,Wastewater,13.44,13.79,0.9,14.34,14.69,WWMH,,INUS,Paraparaumu,PSM00212,1981
1768690.344,5467786.0855,13012395,KWWN002844,Wastewater,62.23,62.58,1.84,64.07,64.42,WWMH,,INUS,Paraparaumu,PSM01038,1993
1769463.776,5469862.5555,13012396,KWWN002930,Wastewater,7.53,7.88,1.43,8.96,9.31,WWMH,,INUS,Paraparaumu,PSM01139,1976
1771825.428,5475192.1795,13012397,KWWN002061,Wastewater,0.59,0.95,3.4,3.99,4.35,WWMH,,INUS,Waikanae,WSM01232,1974
1766873.176,5468415.4575,13012398,KWWN002550,Wastewater,2.14,2.49,1.1,3.23,3.59,WWMH,,INUS,Paraparaumu,PSM00611,1979
1769812.322,5472194.2285,13012399,KWWN002974,Wastewater,3.4,3.76,1.72,5.12,5.48,WWMH,,INUS,Paraparaumu,PSM01317,1981
1766711.018,5469434.1165,13012400,KWWN002697,Wastewater,4.28,4.63,1.83,6.11,6.46,WWMH,,INUS,Paraparaumu,PSM00833,1981
1767186.107,5467814.5335,13012401,KWWN002412,Wastewater,3.94,4.29,1.61,5.55,5.9,WWMH,,INUS,Paraparaumu,PSM00481,1977
1768050.358,5466972.3135,13012402,KWWN002813,Wastewater,,,,6.77,7.12,WWMH,,INUS,Paraparaumu,PSM00988,1980
1769312.511,5468334.6645,13012403,KWWN002904,Wastewater,20.9,21.25,1.65,22.55,22.9,WWMH,,INUS,Paraparaumu,PSM01110,1975
1766598.102,5469222.5355,13012404,KWWN002668,Wastewater,2.52,2.88,1.42,3.94,4.3,WWMH,,INUS,Paraparaumu,PSM00797,1989
1766206.236,5465969.5905,13012405,KWWN002122,Wastewater,1.95,2.3,1,2.95,3.3,WWMH,,INUS,Paraparaumu,PSM00111,1980
1768107.748,5468392.9775,13012406,KWWN002722,Wastewater,2.8,3.15,2.07,4.87,5.22,WWMH,,INUS,Paraparaumu,PSM00861,1978
1770229.169,5472829.5955,13012407,KWWN002967,Wastewater,-0.46,-0.11,1.92,1.46,1.82,WWMH,,INUS,Paraparaumu,PSM01306,1981
1766916.494,5468648.9875,13012408,KWWN002585,Wastewater,1.09,1.45,2.17,3.26,3.62,WWMH,,INUS,Paraparaumu,PSM00653,1980
1766599.219,5468984.6325,13012409,KWWN002638,Wastewater,1.89,2.25,2.15,4.04,4.4,WWMH,,INUS,Paraparaumu,PSM00756,1980
1768639.961,5467758.7565,13012410,KWWN002843,Wastewater,56.58,56.92,1.32,57.9,58.24,WWMH,,INUS,Paraparaumu,PSM01037,1993
1767930.481,5468072.2725,13012411,KWWN002778,Wastewater,3.36,3.71,1.1,4.46,4.81,WWMH,,INUS,Paraparaumu,PSM00938,1980
1769142.726,5467456.8755,13012412,KWWN002881,Wastewater,33.12,33.47,1.22,34.34,34.69,WWMH,,INUS,Paraparaumu,PSM01081,1976
1768933.825,5468343.7315,13012413,KWWN002793,Wastewater,11.92,12.28,1.4,13.32,13.68,WWMH,,INUS,Paraparaumu,PSM00965,1980
1769975.18,5471939.5885,13012414,KWWN002978,Wastewater,5.35,5.71,1.56,6.91,7.26,WWMH,,INUS,Paraparaumu,PSM01322,1981
1767479.742,5468015.6425,13012415,KWWN002449,Wastewater,3.63,3.98,0.85,4.48,4.83,WWMH,,INUS,Paraparaumu,PSM00488,1979
1768010.803,5468006.6255,13012416,KWWN002770,Wastewater,2.77,3.11,1.57,4.34,4.68,WWMH,,INUS,Paraparaumu,PSM00922,1980
1767921.948,5468445.2875,13012417,KWWN002718,Wastewater,-0.31,0.04,5,4.69,5.04,WWMH,,INUS,Paraparaumu,PSM00857,1978
1766804.069,5466796.9235,13012418,KWWN002236,Wastewater,4.35,4.7,3.72,8.07,8.42,WWMH,,INUS,Paraparaumu,PSM00254,1980
1769528.852,5469349.9455,13012419,KWWN002947,Wastewater,10.12,10.48,0.68,10.8,11.16,WWMH,,INUS,Paraparaumu,PSM01156,1979
1766959.346,5466703.0235,13012420,KWWN002221,Wastewater,,,1.63,,,WWMH,,INUS,Paraparaumu,PSM00238,1980
1767320.555,5468152.5635,13012421,KWWN002410,Wastewater,2,2.35,3.9,5.9,6.25,WWMH,,INUS,Paraparaumu,PSM00479,1978
1772069.345,5475412.8225,13012422,KWWN002071,Wastewater,0.19,0.54,3.52,3.71,4.07,WWMH,,INUS,Waikanae,WSM01242,1973
1766830.579,5469173.5655,13012423,KWWN002676,Wastewater,1.79,2.15,1.18,2.98,3.33,WWMH,,INUS,Paraparaumu,PSM00808,1980
1769395.51,5468191.6495,13012424,KWWN002897,Wastewater,26.69,27.03,0.58,27.27,27.61,WWMH,,INUS,Paraparaumu,PSM01101,1963
1769579.833,5469954.2165,13012425,KWWN002917,Wastewater,,,1.61,,,WWMH,,INUS,Paraparaumu,PSM01124,1977
1767850.422,5468497.5085,13012426,KWWN002419,Wastewater,-0.12,0.23,4.1,3.98,4.33,WWMH,,INUS,Paraparaumu,PSM00713,1981
1771416.931,5474965.9255,13012427,KWWN002051,Wastewater,2.6,2.96,0.93,3.53,3.89,WWMH,,INUS,Waikanae,WSM01222,1974
1768947.912,5467668.7955,13012428,KWWN002837,Wastewater,34.38,34.73,2.3,36.68,37.03,WWMH,,INUS,Paraparaumu,PSM01031,1993
1767144.583,5468640.3245,13012429,KWWN002607,Wastewater,1.23,1.59,2.69,3.92,4.28,WWMH,,INUS,Paraparaumu,PSM00679,1981
1769305.212,5467653.0485,13012430,KWWN002845,Wastewater,45.22,45.57,2.19,47.41,47.76,WWMH,,INUS,Paraparaumu,PSM01039,1975
1767403.434,5467836.3935,13012431,KWWN002457,Wastewater,2.06,2.4,3.21,5.27,5.62,WWMH,,INUS,Paraparaumu,PSM00498,1979
1766922.84,5467352.9955,13012432,KWWN002387,Wastewater,3.58,3.94,3.21,6.79,7.14,WWMH,,INUS,Paraparaumu,PSM00451,1977
1766937.133,5469514.9065,13012433,KWWN002655,Wastewater,2.19,2.54,3.07,5.26,5.61,WWMH,,INUS,Paraparaumu,PSM00779,1980
1767088.7,5469082.6675,13012434,KWWN002567,Wastewater,5.31,5.66,1.49,6.8,7.15,WWMH,,INUS,Paraparaumu,PSM00629,1981
1766652.147,5466749.0475,13012435,KWWN002335,Wastewater,2.55,2.9,5.07,7.62,7.97,WWMH,,INUS,Paraparaumu,PSM00376,1980
1766157.029,5465693.3235,13012436,KWWN002128,Wastewater,2.3,2.65,1.98,4.28,4.63,WWMH,,INUS,Paraparaumu,PSM00118,1980
1766729.929,5468748.8215,13012437,KWWN002437,Wastewater,10.55,10.9,1.13,11.68,12.04,WWMH,,INUS,Paraparaumu,PSM00733,1980
1767141.289,5467091.7495,13012438,KWWN002245,Wastewater,3.76,4.11,2.69,6.45,6.8,WWMH,,INUS,Paraparaumu,PSM00267,1980
1766736.955,5468958.1705,13012439,KWWN002447,Wastewater,8.27,8.63,2.35,10.62,10.98,WWMH,,INUS,Paraparaumu,PSM00746,1980
1766488.455,5467450.9285,13012440,KWWN002347,Wastewater,7.61,7.96,1.53,9.14,9.49,WWMH,,INUS,Paraparaumu,PSM00391,1977
1769297.961,5469335.7755,13012441,KWWN002953,Wastewater,6.26,6.62,1.96,8.22,8.58,WWMH,,INUS,Paraparaumu,PSM01162,1977
1767184.381,5468836.7445,13012442,KWWN002561,Wastewater,2.35,2.71,1.09,3.44,3.8,WWMH,,INUS,Paraparaumu,PSM00623,1981
1771421.553,5475105.6325,13012443,KWWN002044,Wastewater,2.49,2.85,1.78,4.27,4.63,WWMH,,INUS,Waikanae,WSM01215,1974
1769324.554,5467320.0565,13012444,KWWN002875,Wastewater,44.61,44.96,,,,WWMH,,INUS,Paraparaumu,PSM01075,1976
1767460.374,5468203.7705,13012445,KWWN002535,Wastewater,3.15,3.5,1.5,4.65,5,WWMH,,INUS,Paraparaumu,PSM00587,1978
1766743.724,5470135.5425,13012446,KWWN003034,Wastewater,3.51,3.86,1.45,4.96,5.31,WWMH,,INUS,Paraparaumu,PSM01440,1978
1772406.322,5475835.4415,13012447,KWWN002076,Wastewater,-0.51,-0.15,3.56,3.05,3.41,WWMH,,INUS,Waikanae,WSM01247,1978
1767079.95,5468810.5705,13012448,KWWN002559,Wastewater,7.15,7.5,1.39,8.54,8.89,WWMH,,INUS,Paraparaumu,PSM00620,1980
1767358.531,5468455.8015,13012449,KWWN002627,Wastewater,7.83,8.19,2.45,10.28,10.64,WWMH,,INUS,Paraparaumu,PSM00706,1979
1766985.056,5468435.6645,13012450,KWWN002553,Wastewater,2,2.35,2.37,4.37,4.72,WWCE,,INUS,Paraparaumu,PSM00614,1979
1766701.245,5467055.7835,13012451,KWWN002818,Wastewater,5.65,6,1.47,7.12,7.47,WWMH,,INUS,Paraparaumu,PSM01005,1980
1768504.622,5468430.4445,13012452,KWWN002739,Wastewater,2.86,3.22,2.77,5.63,5.99,WWMH,,INUS,Paraparaumu,PSM00882,1980
1766691.222,5466746.5025,13012453,KWWN002334,Wastewater,8.48,8.83,1.55,10.03,10.38,WWMH,,INUS,Paraparaumu,PSM00375,1980
1767092.638,5467366.4125,13012454,KWWN002474,Wastewater,2.87,3.22,2.29,5.16,5.51,WWMH,,INUS,Paraparaumu,PSM00517,1977
1771490.267,5475527.7625,13012455,KWWN002024,Wastewater,0.68,1.04,3.27,3.95,4.31,WWMH,,INUS,Waikanae,WSM01195,1974
1768129.809,5467059.6975,13012456,KWWN002785,Wastewater,8.48,8.83,1.35,9.83,10.18,WWMH,,INUS,Paraparaumu,PSM00952,1980
1767117.106,5468738.4255,13012457,KWWN002601,Wastewater,2.44,2.79,1.09,3.53,3.88,WWMH,,INUS,Paraparaumu,PSM00671,1980
1767060.403,5466823.9435,13012458,KWWN002232,Wastewater,2.17,2.52,3.8,5.97,6.32,WWMH,,INUS,Paraparaumu,PSM00250,1980
1768035.446,5466928.9035,13012459,KWWN002812,Wastewater,,,,6.78,7.12,WWMH,,INUS,Paraparaumu,PSM00987,1980
1768595.062,5468128.5045,13012460,KWWN002703,Wastewater,3.55,3.9,2.22,5.77,6.12,WWMH,,INUS,Paraparaumu,PSM00841,1979
1767077.816,5468403.5205,13012461,KWWN002555,Wastewater,1.15,1.5,2.6,3.75,4.1,WWMH,,INUS,Paraparaumu,PSM00616,1979
1767243.304,5468673.9415,13012462,KWWN002608,Wastewater,0.5,0.86,3.63,4.13,4.49,WWMH,,INUS,Paraparaumu,PSM00680,1981
1767587.955,5468781.2445,13012463,KWWN002619,Wastewater,-0.65,-0.3,4,3.35,3.7,WWMH,,INUS,Paraparaumu,PSM00696,1981
1768733.423,5467671.1645,13012464,KWWN002840,Wastewater,42.76,43.11,1.23,43.99,44.34,WWMH,,INUS,Paraparaumu,PSM01034,1993
1768905.596,5467761.1185,13012465,KWWN002836,Wastewater,,,,49.49,49.84,WWCE,,INUS,Paraparaumu,PSM01030,1979
1766492.761,5466439.7755,13012466,KWWN002178,Wastewater,5.24,5.59,1.93,7.17,7.52,WWMH,,INUS,Paraparaumu,PSM00175,1980
1766593.64,5468106.6165,13012467,KWWN002370,Wastewater,9.25,9.6,0.92,10.17,10.52,WWMH,,INUS,Paraparaumu,PSM00429,1978
1769705.823,5469857.7765,13012468,KWWN002921,Wastewater,7.63,7.99,0.87,8.5,8.86,WWMH,,INUS,Paraparaumu,PSM01128,1977
1769150.903,5467475.3295,13012469,KWWN002883,Wastewater,30.81,31.16,2.1,32.91,33.26,WWMH,,INUS,Paraparaumu,PSM01083,1976
1767152.753,5468927.3725,13012470,KWWN002571,Wastewater,6.07,6.43,1.01,7.08,7.44,WWMH,,INUS,Paraparaumu,PSM00635,1981
1771582.171,5475513.0145,13012471,KWWN002018,Wastewater,1.41,1.77,2.75,4.16,4.52,WWMH,,INUS,Waikanae,WSM01189,1974
1767067.822,5468860.7035,13012472,KWWN002563,Wastewater,7.57,7.93,1.47,9.04,9.4,WWMH,,INUS,Paraparaumu,PSM00625,1981
1771415.458,5475304.7775,13012473,KWWN002033,Wastewater,2.42,2.78,1.5,3.92,4.28,WWMH,,INUS,Waikanae,WSM01204,1974
1766756.444,5467803.5295,13012474,KWWN002378,Wastewater,,,5,,,WWMH,,INUS,Paraparaumu,PSM00440,1979
1766543.034,5466805.6665,13012475,KWWN002320,Wastewater,0.9,1.25,3.3,4.2,4.55,WWMH,,INUS,Paraparaumu,PSM00360,1980
1769835.244,5471224.6375,13012476,KWWN002981,Wastewater,4.96,5.31,0.94,5.9,6.25,WWMH,,INUS,Paraparaumu,PSM01325,1991
1769113.326,5468204.4215,13012477,KWWN002890,Wastewater,24.86,25.21,2.04,26.9,27.25,WWMH,,INUS,Paraparaumu,PSM01090,1984
1767142.307,5466917.0045,13012478,KWWN002087,Wastewater,11.58,11.94,1.42,13,13.36,WWMH,,INUS,Paraparaumu,PSM00015,1980
1767547.09,5468293.7145,13012479,KWWN002539,Wastewater,4.01,4.36,1.55,5.56,5.91,WWMH,,INUS,Paraparaumu,PSM00592,1978
1771356.903,5475186.2415,13012480,KWWN002037,Wastewater,2.1,2.46,1.4,3.5,3.86,WWMH,,INUS,Waikanae,WSM01208,1974
1766673.028,5466845.6135,13012481,KWWN002814,Wastewater,3,3.35,2.74,5.74,6.09,WWMH,,INUS,Paraparaumu,PSM01000,1980
1766984.102,5468567.3035,13012482,KWWN002599,Wastewater,5.63,5.99,1.82,7.45,7.8,WWMH,,INUS,Paraparaumu,PSM00669,1980
1767483.682,5467916.6245,13012483,KWWN002450,Wastewater,2.54,2.89,3.1,5.64,5.99,WWMH,,INUS,Paraparaumu,PSM00491,1979
1767078.711,5468946.6475,13012484,KWWN002564,Wastewater,8.23,8.59,1.22,9.45,9.8,WWMH,,INUS,Paraparaumu,PSM00626,1981
1766978.424,5468955.5615,13012485,KWWN002424,Wastewater,4.82,5.17,1.09,5.91,6.26,WWMH,,INUS,Paraparaumu,PSM00719,1980
1768545.896,5469328.4735,13012486,KWWN002960,Wastewater,6.42,6.77,1.21,7.63,7.98,WWMH,,INUS,Paraparaumu,PSM01170,1975
1766702.164,5466392.1535,13012487,KWWN002210,Wastewater,3.34,3.69,5.1,8.44,8.79,WWMH,,INUS,Paraparaumu,PSM00225,1980
1766386.012,5466069.3385,13012488,KWWN002165,Wastewater,16.86,17.22,2.17,19.03,19.39,WWMH,,INUS,Paraparaumu,PSM00159,1980
1768589.508,5471375.1015,13012489,KWWN003018,Wastewater,1.68,2.03,2.88,4.56,4.91,WWMH,,INUS,Paraparaumu,PSM01414,1995
1767166.081,5468836.4445,13012490,KWWN002560,Wastewater,7.67,8.03,1.2,8.88,9.23,WWMH,,INUS,Paraparaumu,PSM00622,1981
1766480.607,5466803.7395,13012491,KWWN002337,Wastewater,7.75,8.1,1.1,8.85,9.2,WWMH,,INUS,Paraparaumu,PSM00378,1980
1769553.908,5469990.3135,13012492,KWWN002916,Wastewater,6.94,7.29,2,8.94,9.29,WWMH,,INUS,Paraparaumu,PSM01123,1977
1771847.515,5475316.9515,13012493,KWWN002065,Wastewater,3.11,3.46,1.59,4.7,5.05,WWMH,,INUS,Waikanae,WSM01236,1986
1766179.432,5465948.8365,13012494,KWWN002124,Wastewater,0.61,0.96,3.11,3.72,4.07,WWMH,,INUS,Paraparaumu,PSM00114,1980
1768148.227,5467053.3455,13012495,KWWN002786,Wastewater,9.6,9.95,1.59,11.19,11.54,WWMH,,INUS,Paraparaumu,PSM00953,1980
1766888.982,5468541.1975,13012496,KWWN002583,Wastewater,3.4,3.76,1.5,4.9,5.26,WWMH,,INUS,Paraparaumu,PSM00651,1980
1766733.958,5467120.1695,13012497,KWWN002819,Wastewater,3.31,3.67,2.36,5.67,6.03,WWMH,,INUS,Paraparaumu,PSM01006,1980
1766801.718,5466847.4505,13012498,KWWN002239,Wastewater,10.99,11.34,1.18,12.17,12.52,WWMH,,INUS,Paraparaumu,PSM00259,1980
1769151.131,5469546.3535,13012499,KWWN002939,Wastewater,,,,,,WWMH,,INUS,Paraparaumu,PSM01148,1977
1767984.29,5468155.5975,13012500,KWWN002790,Wastewater,1.64,1.99,3.08,4.72,5.07,WWMH,,INUS,Paraparaumu,PSM00958,1980
1767088.676,5466993.4325,13012501,KWWN002243,Wastewater,2.98,3.33,2.84,5.82,6.17,WWMH,,INUS,Paraparaumu,PSM00265,1980
1766779.643,5467880.3025,13012502,KWWN002377,Wastewater,0.09,0.44,3.6,3.69,4.04,WWMH,,INUS,Paraparaumu,PSM00439,1978
1767720.382,5466449.7405,13012503,KWWN002801,Wastewater,5.11,5.45,1.46,6.57,6.91,WWMH,,INUS,Paraparaumu,PSM00973,1980
1768185.353,5468377.6075,13012504,KWWN002725,Wastewater,3.94,4.29,1.06,5,5.35,WWMH,,INUS,Paraparaumu,PSM00865,1978
1767581.009,5467669.3245,13012505,KWWN002398,Wastewater,9.39,9.73,2.15,11.54,11.88,WWMH,,INUS,Paraparaumu,PSM00464,1977
1766613.483,5466557.3165,13012506,KWWN002331,Wastewater,6.49,6.85,0.97,7.46,7.82,WWMH,,INUS,Paraparaumu,PSM00372,1981
1767763.63,5466411.0875,13012507,KWWN002800,Wastewater,4.63,4.97,1.81,6.44,6.78,WWMH,,INUS,Paraparaumu,PSM00972,1980
1766647.696,5468344.3245,13012508,KWWN002515,Wastewater,2.72,3.08,0.72,3.44,3.8,WWMH,,INUS,Paraparaumu,PSM00564,1978
1766398.896,5465801.6075,13012509,KWWN002150,Wastewater,,,,5.23,5.59,WWMH,,INUS,Paraparaumu,PSM00141,1980
1767420.249,5467852.8285,13012510,KWWN002456,Wastewater,1.88,2.23,3.47,5.35,5.7,WWMH,,INUS,Paraparaumu,PSM00497,1979
1766714.369,5467344.8715,13012511,KWWN002338,Wastewater,3.9,4.25,1.29,5.19,5.54,WWMH,,INUS,Paraparaumu,PSM00379,1979
1767260.049,5468839.2335,13012512,KWWN002610,Wastewater,1.4,1.76,2.75,4.15,4.51,WWMH,,INUS,Paraparaumu,PSM00682,1981
1770003.394,5471459.0815,13012513,KWWN002985,Wastewater,4.34,4.69,1.8,6.14,6.49,WWMH,,INUS,Paraparaumu,PSM01329,1991
1766901.546,5469473.3565,13012514,KWWN002654,Wastewater,1.85,2.2,2.24,4.09,4.44,WWMH,,INUS,Paraparaumu,PSM00778,1980
1766844.662,5468974.9305,13012515,KWWN002445,Wastewater,-0.37,-0.01,3.17,2.8,3.16,WWMH,,INUS,Paraparaumu,PSM00744,1980
1766820.471,5469331.0495,13012516,KWWN002681,Wastewater,1.44,1.79,1.43,2.87,3.22,WWMH,,INUS,Paraparaumu,PSM00813,1980
1766200.475,5465899.1525,13012517,KWWN002125,Wastewater,0.4,0.76,3.32,3.72,4.08,WWMH,,INUS,Paraparaumu,PSM00115,1980
1768003.539,5467790.0935,13012518,KWWN002753,Wastewater,3.58,3.93,4.19,7.77,8.12,WWMH,,INUS,Paraparaumu,PSM00897,1980
1766346.606,5466224.1595,13012519,KWWN002183,Wastewater,15.17,15.53,1.35,16.52,16.88,WWMH,,INUS,Paraparaumu,PSM00180,1980
1766423.326,5466952.4945,13012520,KWWN002293,Wastewater,12.49,12.84,1,13.49,13.84,WWMH,,INUS,Paraparaumu,PSM00327,1980
1766697.674,5469184.4085,13012521,KWWN002666,Wastewater,9.25,9.61,1.56,10.81,11.17,WWMH,,INUS,Paraparaumu,PSM00793,1980
1767863.026,5468357.2725,13012522,KWWN002716,Wastewater,0.2,0.56,4.52,4.72,5.08,WWMH,,INUS,Paraparaumu,PSM00855,1980
1766623.801,5468888.2845,13012523,KWWN002641,Wastewater,1.09,1.45,3.06,4.15,4.51,WWMH,,INUS,Paraparaumu,PSM00759,1980
1766629.764,5466403.7785,13012524,KWWN002204,Wastewater,6.67,7.02,1.46,8.13,8.48,WWMH,,INUS,Paraparaumu,PSM00218,1980
1767137.217,5467832.1805,13012525,KWWN002406,Wastewater,4.28,4.63,1.52,5.8,6.15,WWMH,,INUS,Paraparaumu,PSM00473,1977
1767431.111,5468545.6415,13012526,KWWN002625,Wastewater,2.68,3.03,2.18,4.85,5.21,WWMH,,INUS,Paraparaumu,PSM00704,1981
1767535.858,5466512.1305,13012527,KWWN002267,Wastewater,6.03,6.37,2.88,8.91,9.25,WWMH,,INUS,Paraparaumu,PSM00294,1980
1766621.48,5467188.4485,13012528,KWWN002325,Wastewater,2.07,2.42,4.11,6.18,6.53,WWMH,,INUS,Paraparaumu,PSM00365,1980
1769149.513,5468231.2405,13012529,KWWN002889,Wastewater,24.45,24.8,1.67,26.12,26.46,WWMH,,INUS,Paraparaumu,PSM01089,1984
1766645.681,5469771.0695,13012530,KWWN003032,Wastewater,0.58,0.93,1.42,2,2.35,WWMH,,INUS,Paraparaumu,PSM01437,1979
1772431.593,5475859.2905,13012531,KWWN002077,Wastewater,-0.55,-0.2,3.67,3.12,3.48,WWMH,,INUS,Waikanae,WSM01248,1973
1768118.687,5472826.6795,13012532,KWWN002998,Wastewater,3.47,3.83,0.66,4.13,4.49,WWMH,,INUS,Paraparaumu,PSM01341,1979
1769297.99,5469501.3155,13012533,KWWN002955,Wastewater,6.47,6.82,1.94,8.41,8.76,WWMH,,INUS,Paraparaumu,PSM01164,1977
1766931.668,5466699.5405,13012534,KWWN002219,Wastewater,5.09,5.44,2.06,7.15,7.5,WWMH,,INUS,Paraparaumu,PSM00236,1980
1767071.856,5469033.6855,13012535,KWWN002566,Wastewater,8.14,8.5,1.61,9.75,10.11,WWMH,,INUS,Paraparaumu,PSM00628,1981
1768539.134,5468396.3575,13012536,KWWN002740,Wastewater,4.11,4.46,2.02,6.13,6.49,WWMH,,INUS,Paraparaumu,PSM00883,1980
1766973.912,5467357.3565,13012537,KWWN002476,Wastewater,3.16,3.51,3.1,6.25,6.61,WWMH,,INUS,Paraparaumu,PSM00520,1977
1768263.864,5467560.0205,13012538,KWWN002774,Wastewater,6.37,6.72,1.22,7.59,7.94,WWMH,,INUS,Paraparaumu,PSM00927,1980
1768398.885,5468323.8685,13012539,KWWN002711,Wastewater,1.91,2.26,4.24,6.15,6.5,WWMH,,INUS,Paraparaumu,PSM00850,1980
1769251.233,5467609.4745,13012540,KWWN002846,Wastewater,46.25,46.59,2.07,48.32,48.66,WWMH,,INUS,Paraparaumu,PSM01040,1975
1767294.484,5468380.8845,13012541,KWWN002542,Wastewater,9.49,9.85,1.58,11.07,11.43,WWMH,,INUS,Paraparaumu,PSM00595,1979
1767419.006,5468127.5395,13012542,KWWN002498,Wastewater,2.72,3.07,2.82,5.54,5.89,WWMH,,INUS,Paraparaumu,PSM00544,1978
1766683.68,5467148.5555,13012543,KWWN002344,Wastewater,2.78,3.13,1.06,3.84,4.19,WWMH,,INUS,Paraparaumu,PSM00385,1980
1769240.546,5467360.7015,13012544,KWWN002877,Wastewater,38.82,39.17,1.92,40.74,41.09,WWMH,,INUS,Paraparaumu,PSM01077,1976
1766585.033,5468965.7985,13012545,KWWN002639,Wastewater,1.71,2.07,3.05,4.76,5.12,WWMH,,INUS,Paraparaumu,PSM00757,1980
1766631.459,5468817.9795,13012546,KWWN002439,Wastewater,0.69,1.04,4.61,5.3,5.65,WWMH,,INUS,Paraparaumu,PSM00737,1980
1769462.386,5468649.5645,13012547,KWWN002901,Wastewater,13.85,14.2,1.63,15.48,15.83,WWMH,,INUS,Paraparaumu,PSM01106,1975
1767913.741,5468450.1035,13012548,KWWN002420,Wastewater,-0.59,-0.24,4.51,3.92,4.27,WWMH,,INUS,Paraparaumu,PSM00714,1978
1766657.227,5467962.0705,13012549,KWWN002098,Wastewater,3.07,3.42,1.65,4.72,5.07,WWMH,,INUS,Paraparaumu,PSM00034,1978
1767481.893,5466534.9225,13012550,KWWN002802,Wastewater,3.59,3.94,3.31,6.9,7.25,WWMH,,INUS,Paraparaumu,PSM00975,1980
1766841.719,5469338.2895,13012551,KWWN002674,Wastewater,1.66,2.02,1.18,2.84,3.2,WWMH,,INUS,Paraparaumu,PSM00805,1980
1768178.655,5467521.4285,13012552,KWWN002762,Wastewater,6.07,6.42,1.68,7.75,8.1,WWMH,,INUS,Paraparaumu,PSM00908,1980
1769337.711,5469835.5505,13012553,KWWN002928,Wastewater,8.5,8.85,0.93,9.43,9.78,WWMH,,INUS,Paraparaumu,PSM01137,1980
1769112.935,5467886.4065,13012554,KWWN002849,Wastewater,26,26.34,1.07,27.07,27.41,WWMH,,INUS,Paraparaumu,PSM01044,1975
1769975.175,5472329.2865,13012555,KWWN002972,Wastewater,2.59,2.95,0.8,3.39,3.75,WWMH,,INUS,Paraparaumu,PSM01314,1981
1766531.454,5465828.1615,13012556,KWWN002152,Wastewater,3.73,4.08,2.93,6.65,7.01,WWMH,,INUS,Paraparaumu,PSM00145,1980
1766848.172,5468997.9415,13012557,KWWN002643,Wastewater,-0.58,-0.23,3.37,2.79,3.14,WWMH,,INUS,Paraparaumu,PSM00762,1980
1766977.444,5468966.1205,13012558,KWWN002425,Wastewater,5.36,5.72,1.03,6.39,6.75,WWMH,,INUS,Paraparaumu,PSM00720,1980
1766526.118,5467340.6465,13012559,KWWN002306,Wastewater,9.5,9.85,1.27,10.77,11.12,WWMH,,INUS,Paraparaumu,PSM00343,1979
1766205.554,5466103.6635,13012560,KWWN002117,Wastewater,1.31,1.66,2.36,3.67,4.02,WWMH,,INUS,Paraparaumu,PSM00105,1980
1767543.174,5467684.9215,13012561,KWWN002397,Wastewater,8.95,9.3,3.13,12.08,12.43,WWMH,,INUS,Paraparaumu,PSM00463,1979
1766482.186,5466315.3155,13012562,KWWN002193,Wastewater,3.23,3.58,2.01,5.24,5.59,WWMH,,INUS,Paraparaumu,PSM00200,1980
1766455.342,5466946.9385,13012563,KWWN002292,Wastewater,9.46,9.81,1.33,10.79,11.14,WWMH,,INUS,Paraparaumu,PSM00326,1980
1767212.94,5467602.4855,13012564,KWWN002464,Wastewater,4.51,4.86,1.42,5.93,6.28,WWMH,,INUS,Paraparaumu,PSM00505,1977
1766528.759,5468057.2795,13012565,KWWN002368,Wastewater,4.37,4.72,0.82,5.19,5.54,WWMH,,INUS,Paraparaumu,PSM00427,1978
1768612.329,5468087.5115,13012566,KWWN002831,Wastewater,4,4.34,1.93,5.92,6.27,WWMH,,INUS,Paraparaumu,PSM01021,1979
1769570.77,5469943.3295,13012567,KWWN002918,Wastewater,6.6,6.95,1.29,7.89,8.24,WWMH,,INUS,Paraparaumu,PSM01125,1977
1766646.181,5466242.9905,13012568,KWWN002207,Wastewater,4.27,4.63,4.06,8.33,8.69,WWMH,,INUS,Paraparaumu,PSM00221,1980
1771578.797,5475464.1975,13012569,KWWN002020,Wastewater,1.74,2.1,0.9,2.64,3,WWMH,,INUS,Waikanae,WSM01191,1974
1768254.946,5467494.2385,13012570,KWWN002772,Wastewater,5.68,6.02,2.47,8.15,8.49,WWMH,,INUS,Paraparaumu,PSM00925,1980
1767506.468,5467960.9245,13012571,KWWN002303,Wastewater,2.86,3.21,2.35,5.21,5.56,WWMH,,INUS,Paraparaumu,PSM00340,1979
1767622.394,5467998.2325,13012572,KWWN002506,Wastewater,8.52,8.87,2.63,11.15,11.5,WWMH,,INUS,Paraparaumu,PSM00553,1978
1767482.38,5468621.4045,13012573,KWWN002624,Wastewater,1.85,2.2,4.55,6.4,6.75,WWMH,,INUS,Paraparaumu,PSM00703,1981
1767395.763,5472377.2265,13012574,KWWN003104,Wastewater,2.09,2.45,0.91,3,3.36,WWMH,,INUS,Paraparaumu,PSM01477,1979
1769264.245,5469604.2625,13012575,KWWN002937,Wastewater,6.47,6.82,2.35,8.82,9.17,WWMH,,INUS,Paraparaumu,PSM01146,1974
1768359.585,5468284.4875,13012576,KWWN002736,Wastewater,1.54,1.89,3.42,4.96,5.3,WWMH,,INUS,Paraparaumu,PSM00879,1980
1766723.446,5468694.6205,13012577,KWWN002436,Wastewater,11.91,12.27,0.81,12.72,13.07,WWMH,,INUS,Paraparaumu,PSM00731,1981
1768202.591,5472754.6595,13012578,KWWN003001,Wastewater,2.92,3.27,0.88,3.8,4.15,WWMH,,INUS,Paraparaumu,PSM01344,1979
1767298.112,5467890.7665,13012579,KWWN002414,Wastewater,4.26,4.61,1.77,6.03,6.38,WWCE,,INUS,Paraparaumu,PSM00483,1977
1766320.044,5466359.9105,13012580,KWWN002186,Wastewater,12.74,13.09,3.16,15.9,16.25,WWMH,,INUS,Paraparaumu,PSM00183,1980
1766824.537,5468688.9415,13012581,KWWN002588,Wastewater,1.42,1.78,0.88,2.3,2.66,WWMH,,INUS,Paraparaumu,PSM00656,1980
1766442.915,5467457.1425,13012582,KWWN002348,Wastewater,8.99,9.34,1.15,10.14,10.49,WWMH,,INUS,Paraparaumu,PSM00392,1977
1766573.169,5466654.5725,13012583,KWWN002313,Wastewater,2.79,3.14,0.61,3.4,3.75,WWMH,,INUS,Paraparaumu,PSM00352,1981
1766929.403,5466642.9945,13012584,KWWN002222,Wastewater,4.42,4.78,1.48,5.9,6.25,WWMH,,INUS,Paraparaumu,PSM00240,1980
1769034.801,5467816.0385,13012585,KWWN002852,Wastewater,27.29,27.63,3.99,31.28,31.62,WWMH,,INUS,Paraparaumu,PSM01047,1975
1766320.34,5465616.4225,13012586,KWWN002190,Wastewater,13.9,14.25,1.35,15.25,15.6,WWMH,,INUS,Paraparaumu,PSM00187,1980
1771909.837,5475290.0185,13012587,KWWN002066,Wastewater,4.8,5.16,0.87,5.67,6.03,WWMH,,INUS,Waikanae,WSM01237,1988
1766617.113,5468383.6515,13012588,KWWN002514,Wastewater,4.4,4.76,1.72,6.12,6.48,WWMH,,INUS,Paraparaumu,PSM00563,1978
1766906.527,5468897.1825,13012589,KWWN002647,Wastewater,1.43,1.79,1.37,2.8,3.16,WWMH,,INUS,Paraparaumu,PSM00769,1981
1766917.021,5468338.5495,13012590,KWWN002487,Wastewater,0.91,1.27,2.36,3.27,3.63,WWMH,,INUS,Paraparaumu,PSM00533,1979
1767152.978,5468957.6585,13012591,KWWN002570,Wastewater,4.98,5.34,1.48,6.46,6.82,WWMH,,INUS,Paraparaumu,PSM00634,1981
1766638.37,5468965.3515,13012592,KWWN002632,Wastewater,3.06,3.42,1.01,4.07,4.43,WWMH,,INUS,Paraparaumu,PSM00750,1980
1769261.25,5467424.0025,13012593,KWWN002878,Wastewater,,,,,,WWMH,,INUS,Paraparaumu,PSM01078,1976
1766594.253,5467820.4155,13012594,KWWN002355,Wastewater,3.54,3.89,2.86,6.4,6.75,WWMH,,INUS,Paraparaumu,PSM00402,1978
1768905.435,5472004.3665,13012595,KWWN003009,Wastewater,1.75,2.11,1.73,3.48,3.84,WWMH,,INUS,Paraparaumu,PSM01352,1995
1767918.573,5467710.9155,13012596,KWWN002750,Wastewater,4.49,4.83,2.8,7.29,7.63,WWMH,,INUS,Paraparaumu,PSM00894,1981
1766726.207,5468701.8715,13012597,KWWN002435,Wastewater,10.1,10.46,0.75,10.85,11.21,WWMH,,INUS,Paraparaumu,PSM00730,1981
1766972.035,5466620.5585,13012598,KWWN002229,Wastewater,,,,,,WWMH,,INUS,Paraparaumu,PSM00247,1980
1766595.218,5466654.6145,13012599,KWWN002091,Wastewater,3.13,3.48,1.04,4.17,4.52,WWMH,,INUS,Paraparaumu,PSM00021,1981
1766497.044,5466242.6095,13012600,KWWN002174,Wastewater,1.04,1.39,3.14,4.18,4.53,WWMH,,INUS,Paraparaumu,PSM00170,1980
1767936.733,5467891.5195,13012601,KWWN002767,Wastewater,3.54,3.89,1.3,4.84,5.19,WWMH,,INUS,Paraparaumu,PSM00918,1980
1767862.209,5471923.5585,13012602,KWWN003022,Wastewater,5.83,6.18,1,6.83,7.18,WWMH,,INUS,Paraparaumu,PSM01419,1979
1766514.97,5466649.2365,13012603,KWWN002316,Wastewater,7.38,7.74,1.25,8.63,8.99,WWMH,,INUS,Paraparaumu,PSM00356,1980
1766991.006,5467071.2515,13012604,KWWN002251,Wastewater,4.78,5.13,3.09,7.87,8.22,WWMH,,INUS,Paraparaumu,PSM00274,1980
1771547.18,5475484.2595,13012605,KWWN002022,Wastewater,0.73,1.09,1.84,2.57,2.93,WWMH,,INUS,Waikanae,WSM01193,1979
1766471.11,5467129.1025,13012606,KWWN002297,Wastewater,7.89,8.24,1.44,9.33,9.68,WWMH,,INUS,Paraparaumu,PSM00332,1980
1766381.583,5465789.8335,13012607,KWWN002082,Wastewater,3.87,4.22,1.33,5.2,5.55,WWMH,,INUS,Paraparaumu,PSM00007,1980
1767040.482,5467112.3415,13012608,KWWN002248,Wastewater,4.33,4.68,2.64,6.97,7.33,WWMH,,INUS,Paraparaumu,PSM00271,1978
1767512.541,5467949.3925,13012609,KWWN002415,Wastewater,2.82,3.17,2.83,5.65,6,WWMH,,INUS,Paraparaumu,PSM00484,1979
1767162.135,5467297.3635,13012610,KWWN002469,Wastewater,,,,10.08,10.43,WWCE,,INUS,Paraparaumu,PSM00510,1978
1768354.076,5468367.8465,13012611,KWWN002712,Wastewater,2.39,2.74,2.47,4.86,5.21,WWMH,,INUS,Paraparaumu,PSM00851,1980
1766132.915,5465575.9225,13012612,KWWN002132,Wastewater,2.44,2.79,0.96,3.4,3.75,WWMH,,INUS,Paraparaumu,PSM00123,1980
1766277.214,5466522.9835,13012613,KWWN002283,Wastewater,6.27,6.62,1.76,8.03,8.38,WWMH,,INUS,Paraparaumu,PSM00314,1980
1766700.688,5469322.5525,13012614,KWWN002701,Wastewater,7.31,7.67,1.75,9.06,9.42,WWMH,,INUS,Paraparaumu,PSM00838,1989
1769337.742,5469125.0205,13012615,KWWN002945,Wastewater,7.94,8.29,1.52,9.46,9.81,WWMH,,INUS,Paraparaumu,PSM01154,1977
1768108.454,5467068.1435,13012616,KWWN002784,Wastewater,,,1.6,,,WWMH,,INUS,Paraparaumu,PSM00951,1980
1769824.407,5471574.4515,13012617,KWWN002979,Wastewater,7.23,7.58,0.76,7.99,8.34,WWMH,,INUS,Paraparaumu,PSM01323,1987
1766631.983,5468992.0385,13012618,KWWN002635,Wastewater,2.32,2.68,1.57,3.89,4.25,WWMH,,INUS,Paraparaumu,PSM00753,1980
1767422.084,5468166.4275,13012619,KWWN002536,Wastewater,3.83,4.17,1.48,5.31,5.66,WWMH,,INUS,Paraparaumu,PSM00589,1978
1766692.64,5466393.8865,13012620,KWWN002211,Wastewater,,,2.26,,,WWMH,,INUS,Paraparaumu,PSM00226,1980
1766492.083,5466588.6865,13012621,KWWN002315,Wastewater,8.52,8.87,2.07,10.59,10.94,WWMH,,INUS,Paraparaumu,PSM00355,1980
1766362.887,5465865.5155,13012622,KWWN002160,Wastewater,12.77,13.12,1.28,14.05,14.4,WWMH,,INUS,Paraparaumu,PSM00153,1980
1767798.309,5472640.6185,13012623,KWWN002990,Wastewater,0.91,1.27,1.23,2.14,2.5,WWMH,,INUS,Paraparaumu,PSM01333,1988
1769702.078,5472836.3535,13012624,KWWN002969,Wastewater,-0.5,-0.15,2.13,1.63,1.98,WWMH,,INUS,Paraparaumu,PSM01309,1981
1766950.706,5466684.1505,13012625,KWWN002220,Wastewater,4.97,5.33,1.39,6.36,6.71,WWMH,,INUS,Paraparaumu,PSM00237,1980
1766839.77,5468684.9035,13012626,KWWN002587,Wastewater,1.22,1.58,1.12,2.34,2.7,WWMH,,INUS,Paraparaumu,PSM00655,1980
1766633.356,5469006.7385,13012627,KWWN002636,Wastewater,4.29,4.65,1.21,5.5,5.86,WWMH,,PRV,Paraparaumu,PSM00754,1980
1768558.49,5468164.4285,13012628,KWWN002708,Wastewater,3.25,3.59,2.72,5.96,6.31,WWMH,,INUS,Paraparaumu,PSM00847,1979
1766674.173,5468183.5515,13012629,KWWN002362,Wastewater,7.12,7.48,1.17,8.29,8.65,WWMH,,INUS,Paraparaumu,PSM00409,1978
1766782.32,5468010.5165,13012630,KWWN002382,Wastewater,1.41,1.76,1.43,2.84,3.19,WWMH,,INUS,Paraparaumu,PSM00445,1978
1766404.597,5466456.9685,13012631,KWWN002281,Wastewater,10.46,10.81,1.2,11.66,12.01,WWMH,,INUS,Paraparaumu,PSM00310,1980
1767022.983,5468769.5525,13012632,KWWN002428,Wastewater,0.95,1.3,1.83,2.78,3.13,WWMH,,INUS,Paraparaumu,PSM00723,1980
1769215.448,5469448.2375,13012633,KWWN002957,Wastewater,,,,,,WWMH,,INUS,Paraparaumu,PSM01166,1977
1769335.824,5469382.0065,13012634,KWWN002951,Wastewater,6.84,7.19,1.28,8.12,8.47,WWMH,,INUS,Paraparaumu,PSM01160,1977
1766974.111,5469150.5395,13012635,KWWN002649,Wastewater,3.2,3.55,2.69,5.89,6.24,WWMH,,INUS,Paraparaumu,PSM00771,1980
1767436.311,5468311.7895,13012636,KWWN002531,Wastewater,3.35,3.7,1.94,5.29,5.64,WWMH,,INUS,Paraparaumu,PSM00583,1978
1767399.627,5468504.8785,13012637,KWWN002626,Wastewater,2.88,3.23,2.4,5.28,5.63,WWMH,,INUS,Paraparaumu,PSM00705,1979
1767616.977,5467990.0415,13012638,KWWN002507,Wastewater,8.75,9.1,2.74,11.49,11.84,WWMH,,INUS,Paraparaumu,PSM00554,1978
1766753.052,5467351.0485,13012639,KWWN002339,Wastewater,3.46,3.81,1.1,4.56,4.91,WWMH,,INUS,Paraparaumu,PSM00380,1979
1771561.3,5475246.3575,13012640,KWWN002046,Wastewater,2.92,3.28,2.44,5.36,5.72,WWMH,,INUS,Waikanae,WSM01217,1974
1766384.834,5466170.6575,13012641,KWWN002203,Wastewater,,,,,,WWMH,,PRV,Paraparaumu,,1980
1771898.895,5475320.9535,13012642,KWWN002067,Wastewater,2.75,3.1,1.48,4.23,4.58,WWMH,,INUS,Waikanae,SSWSM01238,1986
1769425.864,5467985.9415,13012643,KWWN002869,Wastewater,35.68,36.02,0.85,36.53,36.87,WWMH,,INUS,Paraparaumu,PSM01064,1975
1766799.569,5466896.7495,13012644,KWWN002240,Wastewater,12.16,12.51,1.36,13.52,13.87,WWMH,,INUS,Paraparaumu,PSM00261,1980
1768890.995,5467755.9795,13012645,KWWN002835,Wastewater,73.89,74.24,1.38,75.27,75.62,WWMH,,INUS,Paraparaumu,PSM01029,1966
1767506.099,5466395.5525,13012646,KWWN002269,Wastewater,10.17,10.52,1.21,11.38,11.73,WWMH,,INUS,Paraparaumu,PSM00296,1980
1766755.547,5468796.0245,13012647,KWWN002438,Wastewater,11.75,12.11,1.42,13.17,13.53,WWMH,,INUS,Paraparaumu,PSM00734,1981
1766572.6,5469386.4315,13012648,KWWN002685,Wastewater,2.48,2.83,0.8,3.27,3.63,WWMH,,INUS,Paraparaumu,PSM00817,1980
1767533.153,5468717.9685,13012649,KWWN002623,Wastewater,0.91,1.26,2.69,3.6,3.95,WWMH,,INUS,Paraparaumu,PSM00700,1981
1766978.79,5468311.6845,13012650,KWWN002488,Wastewater,0.51,0.87,2.75,3.26,3.62,WWMH,,INUS,Paraparaumu,PSM00534,1979
1769978.186,5471325.6045,13012651,KWWN002983,Wastewater,3.74,4.09,2.8,6.54,6.89,WWMH,,INUS,Paraparaumu,PSM01327,1991
1771548.242,5475213.0935,13012652,KWWN002047,Wastewater,2.64,3,2.05,4.69,5.04,WWMH,,INUS,Waikanae,WSM01218,1974
1766623.768,5468977.0915,13012653,KWWN002634,Wastewater,1.97,2.33,1.7,3.67,4.03,WWMH,,INUS,Paraparaumu,PSM00752,1980
1766380.162,5465633.5165,13012654,KWWN002199,Wastewater,4.85,5.2,1.05,5.9,6.25,WWMH,,INUS,Paraparaumu,PSM00210,1981
1771349.21,5475381.1955,13012655,KWWN002034,Wastewater,0.03,0.38,3.16,3.18,3.54,WWMH,,INUS,Waikanae,WSM01205,1974
1768667.33,5468234.3085,13012656,KWWN002706,Wastewater,5.29,5.64,1.33,6.62,6.97,WWMH,,INUS,Paraparaumu,PSM00844,1979
1768236.996,5473013.3495,13012657,KWWN002994,Wastewater,1.2,1.56,1.08,2.28,2.64,WWMH,,INUS,Paraparaumu,PSM01337,1972
1767424.81,5466307.2185,13012658,KWWN002277,Wastewater,7.95,8.3,2.6,10.55,10.9,WWMH,,INUS,Paraparaumu,PSM00306,1980
1766544.405,5468159.2205,13012659,KWWN002372,Wastewater,3.73,4.08,1.93,5.66,6.01,WWMH,,INUS,Paraparaumu,PSM00431,1978
1769258.432,5467770.7415,13012660,KWWN002858,Wastewater,31.94,32.29,0.57,32.51,32.86,WWMH,,INUS,Paraparaumu,PSM01053,1975
1771928.593,5475245.0995,13012661,KWWN002063,Wastewater,0.4,0.76,4.55,4.95,5.31,WWMH,,INUS,Waikanae,WSM01234,1973
1766586.981,5467118.6005,13012662,KWWN002324,Wastewater,1.61,1.96,2.52,4.13,4.48,WWMH,,INUS,Paraparaumu,PSM00364,1980
1768164.723,5467377.7195,13012663,KWWN002765,Wastewater,4.4,4.75,2.84,7.24,7.59,WWMH,,INUS,Paraparaumu,PSM00912,1990
1767073.744,5468762.6465,13012664,KWWN002558,Wastewater,5.46,5.82,1.71,7.17,7.53,WWMH,,INUS,Paraparaumu,PSM00619,1980
1766194.587,5466000.9325,13012665,KWWN002081,Wastewater,1,1.35,3.78,4.78,5.13,WWMH,,INUS,Paraparaumu,PSM00001,1980
1766774.622,5466782.4655,13012666,KWWN002237,Wastewater,4.49,4.84,4.53,9.02,9.37,WWMH,,INUS,Paraparaumu,PSM00255,1980
1769285.935,5468789.7785,13012667,KWWN002900,Wastewater,8.52,8.87,3.28,11.8,12.15,WWMH,,INUS,Paraparaumu,PSM01105,1975
1769367.517,5468354.2215,13012668,KWWN002908,Wastewater,17.62,17.97,2.2,19.82,20.17,WWMH,,INUS,Paraparaumu,PSM01114,1975
1766484.482,5466146.6585,13012669,KWWN002172,Wastewater,1.72,2.07,3.93,5.65,6,WWMH,,INUS,Paraparaumu,PSM00168,1980
1766742.149,5466533.0435,13012670,KWWN002213,Wastewater,5.66,6.01,2.02,7.68,8.03,WWMH,,INUS,Paraparaumu,PSM00228,1980
1766925.148,5467478.7255,13012671,KWWN002483,Wastewater,5.46,5.82,2.54,8,8.36,WWMH,,INUS,Paraparaumu,PSM00529,1985
1766682.17,5466966.0475,13012672,KWWN002817,Wastewater,,,3.45,,,WWMH,,INUS,Paraparaumu,PSM01003,1980
1768451.659,5468269.9685,13012673,KWWN002710,Wastewater,2.34,2.69,3.08,5.42,5.76,WWMH,,INUS,Paraparaumu,PSM00849,1979
1772124.538,5475484.4835,13012674,KWWN002072,Wastewater,0.09,0.45,4.73,4.82,5.18,WWMH,,INUS,Waikanae,WSM01243,1973
1768306.817,5468415.5735,13012675,KWWN002714,Wastewater,,,,4.34,4.7,WWMH,,INUS,Paraparaumu,PSM00853,1980
1766329.623,5465832.7155,13012676,KWWN002161,Wastewater,14.29,14.64,1.17,15.46,15.81,WWMH,,INUS,Paraparaumu,PSM00154,1980
1767116.779,5468281.9715,13012677,KWWN002491,Wastewater,1.03,1.38,3.8,4.83,5.18,WWMH,,INUS,Paraparaumu,PSM00537,1979
1766645.536,5469728.5485,13012678,KWWN003031,Wastewater,0.79,1.15,1.04,1.83,2.19,WWMH,,INUS,Paraparaumu,PSM01436,1979
1767306.245,5468495.8515,13012679,KWWN002548,Wastewater,2.68,3.03,0.68,3.36,3.71,WWMH,,INUS,Paraparaumu,PSM00606,1979
1766668.665,5467965.4155,13012680,KWWN002099,Wastewater,2.74,3.09,2.15,4.89,5.24,WWCE,,INUS,Paraparaumu,PSM00035,1978
1768288.515,5468213.0655,13012681,KWWN002776,Wastewater,1.47,1.81,3.42,4.89,5.23,WWMH,,INUS,Paraparaumu,PSM00931,1980
1769403.891,5468408.0515,13012682,KWWN002909,Wastewater,16.06,16.41,2.47,18.53,18.88,WWMH,,INUS,Paraparaumu,PSM01115,1975
1768633.323,5469346.2705,13012683,KWWN002962,Wastewater,4.35,4.7,2.42,6.77,7.12,WWMH,,INUS,Paraparaumu,PSM01172,1975
1766643.87,5468320.1485,13012684,KWWN002516,Wastewater,2.9,3.26,0.6,3.5,3.86,WWMH,,INUS,Paraparaumu,PSM00565,1978
1771657.676,5475002.4585,13012685,KWWN002058,Wastewater,0.88,1.24,2.63,3.52,3.87,WWMH,,INUS,Waikanae,WSM01229,1974
1766843.763,5468445.6035,13012686,KWWN002556,Wastewater,2.3,2.65,1.61,3.91,4.26,WWMH,,INUS,Paraparaumu,PSM00617,1979
1766629.062,5468784.4045,13012687,KWWN002440,Wastewater,0.53,0.88,3,3.53,3.88,WWMH,,INUS,Paraparaumu,PSM00738,1980
1766722.824,5466322.8015,13012688,KWWN002255,Wastewater,10.06,10.41,1.32,11.38,11.73,WWMH,,INUS,Paraparaumu,PSM00280,1980
1768246.821,5468163.1795,13012689,KWWN002829,Wastewater,2.39,2.74,2.55,4.94,5.29,WWMH,,INUS,Paraparaumu,PSM01019,1978
1766948.835,5468612.0485,13012690,KWWN002597,Wastewater,2.94,3.29,0.93,3.86,4.22,WWMH,,INUS,Paraparaumu,PSM00667,1980
1769601.364,5472738.4285,13012691,KWWN002971,Wastewater,-0.91,-0.55,3.61,2.7,3.06,WWMH,,INUS,Paraparaumu,PSM01313,1981
1769323.917,5467352.7675,13012692,KWWN002874,Wastewater,44.3,44.65,2.84,47.14,47.49,WWMH,,INUS,Paraparaumu,PSM01074,1976
1767236.739,5469263.0775,13012693,KWWN002581,Wastewater,1.59,1.94,3.07,4.66,5.01,WWMH,,INUS,Paraparaumu,PSM00648,1981
1766784.792,5468888.8035,13012694,KWWN002631,Wastewater,10.88,11.23,1.1,11.98,12.33,WWCE,,INUS,Paraparaumu,PSM00748,1980
1766977.868,5466618.4225,13012695,KWWN002228,Wastewater,3.58,3.93,3.36,6.94,7.29,WWMH,,INUS,Paraparaumu,PSM00246,1980
1766905.201,5466480.0865,13012696,KWWN002226,Wastewater,4.55,4.9,1.79,6.34,6.69,WWMH,,INUS,Paraparaumu,PSM00244,1980
1771545.357,5475132.3775,13012697,KWWN002056,Wastewater,1.59,1.95,2.11,3.7,4.06,WWMH,,INUS,Waikanae,WSM01227,1974
1769287.931,5469500.3845,13012698,KWWN002956,Wastewater,6.36,6.71,2.42,8.78,9.13,WWMH,,INUS,Paraparaumu,PSM01165,1977
1767244.362,5467568.8505,13012699,KWWN002465,Wastewater,4.89,5.25,1.96,6.85,7.21,WWMH,,INUS,Paraparaumu,PSM00506,1977
1766306.86,5466177.3855,13012700,KWWN002192,Wastewater,1.73,2.08,1.46,3.19,3.54,WWMH,,INUS,Paraparaumu,PSM00191,1980
1766834.851,5469357.7385,13012701,KWWN002673,Wastewater,2,2.36,1.27,3.27,3.63,WWMH,,INUS,Paraparaumu,PSM00804,1980
1771949.92,5475349.4775,13012702,KWWN002068,Wastewater,2.29,2.65,1.78,4.08,4.43,WWMH,,INUS,Waikanae,WSM01239,1986
1766198.309,5466051.8955,13012703,KWWN002118,Wastewater,1.46,1.81,2.45,3.91,4.26,WWMH,,INUS,Paraparaumu,PSM00106,1980
1767320.654,5467752.4475,13012704,KWWN002404,Wastewater,2.87,3.22,2.48,5.35,5.7,WWMH,,INUS,Paraparaumu,PSM00471,1977
1768327.239,5468394.8835,13012705,KWWN002713,Wastewater,2.74,3.09,1.85,4.59,4.94,WWMH,,INUS,Paraparaumu,PSM00852,1980
1768007.151,5467640.3535,13012706,KWWN002758,Wastewater,4.88,5.23,2.32,7.21,7.55,WWMH,,INUS,Paraparaumu,PSM00903,1980
1766597.542,5467337.4975,13012707,KWWN002341,Wastewater,5.99,6.34,3.68,9.67,10.02,WWMH,,INUS,Paraparaumu,PSM00382,1979
1767352.441,5468679.3685,13012708,KWWN002616,Wastewater,2909.65,2910,0.7,3.26,3.61,WWMH,,INUS,Paraparaumu,PSM00690,1981
1766487.385,5467133.7385,13012709,KWWN002296,Wastewater,7.1,7.46,2.71,9.81,10.16,WWMH,,INUS,Paraparaumu,PSM00331,1980
1771500.017,5475340.9615,13012710,KWWN002030,Wastewater,3.58,3.94,1.42,5,5.36,WWMH,,INUS,Waikanae,WSM01201,1974
1766731.983,5469712.0925,13012711,KWWN002690,Wastewater,5.34,5.7,1.5,6.84,7.2,WWMH,,INUS,Paraparaumu,PSM00822,1979
1768593.34,5468053.1505,13012712,KWWN002830,Wastewater,,,,,,WWCE,,INUS,Paraparaumu,PSM01020,1979
1767708.433,5466598.5855,13012713,KWWN002263,Wastewater,15.76,16.11,1.99,17.75,18.1,WWMH,,INUS,Paraparaumu,PSM00290,1980
1771345.021,5474911.1655,13012714,KWWN002050,Wastewater,3.18,3.54,1.75,4.93,5.29,WWMH,,INUS,Waikanae,WSM01221,1974
1768223.883,5472834.0865,13012715,KWWN002997,Wastewater,2.48,2.84,1.33,3.81,4.17,WWMH,,INUS,Paraparaumu,PSM01340,1979
1769399.446,5469578.5835,13012716,KWWN002933,Wastewater,7.1,7.45,1.46,8.56,8.91,WWMH,,INUS,Paraparaumu,PSM01142,1977
1769759.632,5472261.6975,13012717,KWWN002973,Wastewater,2.89,3.24,2.26,5.15,5.5,WWMH,,INUS,Paraparaumu,PSM01316,1981
1768608.661,5471465.6545,13012718,KWWN003017,Wastewater,4.2,4.55,1.46,5.66,6.01,WWMH,,INUS,Paraparaumu,PSM01413,1995
1769139.013,5467568.6485,13012719,KWWN002886,Wastewater,29.47,29.81,2.75,32.22,32.56,WWMH,,INUS,Paraparaumu,PSM01086,1979
1766741.347,5469639.1535,13012720,KWWN002689,Wastewater,5.82,6.17,1.47,7.29,7.64,WWMH,,INUS,Paraparaumu,PSM00821,1980
1767257.194,5468528.9445,13012721,KWWN002546,Wastewater,2.39,2.74,1.71,4.1,4.45,WWMH,,INUS,Paraparaumu,PSM00602,1979
1766522.664,5465888.8325,13012722,KWWN002153,Wastewater,3.35,3.7,2.26,5.61,5.96,WWMH,,INUS,Paraparaumu,PSM00146,1980
1767467.684,5468173.0935,13012723,KWWN002503,Wastewater,3.13,3.48,2.16,5.29,5.64,WWMH,,INUS,Paraparaumu,PSM00550,1978
1766128.494,5465576.9465,13012724,KWWN002131,Wastewater,0.35,0.7,3.03,3.38,3.73,WWMH,,INUS,Paraparaumu,PSM00122,1980
1767163.69,5467111.3675,13012725,KWWN002246,Wastewater,4,4.35,2.49,6.49,6.84,WWMH,,INUS,Paraparaumu,PSM00268,1980
1766702.554,5469412.4675,13012726,KWWN002698,Wastewater,5.62,5.98,2.74,8.36,8.72,WWMH,,INUS,Paraparaumu,PSM00834,1981
1767953.284,5467917.9635,13012727,KWWN002768,Wastewater,3.36,3.71,1.27,4.63,4.98,WWMH,,INUS,Paraparaumu,PSM00919,1980
1766312.863,5466336.6595,13012728,KWWN002084,Wastewater,13,13.36,2.24,15.24,15.6,WWMH,,INUS,Paraparaumu,PSM00011,1980
1771475.103,5475068.9655,13012729,KWWN002054,Wastewater,7.54,7.9,2.74,10.28,10.64,WWMH,,INUS,Waikanae,WSM01225,1974
1766426.237,5466802.6065,13012730,KWWN002290,Wastewater,10.12,10.47,2.23,12.35,12.7,WWMH,,INUS,Paraparaumu,PSM00321,1980
1769250.932,5467776.7405,13012731,KWWN002857,Wastewater,,,1.06,,,WWMH,,INUS,Paraparaumu,PSM01052,1975
1766400.913,5465902.6225,13012732,KWWN002159,Wastewater,10.42,10.77,2.1,12.52,12.87,WWMH,,INUS,Paraparaumu,PSM00152,1980
1772475.337,5475919.9655,13012733,KWWN002078,Wastewater,-0.68,-0.32,4.82,4.14,4.5,WWMH,,INUS,Waikanae,WSM01249,1973
1766474.405,5466434.4555,13012734,KWWN002179,Wastewater,5.42,5.77,1.67,7.09,7.44,WWMH,,INUS,Paraparaumu,PSM00176,1980
1767096.451,5467052.7245,13012735,KWWN002244,Wastewater,3.39,3.74,3.11,6.5,6.85,WWMH,,INUS,Paraparaumu,PSM00266,1980
1768006.985,5468491.4445,13012736,KWWN002720,Wastewater,1.72,2.07,2.89,4.61,4.96,WWMH,,INUS,Paraparaumu,PSM00859,1978
1766354.753,5465985.2535,13012737,KWWN002167,Wastewater,20.95,21.3,2.06,23.01,23.36,WWMH,,INUS,Paraparaumu,PSM00161,1980
1768194.415,5468082.2435,13012738,KWWN002732,Wastewater,3.03,3.37,3.38,6.41,6.75,WWMH,,INUS,Paraparaumu,PSM00873,1980
1769953.951,5471512.1495,13012739,KWWN002986,Wastewater,3.59,3.94,2.16,5.75,6.1,WWMH,,INUS,Paraparaumu,PSM01330,1991
1767896.083,5468406.3025,13012740,KWWN002717,Wastewater,-0.02,0.33,4.68,4.66,5.01,WWMH,,INUS,Paraparaumu,PSM00856,1978
1769336.881,5469659.2735,13012741,KWWN002935,Wastewater,7.18,7.53,1.05,8.23,8.58,WWMH,,INUS,Paraparaumu,PSM01144,1974
1766649.357,5469446.0895,13012742,KWWN002699,Wastewater,6.8,7.15,2.66,9.46,9.81,WWMH,,INUS,Paraparaumu,PSM00835,1981
1767848.221,5471940.0375,13012743,KWWN003023,Wastewater,3.09,3.44,1.5,4.59,4.94,WWMH,,INUS,Paraparaumu,PSM01420,1979
1768059.254,5468070.3475,13012744,KWWN002734,Wastewater,2.27,2.62,2.6,4.87,5.22,WWMH,,INUS,Paraparaumu,PSM00877,1980
1766880.417,5468391.9465,13012745,KWWN002551,Wastewater,1.83,2.19,1.14,2.98,3.33,WWMH,,INUS,Paraparaumu,PSM00612,1979
1766832.257,5468109.5105,13012746,KWWN002521,Wastewater,5.21,5.57,2.15,7.36,7.71,WWMH,,INUS,Paraparaumu,PSM00573,1978
1766332.314,5466239.8945,13012747,KWWN002184,Wastewater,15.15,15.5,1.2,16.35,16.7,WWMH,,INUS,Paraparaumu,PSM00181,1980
1768458.194,5468383.4655,13012748,KWWN002737,Wastewater,2.38,2.74,2.77,5.15,5.51,WWMH,,INUS,Paraparaumu,PSM00880,1980
1769356.914,5469545.1735,13012749,KWWN002954,Wastewater,7,7.35,0.95,7.95,8.3,WWMH,,INUS,Paraparaumu,PSM01163,1977
1766584.413,5466657.5305,13012750,KWWN002314,Wastewater,3.09,3.44,0.75,3.84,4.19,WWMH,,INUS,Paraparaumu,PSM00353,1981
1766495.046,5466249.4055,13012751,KWWN002175,Wastewater,2.54,2.89,1.62,4.16,4.51,WWMH,,INUS,Paraparaumu,PSM00171,1980
1769217.579,5468281.3185,13012752,KWWN002888,Wastewater,22.97,23.32,1.35,24.32,24.67,WWMH,,INUS,Paraparaumu,PSM01088,1984
1766832.786,5467045.2635,13012753,KWWN002392,Wastewater,7.23,7.58,1.27,8.5,8.85,WWMH,,INUS,Paraparaumu,PSM00456,1978
1766576.519,5467708.4425,13012754,KWWN002353,Wastewater,5.35,5.71,0.97,6.32,6.68,WWMH,,INUS,Paraparaumu,PSM00400,1977
1768125.148,5467272.1265,13012755,KWWN002779,Wastewater,4.84,5.19,1.9,6.74,7.09,WWMH,,INUS,Paraparaumu,PSM00946,1980
1766822.08,5468801.2745,13012756,KWWN002430,Wastewater,0.33,0.68,3.02,3.35,3.7,WWMH,,INUS,Paraparaumu,PSM00725,1980
1766493.399,5466321.7725,13012757,KWWN002194,Wastewater,3.15,3.5,1.81,4.96,5.31,WWMH,,INUS,Paraparaumu,PSM00201,1980
1766960.567,5469208.9585,13012758,KWWN002650,Wastewater,3.74,4.09,3.11,6.85,7.2,WWMH,,INUS,Paraparaumu,PSM00773,1980
1766831.735,5466340.9705,13012759,KWWN002224,Wastewater,5.48,5.83,1.68,7.16,7.51,WWMH,,INUS,Paraparaumu,PSM00242,1980
1766499.749,5467608.3565,13012760,KWWN002363,Wastewater,,,2.35,,,WWMH,,INUS,Paraparaumu,PSM00411,1977
1766656.497,5467089.1855,13012761,KWWN002345,Wastewater,3.15,3.5,1.44,4.59,4.94,WWMH,,INUS,Paraparaumu,PSM00386,1980
1766915.974,5467413.9745,13012762,KWWN002482,Wastewater,5,5.35,2.64,7.64,7.99,WWMH,,INUS,Paraparaumu,PSM00528,1977
1766776.849,5466774.5855,13012763,KWWN002238,Wastewater,4.66,5.02,3.69,8.35,8.71,WWMH,,INUS,Paraparaumu,PSM00257,1980
1767118.218,5468260.1725,13012764,KWWN002493,Wastewater,1.24,1.59,3.62,4.86,5.21,WWMH,,INUS,Paraparaumu,PSM00539,1979
1767064.091,5466909.2025,13012765,KWWN002088,Wastewater,,,,,,WWMH,,INUS,Paraparaumu,PSM00017,1987
1768066.77,5467885.3295,13012766,KWWN002729,Wastewater,3.02,3.37,2.95,5.97,6.32,WWMH,,INUS,Paraparaumu,PSM00870,1980
1766317.9,5465529.6175,13012767,KWWN002140,Wastewater,12.21,12.56,1.17,13.38,13.73,WWMH,,INUS,Paraparaumu,PSM00131,1980
1768149.363,5468010.5025,13012768,KWWN002731,Wastewater,2.42,2.77,3.85,6.27,6.62,WWMH,,INUS,Paraparaumu,PSM00872,1980
1767816.004,5471978.5895,13012769,KWWN003024,Wastewater,2.69,3.04,2.63,5.32,5.67,WWMH,,INUS,Paraparaumu,PSM01421,1979
1766721.732,5469778.2935,13012770,KWWN002691,Wastewater,4.63,4.99,2.56,7.19,7.55,WWMH,,INUS,Paraparaumu,PSM00824,1979
1767807.52,5468272.6725,13012771,KWWN002715,Wastewater,0.58,0.93,3.8,4.38,4.73,WWMH,,INUS,Paraparaumu,PSM00854,1980
1769950.835,5472022.2665,13012772,KWWN002976,Wastewater,4.83,5.19,1.4,6.23,6.59,WWMH,,INUS,Paraparaumu,PSM01320,1981
1766255.201,5465553.4105,13012773,KWWN002138,Wastewater,11.04,11.39,3.22,14.26,14.61,WWMH,,INUS,Paraparaumu,PSM00129,1980
1771505.346,5475175.1935,13012774,KWWN002048,Wastewater,1.66,2.02,2.18,3.84,4.2,WWMH,,INUS,Waikanae,WSM01219,1974
1767559.969,5466294.8365,13012775,KWWN002271,Wastewater,10.73,11.08,1.5,12.23,12.58,WWMH,,INUS,Paraparaumu,PSM00299,1980
1766666.824,5467173.7115,13012776,KWWN002343,Wastewater,2.69,3.04,1.38,4.07,4.42,WWMH,,INUS,Paraparaumu,PSM00384,1980
1766835.096,5469427.8215,13012777,KWWN002663,Wastewater,3.64,4,0.77,4.41,4.77,WWCE,,INUS,Paraparaumu,PSM00789,1981
1767411.011,5468690.8265,13012778,KWWN002614,Wastewater,1.99,2.35,1.49,3.48,3.83,WWMH,,INUS,Paraparaumu,PSM00688,1981
1766537.138,5466332.0365,13012779,KWWN002083,Wastewater,9.05,9.4,1.61,10.66,11.01,WWMH,,INUS,Paraparaumu,PSM00009,1980
1766831.904,5469661.4785,13012780,KWWN002687,Wastewater,3.97,4.33,1.25,5.22,5.58,WWMH,,INUS,Paraparaumu,PSM00819,1980
1766976.777,5467594.5065,13012781,KWWN002462,Wastewater,1.05,1.41,3.25,4.3,4.65,WWMH,,INUS,Paraparaumu,PSM00503,1977
1767431.008,5468222.9975,13012782,KWWN002534,Wastewater,3.36,3.7,1.16,4.52,4.86,WWMH,,INUS,Paraparaumu,PSM00586,1978
1771470.611,5475507.6375,13012783,KWWN002028,Wastewater,0.6,0.96,3.44,4.04,4.4,WWMH,,INUS,Waikanae,WSM01199,1974
1769254.518,5467952.6565,13012784,KWWN002868,Wastewater,36.9,37.25,0.81,37.71,38.06,WWMH,,INUS,Paraparaumu,PSM01063,1975
1767564.21,5467822.6085,13012785,KWWN002453,Wastewater,13.04,13.38,2.65,15.69,16.03,WWMH,,INUS,Paraparaumu,PSM00494,1979
1769377.358,5469427.9095,13012786,KWWN002949,Wastewater,7.25,7.61,1.73,8.98,9.34,WWMH,,INUS,Paraparaumu,PSM01158,1977
1768613.809,5467713.0505,13012787,KWWN002842,Wastewater,49.95,50.3,3.14,53.09,53.44,WWMH,,INUS,Paraparaumu,PSM01036,1993
1769686.7,5469376.0805,13012788,KWWN002914,Wastewater,6.66,7.01,2.2,8.86,9.21,WWMH,,INUS,Paraparaumu,PSM01121,1985
1766939.242,5469154.7115,13012789,KWWN002648,Wastewater,2.94,3.29,1.74,4.68,5.03,WWMH,,INUS,Paraparaumu,PSM00770,1980
1766612.282,5466124.0135,13012790,KWWN002209,Wastewater,4.94,5.3,1.92,6.86,7.22,WWMH,,INUS,Paraparaumu,PSM00223,1980
1766779.775,5466332.7495,13012791,KWWN002254,Wastewater,7.77,8.12,1.67,9.44,9.79,WWMH,,INUS,Paraparaumu,PSM00279,1980
1769366.409,5469414.9405,13012792,KWWN002948,Wastewater,7.08,7.43,2.48,9.56,9.91,WWMH,,INUS,Paraparaumu,PSM01157,1977
1767649.942,5466675.9035,13012793,KWWN002806,Wastewater,5.23,5.57,1.79,7.02,7.36,WWMH,,INUS,Paraparaumu,PSM00979,1980
1766840.034,5468245.9775,13012794,KWWN002524,Wastewater,2.04,2.39,0.92,2.96,3.31,WWMH,,INUS,Paraparaumu,PSM00576,1978
1766673.112,5467400.6125,13012795,KWWN002328,Wastewater,6.14,6.49,1.15,7.29,7.64,WWMH,,INUS,Paraparaumu,PSM00368,1979
1766669.126,5468345.9075,13012796,KWWN002512,Wastewater,2.52,2.88,2.23,4.76,5.11,WWMH,,INUS,Paraparaumu,PSM00560,1978
1767835.692,5466419.1495,13012797,KWWN002799,Wastewater,4.24,4.59,2.97,7.21,7.56,WWMH,,INUS,Paraparaumu,PSM00971,1980
1767194.111,5469220.5855,13012798,KWWN002580,Wastewater,1.22,1.57,2.88,4.1,4.45,WWMH,,INUS,Paraparaumu,PSM00647,1981
1768588.719,5468380.5555,13012799,KWWN002743,Wastewater,5.54,5.89,0.93,6.47,6.82,WWMH,,PRV,Paraparaumu,PSM00886,1980
1766601.832,5468288.2045,13012800,KWWN002518,Wastewater,6.74,7.09,3.18,9.92,10.27,WWMH,,INUS,Paraparaumu,PSM00567,1978
1767343.822,5467759.8455,13012801,KWWN002394,Wastewater,2.98,3.32,2.31,5.29,5.63,WWMH,,INUS,Paraparaumu,PSM00459,1977
1767106.312,5468547.5295,13012802,KWWN002605,Wastewater,3.97,4.33,0.83,4.8,5.16,WWMH,,INUS,Paraparaumu,PSM00676,1981
1768489.798,5471372.7805,13012803,KWWN003019,Wastewater,3.76,4.11,1.59,5.35,5.7,WWMH,,INUS,Paraparaumu,PSM01415,1995
1769165.309,5468057.8355,13012804,KWWN002865,Wastewater,25.14,25.49,3.58,28.72,29.07,WWMH,,INUS,Paraparaumu,PSM01060,1984
1766293.882,5465579.0755,13012805,KWWN002187,Wastewater,11.33,11.68,1,12.33,12.68,WWMH,,INUS,Paraparaumu,PSM00184,1980
1771307.754,5475334.6455,13012806,KWWN002035,Wastewater,-0.22,0.14,3.07,2.85,3.21,WWMH,,INUS,Waikanae,WSM01206,1974
1767665.755,5467885.9985,13012807,KWWN002509,Wastewater,9.91,10.26,0.62,10.53,10.88,WWCE,,INUS,Paraparaumu,PSM00556,1980
1769090.373,5468006.2535,13012808,KWWN002864,Wastewater,25.47,25.82,3.74,29.21,29.56,WWMH,,INUS,Paraparaumu,PSM01059,1975
1767419.644,5468359.2525,13012809,KWWN002533,Wastewater,3.94,4.3,1.62,5.56,5.92,WWMH,,INUS,Paraparaumu,PSM00585,1978
1768165.943,5468351.6405,13012810,KWWN002724,Wastewater,3.64,3.99,1.2,4.84,5.19,WWMH,,INUS,Paraparaumu,PSM00864,1978
1766704.093,5469369.3575,13012811,KWWN002700,Wastewater,5.95,6.3,0.96,6.91,7.26,WWMH,,INUS,Paraparaumu,PSM00836,1981
1768929.26,5472310.4635,13012812,KWWN003007,Wastewater,2.86,3.22,0.97,3.83,4.19,WWMH,,INUS,Paraparaumu,PSM01350,1980
1768331.21,5468172.1435,13012813,KWWN002777,Wastewater,2.17,2.51,2.98,5.15,5.49,WWMH,,INUS,Paraparaumu,PSM00932,1980
1768268.53,5472725.0345,13012814,KWWN003003,Wastewater,3.51,3.87,0.69,4.2,4.56,WWMH,,INUS,Paraparaumu,PSM01346,1979
1766449.199,5466056.1635,13012815,KWWN002162,Wastewater,5.18,5.53,0.85,6.03,6.38,WWMH,,INUS,Paraparaumu,PSM00156,1980
1771560.932,5475500.4205,13012816,KWWN002019,Wastewater,1.31,1.67,1.5,2.81,3.17,WWMH,,INUS,Waikanae,WSM01190,1974
1766395.608,5466100.2075,13012817,KWWN002163,Wastewater,11.89,12.24,1.65,13.54,13.89,WWMH,,INUS,Paraparaumu,PSM00157,1980
1767535.13,5468705.0085,13012818,KWWN002621,Wastewater,0.6,0.95,3.28,3.88,4.23,WWMH,,INUS,Paraparaumu,PSM00698,1981
1767426.858,5468714.4935,13012819,KWWN002613,Wastewater,1.66,2.01,4.7,6.36,6.71,WWMH,,INUS,Paraparaumu,PSM00687,1981
1766627.025,5468038.1125,13012820,KWWN002359,Wastewater,6.65,7,1.47,8.12,8.47,WWMH,,INUS,Paraparaumu,PSM00406,1978
1768165.627,5472836.9765,13012821,KWWN002999,Wastewater,2.83,3.19,1.06,3.89,4.25,WWMH,,INUS,Paraparaumu,PSM01342,1979
1767169.898,5467508.6215,13012822,KWWN002458,Wastewater,3.2,3.56,1.68,4.88,5.24,WWMH,,INUS,Paraparaumu,PSM00499,1977
1769266.691,5467769.9015,13012823,KWWN002859,Wastewater,32.74,33.09,1.06,33.8,34.15,WWMH,,INUS,Paraparaumu,PSM01054,1975
1767997.701,5467703.8925,13012824,KWWN002756,Wastewater,5.9,6.25,0.73,6.63,6.97,WWCE,,INUS,Paraparaumu,PSM00901,1980
1771603.469,5475069.9785,13012825,KWWN002057,Wastewater,1.28,1.64,2.82,4.1,4.46,WWMH,,INUS,Waikanae,WSM01228,1974
1767113.113,5467365.5215,13012826,KWWN002473,Wastewater,3.07,3.42,2.17,5.24,5.59,WWMH,,INUS,Paraparaumu,PSM00515,1977
1766202.137,5465649.9715,13012827,KWWN002130,Wastewater,3.04,3.39,1.09,4.13,4.48,WWMH,,INUS,Paraparaumu,PSM00120,1980
1767105.039,5466905.1485,13012828,KWWN002085,Wastewater,5.25,5.6,1.48,6.73,7.08,WWMH,,INUS,Paraparaumu,PSM00013,1980
1766739.326,5468318.8155,13012829,KWWN002511,Wastewater,2.13,2.48,3.48,5.61,5.96,WWMH,,INUS,Paraparaumu,PSM00559,1978
1767083.003,5468267.6245,13012830,KWWN002492,Wastewater,1.56,1.92,3,4.56,4.92,WWMH,,INUS,Paraparaumu,PSM00538,1979
1767278.772,5468172.0835,13012831,KWWN002496,Wastewater,1.96,2.31,3.2,5.16,5.51,WWMH,,INUS,Paraparaumu,PSM00542,1978
1771544.484,5475435.8865,13012832,KWWN002027,Wastewater,3.18,3.54,1.87,5.05,5.41,WWMH,,INUS,Waikanae,WSM01198,1974
1766938.306,5468530.3005,13012833,KWWN002600,Wastewater,2.55,2.91,1.1,3.65,4.01,WWMH,,INUS,Paraparaumu,PSM00670,1980
1769141.249,5467556.1035,13012834,KWWN002885,Wastewater,29.92,30.27,1.92,31.84,32.19,WWMH,,INUS,Paraparaumu,PSM01085,1976
1767500.547,5466590.4755,13012835,KWWN002803,Wastewater,3.97,4.32,2.85,6.82,7.17,WWMH,,INUS,Paraparaumu,PSM00976,1980
1766623.169,5466155.1895,13012836,KWWN002208,Wastewater,3.89,4.24,1.07,4.96,5.31,WWMH,,INUS,Paraparaumu,PSM00222,1980
1767531.656,5466360.8075,13012837,KWWN002270,Wastewater,11.3,11.65,1.24,12.54,12.89,WWMH,,INUS,Paraparaumu,PSM00297,1980
1769209.332,5467791.6545,13012838,KWWN002856,Wastewater,29.76,30.11,0.8,30.56,30.91,WWMH,,INUS,Paraparaumu,PSM01051,1975
1766885.341,5467997.2865,13012839,KWWN002385,Wastewater,1.41,1.76,2.39,3.8,4.15,WWMH,,INUS,Paraparaumu,PSM00449,1978
1766777.019,5466637.5495,13012840,KWWN002214,Wastewater,7.38,7.73,1.64,9.02,9.37,WWMH,,INUS,Paraparaumu,PSM00230,1980
1766448.163,5466908.9685,13012841,KWWN002291,Wastewater,10.04,10.39,1.27,11.3,11.66,WWMH,,INUS,Paraparaumu,PSM00325,1980
1766691.987,5466871.5995,13012842,KWWN002815,Wastewater,3.54,3.9,2.63,6.17,6.53,WWMH,,INUS,Paraparaumu,PSM01001,1980
1771758.288,5473315.3795,13012843,KWWN002079,Wastewater,3.6,3.96,3.04,6.64,7,WWMH,,INUS,Waikanae,WSM01250,1978
1766847.597,5468320.8385,13012844,KWWN002526,Wastewater,1.66,2.02,1.2,2.86,3.22,WWMH,,INUS,Paraparaumu,PSM00578,1978
1767062.031,5466936.8235,13012845,KWWN002256,Wastewater,4.04,4.39,1.52,5.56,5.91,WWMH,,INUS,Paraparaumu,PSM00281,1987
1769118.633,5472019.8325,13012846,KWWN003012,Wastewater,,,,,,WWMH,,PRV,Paraparaumu,PSM01355,1980
1768012.222,5467725.8205,13012847,KWWN002754,Wastewater,4.08,4.42,2.35,6.42,6.77,WWMH,,INUS,Paraparaumu,PSM00898,1980
1768044.166,5468126.4685,13012848,KWWN002733,Wastewater,3.66,4.01,1.73,5.39,5.74,WWMH,,INUS,Paraparaumu,PSM00875,1980
1766726.084,5468257.9775,13012849,KWWN002510,Wastewater,6.11,6.46,1.93,8.04,8.39,WWMH,,INUS,Paraparaumu,PSM00558,1978
1766834.005,5468173.4815,13012850,KWWN002522,Wastewater,3.84,4.19,1.26,5.1,5.45,WWMH,,INUS,Paraparaumu,PSM00574,1978
1766468.984,5467190.9775,13012851,KWWN002300,Wastewater,4.97,5.32,1.62,6.59,6.94,WWMH,,INUS,Paraparaumu,PSM00336,1980
1767561.088,5466554.4045,13012852,KWWN002266,Wastewater,10.74,11.09,1.26,12,12.35,WWMH,,INUS,Paraparaumu,PSM00293,1980
1767252.367,5468770.3175,13012853,KWWN002609,Wastewater,0.75,1.1,2.65,3.4,3.75,WWMH,,INUS,Paraparaumu,PSM00681,1981
1766409.317,5466164.0165,13012854,KWWN002203,Wastewater,10.18,10.53,1.42,11.6,11.95,WWMH,,INUS,Paraparaumu,PSM00215,1980
1769111.782,5468541.9715,13012855,KWWN002899,Wastewater,12.49,12.84,1.75,14.24,14.59,WWMH,,INUS,Paraparaumu,PSM01104,1975
1766479.503,5467429.9695,13012856,KWWN002346,Wastewater,8.12,8.47,0.75,8.87,9.22,WWCE,,INUS,Paraparaumu,PSM00390,1977
1768573.389,5468394.7705,13012857,KWWN002742,Wastewater,5.07,5.42,1.25,6.32,6.67,WWMH,,PRV,Paraparaumu,PSM00885,1980
1767821.714,5472753.3535,13012858,KWWN002993,Wastewater,,,,,,WWMH,,PRV,Paraparaumu,PSM01336,1979
1768803.05,5468197.3985,13012859,KWWN002797,Wastewater,9.04,9.39,1.85,10.89,11.24,WWMH,,INUS,Paraparaumu,PSM00969,1980
1769287.931,5467416.3805,13012860,KWWN002872,Wastewater,45.58,45.93,1.21,46.79,47.14,WWMH,,INUS,Paraparaumu,PSM01072,1976
1766640.989,5468127.3985,13012861,KWWN002361,Wastewater,5.33,5.69,1.67,7,7.36,WWMH,,INUS,Paraparaumu,PSM00408,1978
1766498.974,5465974.1165,13012862,KWWN002154,Wastewater,3.23,3.58,1.57,4.8,5.15,WWMH,,INUS,Paraparaumu,PSM00147,1980
1766263.445,5466181.2985,13012863,KWWN002191,Wastewater,1.54,1.89,0.92,2.46,2.81,WWMH,,INUS,Paraparaumu,PSM00189,1980
1767270.667,5469297.7355,13012864,KWWN002582,Wastewater,1.89,2.24,4.45,6.34,6.69,WWMH,,INUS,Paraparaumu,PSM00649,1981
1768622.774,5468161.8495,13012865,KWWN002704,Wastewater,4.08,4.43,1.89,5.97,6.32,WWMH,,INUS,Paraparaumu,PSM00842,1979
1771561.771,5475477.0705,13012866,KWWN002021,Wastewater,4.58,4.94,4.36,8.94,9.3,WWMH,,INUS,Waikanae,WSM01192,1974
1768221.164,5472854.6285,13012867,KWWN002996,Wastewater,2.66,3.01,1.61,4.27,4.62,WWMH,,INUS,Paraparaumu,PSM01339,1979
1768748.723,5469666.9455,13012868,KWWN002958,Wastewater,6.37,6.72,2.24,8.61,8.96,WWMH,,INUS,Paraparaumu,PSM01167,1975
1768488.799,5468414.2545,13012869,KWWN002738,Wastewater,2.72,3.07,2.69,5.41,5.76,WWMH,,INUS,Paraparaumu,PSM00881,1980
1768616.144,5468107.3615,13012870,KWWN002702,Wastewater,3.82,4.17,2.05,5.87,6.22,WWMH,,INUS,Paraparaumu,PSM00840,1979
1767998.189,5468156.3255,13012871,KWWN002789,Wastewater,1.77,2.11,3.12,4.89,5.23,WWMH,,INUS,Paraparaumu,PSM00957,1980
1767119.231,5467785.8555,13012872,KWWN002407,Wastewater,4.96,5.32,1,5.96,6.32,WWMH,,INUS,Paraparaumu,PSM00474,1977
1769267.025,5469719.4435,13012873,KWWN002942,Wastewater,6.41,6.76,1.15,7.56,7.91,WWMH,,INUS,Paraparaumu,PSM01151,1977
1767995.698,5468340.8055,13012874,KWWN002727,Wastewater,3.4,3.75,1.9,5.3,5.65,WWMH,,INUS,Paraparaumu,PSM00867,1978
1766200.42,5466030.8725,13012875,KWWN002119,Wastewater,,,,3.13,3.48,WWMH,,INUS,Paraparaumu,PSM00107,1980
1767093.144,5469095.4015,13012876,KWWN002568,Wastewater,3.7,4.05,2.93,6.63,6.98,WWMH,,INUS,Paraparaumu,PSM00630,1980
1766580.993,5469221.9105,13012877,KWWN002670,Wastewater,,,,3.77,4.12,WWMH,,INUS,Paraparaumu,PSM00799,1989
1767057.96,5467579.7965,13012878,KWWN002461,Wastewater,1.41,1.76,3.42,4.83,5.18,WWMH,,INUS,Paraparaumu,PSM00502,1977
1769494.521,5469884.5885,13012879,KWWN002931,Wastewater,8.08,8.44,1.17,9.25,9.61,WWMH,,INUS,Paraparaumu,PSM01140,1975
1767450.506,5467883.7625,13012880,KWWN002455,Wastewater,2.22,2.57,3.48,5.7,6.05,WWMH,,INUS,Paraparaumu,PSM00496,1979
1769099.722,5467873.2365,13012881,KWWN002850,Wastewater,27.03,27.38,0.95,27.98,28.33,WWMH,,INUS,Paraparaumu,PSM01045,1975
1768524.348,5469356.7685,13012882,KWWN002959,Wastewater,6.72,7.07,0.94,7.66,8.01,WWMH,,INUS,Paraparaumu,PSM01169,1975
1766685.563,5468582.5065,13012883,KWWN002443,Wastewater,1.02,1.38,1.41,2.44,2.79,WWMH,,INUS,Paraparaumu,PSM00741,1980
1767467.479,5467983.1265,13012884,KWWN002448,Wastewater,3.38,3.73,1.45,4.83,5.18,WWMH,,INUS,Paraparaumu,PSM00487,1979
1767294.786,5467541.3775,13012885,KWWN002466,Wastewater,5.18,5.54,1.75,6.93,7.29,WWMH,,INUS,Paraparaumu,PSM00507,1977
1766367.367,5466031.0445,13012886,KWWN002166,Wastewater,19.57,19.92,1.51,21.08,21.43,WWMH,,INUS,Paraparaumu,PSM00160,1980
1771457.606,5475133.5815,13012887,KWWN002045,Wastewater,2.18,2.54,1.79,3.97,4.33,WWMH,,INUS,Waikanae,WSM01216,1974
1767053.874,5468760.7675,13012888,KWWN002427,Wastewater,5.07,5.43,1.25,6.32,6.68,WWMH,,INUS,Paraparaumu,PSM00722,1980
1766514.276,5466246.5435,13012889,KWWN002177,Wastewater,4.83,5.18,1.61,6.44,6.79,WWMH,,INUS,Paraparaumu,PSM00173,1980
1767935.171,5472003.4625,13012890,KWWN003021,Wastewater,2.76,3.12,0.96,3.72,4.08,WWMH,,INUS,Paraparaumu,PSM01418,1979
1769358.076,5468340.2715,13012891,KWWN002907,Wastewater,20.27,20.62,1.48,21.75,22.1,WWMH,,INUS,Paraparaumu,PSM01113,1975
1766629.792,5468615.5305,13012892,KWWN002441,Wastewater,0.54,0.9,1.36,1.9,2.25,WWMH,,INUS,Paraparaumu,PSM00739,1980
1766429.837,5466163.1355,13012893,KWWN002202,Wastewater,3.18,3.53,0.99,4.17,4.52,WWMH,,INUS,Paraparaumu,PSM00214,1980
1767120.421,5467294.1415,13012894,KWWN002471,Wastewater,3.53,3.88,1.15,4.68,5.03,WWMH,,INUS,Paraparaumu,PSM00512,1978
1767158.619,5467368.6255,13012895,KWWN002468,Wastewater,6.19,6.54,1.06,7.25,7.6,WWMH,,INUS,Paraparaumu,PSM00509,1977
1769290.776,5467346.1695,13012896,KWWN002876,Wastewater,42.05,42.4,1.83,43.88,44.23,WWMH,,INUS,Paraparaumu,PSM01076,1976
1766896.14,5467353.5745,13012897,KWWN002477,Wastewater,4.54,4.9,2.55,7.09,7.45,WWMH,,INUS,Paraparaumu,PSM00522,1977
1766735.307,5468701.6305,13012898,KWWN002434,Wastewater,6.45,6.8,1.14,7.59,7.94,WWMH,,INUS,Paraparaumu,PSM00729,1981
1769349.244,5468105.6825,13012899,KWWN002867,Wastewater,29.02,29.37,1.73,30.75,31.1,WWMH,,INUS,Paraparaumu,PSM01062,1975
1768020.346,5466875.4405,13012900,KWWN002811,Wastewater,,,,7.01,7.36,WWMH,,INUS,Paraparaumu,PSM00986,1979
1768872.723,5472018.3515,13012901,KWWN003008,Wastewater,2.15,2.5,1.51,3.66,4.01,WWMH,,INUS,Paraparaumu,PSM01351,1995
1768110.753,5467952.3145,13012902,KWWN002730,Wastewater,2.73,3.08,3.1,5.83,6.18,WWMH,,INUS,Paraparaumu,PSM00871,1980
1767826.16,5466490.5605,13012903,KWWN002260,Wastewater,5.56,5.91,2.58,8.14,8.49,WWMH,,INUS,Paraparaumu,PSM00287,1980
1769459.933,5469613.7835,13012904,KWWN002932,Wastewater,7.28,7.63,1.38,8.66,9.01,WWMH,,INUS,Paraparaumu,PSM01141,1977
1767410.384,5466285.0695,13012905,KWWN002278,Wastewater,7.64,7.99,2.59,10.23,10.58,WWMH,,INUS,Paraparaumu,PSM00307,1980
1768038.258,5467707.7405,13012906,KWWN002755,Wastewater,4.37,4.71,2.12,6.49,6.83,WWMH,,INUS,Paraparaumu,PSM00899,1980
1767171.085,5468234.3795,13012907,KWWN002494,Wastewater,1.44,1.79,3.91,5.35,5.7,WWMH,,INUS,Paraparaumu,PSM00540,1979
1767603.319,5466607.0105,13012908,KWWN002265,Wastewater,13.82,14.17,1.38,15.2,15.55,WWMH,,INUS,Paraparaumu,PSM00292,1980
1767787.3,5472658.3805,13012909,KWWN002991,Wastewater,1.18,1.54,1.1,2.28,2.64,WWMH,,PRV,Paraparaumu,PSM01334,1988
1766573.399,5469968.4225,13012910,KWWN003027,Wastewater,1.79,2.15,1.35,3.15,3.5,WWMH,,INUS,Paraparaumu,PSM01432,1979
1769397.543,5470190.3745,13012911,KWWN002924,Wastewater,9.39,9.74,1.57,10.96,11.31,WWMH,,INUS,Paraparaumu,PSM01133,1987
1767034.681,5467250.8525,13012912,KWWN002481,Wastewater,4.55,4.9,1.75,6.3,6.65,WWMH,,INUS,Paraparaumu,PSM00526,1978
1766531.389,5465744.9515,13012913,KWWN002151,Wastewater,6.38,6.73,2.21,8.59,8.94,WWMH,,INUS,Paraparaumu,PSM00143,1980
1769423.832,5468494.3925,13012914,KWWN002910,Wastewater,15.95,16.3,1.84,17.79,18.14,WWMH,,INUS,Paraparaumu,PSM01116,1975
1771387.448,5475005.6615,13012915,KWWN002052,Wastewater,2.38,2.74,0.88,3.26,3.62,WWMH,,INUS,Waikanae,WSM01223,1974
1766838.403,5468227.7275,13012916,KWWN002523,Wastewater,2.28,2.63,0.84,3.12,3.47,WWMH,,INUS,Paraparaumu,PSM00575,1978
1766409.794,5466720.2565,13012917,KWWN002289,Wastewater,10.72,11.07,1.88,12.6,12.95,WWMH,,INUS,Paraparaumu,PSM00320,1980
1766922.989,5467219.6735,13012918,KWWN002389,Wastewater,4.42,4.77,1.74,6.16,6.51,WWMH,,INUS,Paraparaumu,PSM00453,1978
1766393.465,5466211.9625,13012919,KWWN002182,Wastewater,,,,,,WWMH,,INUS,Paraparaumu,PSM00179,1980
1767329.109,5468606.9375,13012920,KWWN002628,Wastewater,8.31,8.66,1.64,9.95,10.3,WWMH,,INUS,Paraparaumu,PSM00707,1981
1766220.895,5465965.3695,13012921,KWWN002123,Wastewater,-1.01,-0.66,3.95,2.94,3.29,WWMH,,INUS,Paraparaumu,PSM00112,1980
1766201.94,5466152.5755,13012922,KWWN002115,Wastewater,2.28,2.63,2.78,5.06,5.41,WWMH,,INUS,Paraparaumu,PSM00103,1980
1766475.467,5466161.8165,13012923,KWWN002173,Wastewater,1.65,2,2.49,4.14,4.49,WWMH,,INUS,Paraparaumu,PSM00169,1980
1766822.042,5469383.4035,13012924,KWWN002672,Wastewater,2.23,2.58,1.3,3.53,3.88,WWMH,,INUS,Paraparaumu,PSM00803,1980
1767938.685,5467697.5815,13012925,KWWN002751,Wastewater,4.33,4.67,2.79,7.12,7.46,WWMH,,INUS,Paraparaumu,PSM00895,1980
1766804.47,5468599.4015,13012926,KWWN002592,Wastewater,0.02,0.37,2.32,2.33,2.69,WWMH,,INUS,Paraparaumu,PSM00660,1980
1766445.327,5467495.8515,13012927,KWWN002349,Wastewater,,,,6.71,7.06,WWMH,,INUS,Paraparaumu,PSM00394,1977
1766522.248,5466478.1515,13012928,KWWN002308,Wastewater,,,,3.16,3.51,WWMH,,INUS,Paraparaumu,PSM00347,1980
1766862.788,5467924.7745,13012929,KWWN002384,Wastewater,0.98,1.34,2.72,3.7,4.06,WWMH,,INUS,Paraparaumu,PSM00448,1978
1767345.126,5467957.5725,13012930,KWWN002528,Wastewater,6.27,6.62,1.43,7.7,8.05,WWMH,,INUS,Paraparaumu,PSM00580,1977
1766276.645,5465956.0175,13012931,KWWN002170,Wastewater,17.6,17.95,1.09,18.69,19.04,WWCE,,INUS,Paraparaumu,PSM00166,1980
1766967.16,5468872.0365,13012932,KWWN002423,Wastewater,1.98,2.33,1.65,3.63,3.98,WWMH,,INUS,Paraparaumu,PSM00718,1980
1766728.746,5468031.2975,13012933,KWWN002374,Wastewater,2.94,3.29,1.36,4.3,4.65,WWMH,,INUS,Paraparaumu,PSM00434,1978
1766534.4,5467403.3135,13012934,KWWN002307,Wastewater,11.65,12.01,1.27,12.92,13.28,WWMH,,INUS,Paraparaumu,PSM00344,1979
1766282.445,5466546.7605,13012935,KWWN002284,Wastewater,5.83,6.18,1.31,7.14,7.49,WWMH,,INUS,Paraparaumu,PSM00315,1980
1769065.461,5467841.6905,13012936,KWWN002851,Wastewater,26.6,26.95,2.05,28.65,29,WWMH,,INUS,Paraparaumu,PSM01046,1975
1771455.904,5475338.9265,13012937,KWWN002031,Wastewater,3.08,3.44,1.52,4.6,4.96,WWMH,,INUS,Waikanae,WSM01202,1974
1767399.186,5468118.3715,13012938,KWWN002497,Wastewater,2.62,2.97,3.6,6.22,6.57,WWMH,,INUS,Paraparaumu,PSM00543,1978
1771718.38,5475082.1085,13012939,KWWN002059,Wastewater,0.78,1.14,1.04,1.83,2.19,WWMH,,INUS,Waikanae,WSM01230,1974
1766636.484,5468098.9385,13012940,KWWN002360,Wastewater,5.84,6.19,1.36,7.2,7.55,WWMH,,INUS,Paraparaumu,PSM00407,1978
1766599.962,5468907.6485,13012941,KWWN002640,Wastewater,1.33,1.69,2.59,3.92,4.28,WWMH,,INUS,Paraparaumu,PSM00758,1980
1768782.895,5467954.2885,13012942,KWWN002833,Wastewater,71.65,72,1,72.65,73,WWMH,,INUS,Paraparaumu,PSM01026,1979
1767614.249,5466667.3625,13012943,KWWN002805,Wastewater,4.91,5.26,2.03,6.94,7.29,WWMH,,INUS,Paraparaumu,PSM00978,1980
1768929.736,5467645.8365,13012944,KWWN002838,Wastewater,34.6,34.95,1.45,36.05,36.4,WWMH,,INUS,Paraparaumu,PSM01032,1993
1766998.346,5468682.6355,13012945,KWWN002596,Wastewater,1.86,2.21,0.53,2.39,2.74,WWMH,,INUS,Paraparaumu,PSM00665,1980
1768126.365,5467229.8465,13012946,KWWN002782,Wastewater,4.84,5.19,2.59,7.43,7.78,WWMH,,INUS,Paraparaumu,PSM00949,1980
1766524.911,5466778.1205,13012947,KWWN002318,Wastewater,1.18,1.53,2.74,3.92,4.27,WWMH,,INUS,Paraparaumu,PSM00358,1980
1769432.905,5469292.3415,13012948,KWWN002946,Wastewater,9.24,9.59,2.01,11.25,11.6,WWMH,,INUS,Paraparaumu,PSM01155,1980
1767336.212,5468430.2085,13012949,KWWN002543,Wastewater,9.71,10.06,1.75,11.46,11.81,WWCE,,INUS,Paraparaumu,PSM00596,1979
1768005.47,5467659.1885,13012950,KWWN002757,Wastewater,4.69,5.04,2.81,7.5,7.85,WWMH,,INUS,Paraparaumu,PSM00902,1980
1767238.947,5468261.7275,13012951,KWWN002540,Wastewater,2.09,2.44,2.55,4.64,4.99,WWMH,,INUS,Paraparaumu,PSM00593,1979
1766665.167,5468578.3675,13012952,KWWN002442,Wastewater,0.68,1.03,0.96,1.64,1.99,WWMH,,INUS,Paraparaumu,PSM00740,1980
1769591.683,5469860.8285,13012953,KWWN002919,Wastewater,6.01,6.36,1.71,7.72,8.07,WWMH,,INUS,Paraparaumu,PSM01126,1976
1768849.645,5467751.8555,13012954,KWWN002834,Wastewater,74.3,74.65,1.7,76.01,76.35,WWMH,,INUS,Paraparaumu,PSM01027,1966
1771435.358,5475041.0145,13012955,KWWN002053,Wastewater,2.06,2.42,0.95,3.01,3.37,WWMH,,INUS,Waikanae,WSM01224,1974
1768280.196,5467548.7465,13012956,KWWN002773,Wastewater,7.04,7.38,1.24,8.28,8.62,WWMH,,INUS,Paraparaumu,PSM00926,1980
1766605.725,5468324.7495,13012957,KWWN002517,Wastewater,,,,6.37,6.73,WWMH,,INUS,Paraparaumu,PSM00566,1978
1766367.977,5465632.6285,13012958,KWWN002200,Wastewater,4.98,5.33,1.36,6.34,6.69,WWMH,,INUS,Paraparaumu,PSM00211,1981
1771228.652,5475088.6785,13012959,KWWN002040,Wastewater,2.23,2.59,1.52,3.75,4.11,WWMH,,INUS,Waikanae,WSM01211,1974
1769009.482,5472068.2675,13012960,KWWN003010,Wastewater,3.11,3.47,0.78,3.89,4.25,WWMH,,PRV,Paraparaumu,PSM01353,1985
1766295.31,5466594.0885,13012961,KWWN002287,Wastewater,5.39,5.74,1.52,6.91,7.26,WWMH,,INUS,Paraparaumu,PSM00318,1980
1769312.285,5469753.3105,13012962,KWWN002941,Wastewater,6.55,6.9,2.9,9.45,9.8,WWMH,,INUS,Paraparaumu,PSM01150,1977
1769279.45,5467758.2195,13012963,KWWN002860,Wastewater,33.32,33.67,0.75,34.07,34.42,WWMH,,INUS,Paraparaumu,PSM01055,1975
1767520.28,5466204.4685,13012964,KWWN002272,Wastewater,5.95,6.3,2.48,8.43,8.78,WWMH,,INUS,Paraparaumu,PSM00300,1980
1766193.818,5466110.6915,13012965,KWWN002116,Wastewater,1.89,2.24,3.66,5.55,5.9,WWMH,,INUS,Paraparaumu,PSM00104,1980
1766751.045,5469568.4145,13012966,KWWN002688,Wastewater,6.33,6.68,0.93,7.26,7.61,WWMH,,INUS,Paraparaumu,PSM00820,1980
1768160.785,5467792.3525,13012967,KWWN002748,Wastewater,3.88,4.22,1.99,5.87,6.21,WWMH,,INUS,Paraparaumu,PSM00891,1980
1767401.052,5468733.5605,13012968,KWWN002612,Wastewater,1.41,1.76,3.81,5.22,5.57,WWMH,,INUS,Paraparaumu,PSM00686,1981
1768839.547,5468247.2835,13012969,KWWN002796,Wastewater,9.45,9.8,1.94,11.39,11.74,WWMH,,INUS,Paraparaumu,PSM00968,1980
1766858.715,5468640.4725,13012970,KWWN002589,Wastewater,0.51,0.86,0.84,1.34,1.7,WWMH,,INUS,Paraparaumu,PSM00657,1980
1766832.746,5469493.5495,13012971,KWWN002662,Wastewater,2.91,3.26,0.53,3.44,3.79,WWMH,,INUS,Paraparaumu,PSM00788,1981
1766531.708,5467844.1925,13012972,KWWN002366,Wastewater,5.53,5.88,2.33,7.86,8.21,WWMH,,INUS,Paraparaumu,PSM00422,1978
1766572.047,5469332.6385,13012973,KWWN002684,Wastewater,1.69,2.05,1.05,2.75,3.1,WWMH,,INUS,Paraparaumu,PSM00816,1980
1766861.297,5468661.5955,13012974,KWWN002586,Wastewater,0.81,1.16,2.37,3.18,3.53,WWMH,,INUS,Paraparaumu,PSM00654,1980
1766399.19,5466667.8665,13012975,KWWN002288,Wastewater,11.44,11.79,1.69,13.13,13.48,WWMH,,INUS,Paraparaumu,PSM00319,1980
1768570.754,5469302.3915,13012976,KWWN002961,Wastewater,6.06,6.42,1.25,7.31,7.67,WWMH,,INUS,Paraparaumu,PSM01171,1975
1766649.403,5469223.3845,13012977,KWWN002667,Wastewater,6.69,7.04,1.93,8.62,8.97,WWMH,,INUS,Paraparaumu,PSM00796,1989
1766587.031,5467777.0675,13012978,KWWN002354,Wastewater,4.09,4.44,1.43,5.52,5.87,WWMH,,INUS,Paraparaumu,PSM00401,1978
1767972.756,5468515.8445,13012979,KWWN002719,Wastewater,1.43,1.78,3,4.43,4.78,WWMH,,INUS,Paraparaumu,PSM00858,1978
1768136.251,5467019.3815,13012980,KWWN002787,Wastewater,8.2,8.55,2.6,10.8,11.15,WWMH,,INUS,Paraparaumu,PSM00954,1980
1771781.116,5475163.4095,13012981,KWWN002060,Wastewater,0.67,1.02,1.71,2.38,2.74,WWMH,,INUS,Waikanae,WSM01231,1974
1769314.706,5469344.5155,13012982,KWWN002952,Wastewater,6.57,6.93,1.76,8.33,8.69,WWMH,,INUS,Paraparaumu,PSM01161,1977
1766819.113,5468611.9585,13012983,KWWN002591,Wastewater,0.15,0.5,2.22,2.37,2.72,WWMH,,INUS,Paraparaumu,PSM00659,1980
1766845.683,5467071.1295,13012984,KWWN002391,Wastewater,5.35,5.71,2.05,7.4,7.76,WWMH,,INUS,Paraparaumu,PSM00455,1978
1766536.833,5468137.2085,13012985,KWWN002371,Wastewater,3.58,3.93,1.82,5.4,5.75,WWMH,,INUS,Paraparaumu,PSM00430,1978
1766643.099,5467685.2055,13012986,KWWN002096,Wastewater,3.65,4,3.12,6.77,7.12,WWMH,,INUS,Paraparaumu,PSM00030,1977
1766690.552,5469498.7775,13012987,KWWN002696,Wastewater,3.92,4.27,0.89,4.81,5.16,WWMH,,INUS,Paraparaumu,PSM00832,1981
1769340.983,5468317.5885,13012988,KWWN002906,Wastewater,20.71,21.07,1.51,22.22,22.58,WWMH,,INUS,Paraparaumu,PSM01112,1975
1769015.988,5467774.0735,13012989,KWWN002853,Wastewater,27.02,27.37,1.33,28.35,28.7,WWMH,,INUS,Paraparaumu,PSM01048,1980
1767172.086,5468758.7025,13012990,KWWN002562,Wastewater,1.83,2.18,2.12,3.94,4.3,WWMH,,INUS,Paraparaumu,PSM00624,1981
1769287.23,5467756.3395,13012991,KWWN002861,Wastewater,38.8,39.15,1,39.8,40.15,WWMH,,INUS,Paraparaumu,PSM01056,1975
1769915.806,5471267.3895,13012992,KWWN002982,Wastewater,4.28,4.64,1.84,6.12,6.48,WWMH,,INUS,Paraparaumu,PSM01326,1991
1766415.989,5465920.5695,13012993,KWWN002158,Wastewater,8.8,9.15,1.68,10.48,10.83,WWMH,,INUS,Paraparaumu,PSM00151,1980
1766784.731,5466669.6275,13012994,KWWN002215,Wastewater,7.61,7.96,1.47,9.08,9.43,WWMH,,INUS,Paraparaumu,PSM00231,1980
1769462.655,5468482.4765,13012995,KWWN002912,Wastewater,14.55,14.9,2.34,16.89,17.24,WWMH,,INUS,Paraparaumu,PSM01118,1975
1766456.524,5465597.4025,13012996,KWWN002148,Wastewater,3.86,4.21,1.1,4.96,5.31,WWMH,,INUS,Paraparaumu,PSM00139,1980
1767216.103,5467158.3205,13012997,KWWN002247,Wastewater,7.72,8.07,1.22,8.94,9.29,WWMH,,INUS,Paraparaumu,PSM00269,1980
1769725.23,5469831.6705,13012998,KWWN002922,Wastewater,7.71,8.06,0.79,8.49,8.85,WWMH,,INUS,Paraparaumu,PSM01129,1977
1767033.443,5467277.7385,13012999,KWWN002480,Wastewater,3.9,4.25,1.1,5,5.36,WWMH,,INUS,Paraparaumu,PSM00525,1978
1767633.794,5467920.5915,13013000,KWWN002508,Wastewater,9.45,9.79,2.54,11.99,12.33,WWMH,,INUS,Paraparaumu,PSM00555,1978
1766300.224,5465601.3265,13013001,KWWN002189,Wastewater,13.57,13.93,1.28,14.85,15.21,WWMH,,INUS,Paraparaumu,PSM00186,1980
1766726.099,5466476.2845,13013002,KWWN002212,Wastewater,4.78,5.13,2.49,7.27,7.62,WWMH,,INUS,Paraparaumu,PSM00227,1980
1769249.143,5469616.8395,13013003,KWWN002938,Wastewater,5.5,5.85,1.75,7.25,7.6,WWMH,,INUS,Paraparaumu,PSM01147,1977
1766502.54,5467710.5535,13013004,KWWN002095,Wastewater,2.2,2.55,0.28,2.48,2.83,WWMH,,INUS,Paraparaumu,PSM00028,1977
1768284.146,5467857.0375,13013005,KWWN002775,Wastewater,4.55,4.89,2.11,6.66,7,WWMH,,INUS,Paraparaumu,PSM00929,1980
1767400.547,5467740.3785,13013006,KWWN002395,Wastewater,4.28,4.63,1.54,5.82,6.17,WWMH,,INUS,Paraparaumu,PSM00460,1977
1767178.875,5467555.5195,13013007,KWWN002459,Wastewater,2.79,3.14,2.55,5.34,5.69,WWMH,,INUS,Paraparaumu,PSM00500,1977
1766862.426,5467349.5265,13013008,KWWN002478,Wastewater,5.46,5.81,1.65,7.11,7.46,WWMH,,INUS,Paraparaumu,PSM00523,1979
1767473.244,5467716.6575,13013009,KWWN002396,Wastewater,5.5,5.85,1.36,6.86,7.21,WWMH,,INUS,Paraparaumu,PSM00461,1979
1767383.246,5468250.5145,13013010,KWWN002530,Wastewater,2.9,3.25,2.03,4.93,5.28,WWMH,,INUS,Paraparaumu,PSM00582,1978
1771236.868,5475182.5085,13013011,KWWN002041,Wastewater,1.65,2.01,1.68,3.33,3.69,WWMH,,INUS,Waikanae,WSM01212,1974
1766897.873,5468905.1185,13013012,KWWN002645,Wastewater,1.27,1.62,1.53,2.8,3.15,WWMH,,INUS,Paraparaumu,PSM00767,1981
1768850.507,5468249.9465,13013013,KWWN002795,Wastewater,9.58,9.93,1.8,11.38,11.73,WWMH,,INUS,Paraparaumu,PSM00967,1980
1768817.99,5467668.1255,13013014,KWWN002839,Wastewater,35.98,36.33,2.54,38.52,38.87,WWMH,,INUS,Paraparaumu,PSM01033,1993
1766219.878,5466237.8895,13013015,KWWN002114,Wastewater,2.67,3.02,3.75,6.42,6.77,WWMH,,INUS,Paraparaumu,PSM00102,1980
1766466.887,5467025.1975,13013016,KWWN002294,Wastewater,8.57,8.92,1.6,10.17,10.52,WWMH,,INUS,Paraparaumu,PSM00328,1980
1768570.807,5471439.6875,13013017,KWWN003016,Wastewater,3.56,3.92,1.92,5.48,5.84,WWMH,,INUS,Paraparaumu,PSM01412,1995
1766154.777,5465515.7585,13013018,KWWN002136,Wastewater,7.68,8.03,1.01,8.69,9.04,WWMH,,INUS,Paraparaumu,PSM00127,1980
1769192.125,5468189.6145,13013019,KWWN002891,Wastewater,25.2,25.55,0.8,26,26.35,WWMH,,INUS,Paraparaumu,PSM01091,1984
1767529.862,5468077.3925,13013020,KWWN002502,Wastewater,4.35,4.7,2.66,7.01,7.36,WWMH,,INUS,Paraparaumu,PSM00548,1978
1767277.964,5468079.8225,13013021,KWWN002409,Wastewater,4.26,4.62,2.12,6.38,6.74,WWMH,,INUS,Paraparaumu,PSM00478,1977
1767157.793,5468710.8625,13013022,KWWN002604,Wastewater,-0.55,-0.2,3.48,2.92,3.28,WWMH,,INUS,Paraparaumu,PSM00674,1981
1769089.331,5472023.0535,13013023,KWWN003013,Wastewater,,,,,,WWMH,,PRV,Paraparaumu,PSM01356,1980
1766873.705,5466797.5275,13013024,KWWN002235,Wastewater,3.87,4.23,2.36,6.23,6.59,WWMH,,INUS,Paraparaumu,PSM00253,1980
1768647.688,5468202.1845,13013025,KWWN002705,Wastewater,5.06,5.41,1.03,6.09,6.44,WWMH,,INUS,Paraparaumu,PSM00843,1979
1767723.889,5472592.1155,13013026,KWWN002988,Wastewater,-0.08,0.28,2.16,2.08,2.44,WWMH,,INUS,Paraparaumu,PSM01332,1991
1767473.315,5472423.2755,13013027,KWWN003102,Wastewater,2.32,2.68,0.95,3.27,3.63,WWMH,,INUS,Paraparaumu,PSM01473,1979
1766923.177,5467548.9425,13013028,KWWN002484,Wastewater,6.07,6.42,0.66,6.73,7.08,WWMH,,INUS,Paraparaumu,PSM00530,1985
1767243.281,5467796.0025,13013029,KWWN002411,Wastewater,3.5,3.85,1.92,5.42,5.77,WWMH,,INUS,Paraparaumu,PSM00480,1977
1767707.482,5466669.5325,13013030,KWWN002807,Wastewater,5.58,5.93,1.55,7.13,7.48,WWMH,,INUS,Paraparaumu,PSM00980,1980
1766472.303,5466259.1735,13013031,KWWN002176,Wastewater,2.79,3.14,1.28,4.07,4.42,WWMH,,INUS,Paraparaumu,PSM00172,1980
1769267.16,5467600.5465,13013032,KWWN002847,Wastewater,47.04,47.39,2.04,49.08,49.43,WWMH,,INUS,Paraparaumu,PSM01041,1975
1767809.096,5466673.4625,13013033,KWWN002809,Wastewater,7.84,8.19,0.8,8.64,8.99,WWMH,,INUS,Paraparaumu,PSM00983,1980
1768113.768,5467155.5075,13013034,KWWN002780,Wastewater,5.33,5.67,2.15,7.48,7.82,WWMH,,INUS,Paraparaumu,PSM00947,1980
1767636.748,5468853.1675,13013035,KWWN002618,Wastewater,1.88,2.23,2.01,3.89,4.24,WWMH,,INUS,Paraparaumu,PSM00694,1981
1766898.746,5469367.6715,13013036,KWWN002652,Wastewater,2.66,3.02,1.22,3.88,4.24,WWMH,,INUS,Paraparaumu,PSM00776,1980
1767325.561,5468786.0645,13013037,KWWN002611,Wastewater,2.27,2.62,4.03,6.3,6.65,WWCE,,INUS,Paraparaumu,PSM00684,1981
1766586.543,5469214.6005,13013038,KWWN002669,Wastewater,1.71,2.07,2.01,3.73,4.08,WWMH,,INUS,Paraparaumu,PSM00798,1989
1771776.226,5475311.4515,13013039,KWWN002064,Wastewater,3.56,3.92,1.12,4.68,5.04,WWMH,,INUS,Waikanae,WSM01235,1986
1766810.32,5469208.8475,13013040,KWWN002675,Wastewater,2.71,3.07,0.97,3.68,4.04,WWMH,,INUS,Paraparaumu,PSM00807,1980
1766923.026,5468464.3675,13013041,KWWN002552,Wastewater,1.52,1.88,3.63,5.15,5.51,WWCE,,INUS,Paraparaumu,PSM00613,1979
1766480.968,5465634.1345,13013042,KWWN002146,Wastewater,3.59,3.94,1.72,5.31,5.66,WWMH,,INUS,Paraparaumu,PSM00137,1980
1768737.109,5468184.7935,13013043,KWWN002707,Wastewater,6.32,6.67,2.51,8.83,9.18,WWMH,,INUS,Paraparaumu,PSM00846,1980
1767033.113,5467360.8075,13013044,KWWN002475,Wastewater,2.46,2.81,3.24,5.7,6.05,WWMH,,INUS,Paraparaumu,PSM00519,1977
1766843.747,5467864.2075,13013045,KWWN002383,Wastewater,0.53,0.88,3.22,3.75,4.1,WWMH,,INUS,Paraparaumu,PSM00447,1978
1769500.242,5470009.1105,13013046,KWWN002925,Wastewater,8.02,8.37,1.75,9.77,10.12,WWCE,,INUS,Paraparaumu,PSM01134,1983
1768127.617,5468348.7055,13013047,KWWN002723,Wastewater,3.21,3.56,1.93,5.14,5.49,WWMH,,INUS,Paraparaumu,PSM00862,1978
1767049.186,5466748.5105,13013048,KWWN002231,Wastewater,2.78,3.13,3.58,6.36,6.71,WWMH,,INUS,Paraparaumu,PSM00249,1980
1766527.655,5466797.1395,13013049,KWWN002319,Wastewater,1.44,1.79,2.75,4.19,4.54,WWMH,,INUS,Paraparaumu,PSM00359,1980
1766866.224,5466633.2275,13013050,KWWN002217,Wastewater,6.53,6.89,2.72,9.25,9.61,WWMH,,INUS,Paraparaumu,PSM00234,1980
1767891.158,5467731.1615,13013051,KWWN002749,Wastewater,5.83,6.18,2.09,7.92,8.27,WWMH,,INUS,Paraparaumu,PSM00893,1981
1768281.283,5472813.0755,13013052,KWWN003805,Wastewater,2.13,2.48,1.07,3.2,3.56,WWMH,,INUS,Paraparaumu,PSM02512,1979
1767292.774,5470986.2405,13013053,KWWN003478,Wastewater,3.17,3.52,1.25,4.42,4.77,WWMH,,INUS,Paraparaumu,PSM02227,1975
1769577.354,5468898.9255,13013054,KWWN004228,Wastewater,12.86,13.21,4.84,17.7,18.05,WWMH,,INUS,Paraparaumu,PSM03151,1975
1768961.896,5468681.7225,13013055,KWWN003282,Wastewater,8.58,8.93,2.08,10.66,11.01,WWMH,,PRV,Paraparaumu,PSM01673,1976
1767811.159,5470960.6355,13013056,KWWN003485,Wastewater,2.8,3.15,2,4.8,5.15,WWMH,,INUS,Paraparaumu,PSM02234,1979
1766560.687,5470362.1975,13013057,KWWN003315,Wastewater,0.2,0.56,3.66,3.86,4.22,WWMH,,INUS,Paraparaumu,PSM02024,1978
1767224.237,5471931.5985,13013058,KWWN003735,Wastewater,1.01,1.37,1.35,2.36,2.72,WWMH,,INUS,Paraparaumu,PSM02432,1979
1767302.429,5472311.1585,13013059,KWWN003703,Wastewater,1.76,2.12,1.3,3.06,3.42,WWMH,,INUS,Paraparaumu,PSM02397,1979
1767364.616,5471816.3125,13013060,KWWN003524,Wastewater,1.71,2.06,2.61,4.32,4.67,WWMH,,INUS,Paraparaumu,PSM02274,1979
1767771.222,5472143.7605,13013061,KWWN003844,Wastewater,7.25,7.6,0.89,8.14,8.49,WWMH,,INUS,Paraparaumu,PSM02633,1979
1768821.712,5468813.2165,13013062,KWWN003284,Wastewater,6.58,6.93,0.59,7.17,7.52,WWMH,,PRV,Paraparaumu,PSM01676,1979
1768180.206,5470917.0295,13013063,KWWN003163,Wastewater,0.59,0.94,3.38,3.97,4.32,WWMH,,INUS,Paraparaumu,PSM01539,1993
1767029.724,5471242.4275,13013064,KWWN003566,Wastewater,1.34,1.7,1.38,2.73,3.08,WWMH,,INUS,Paraparaumu,PSM02319,1978
1767856.676,5472026.5075,13013065,KWWN003841,Wastewater,3.26,3.62,2.61,5.87,6.23,WWMH,,INUS,Paraparaumu,PSM02630,1979
1766951.043,5470935.5775,13013066,KWWN003418,Wastewater,3.64,4,1.62,5.26,5.62,WWMH,,INUS,Paraparaumu,PSM02156,1978
1768530.702,5472273.6125,13013067,KWWN003648,Wastewater,2.17,2.53,1.68,3.85,4.21,WWMH,,INUS,Paraparaumu,PSM02552,1979
1766599.503,5470563.0145,13013068,KWWN003377,Wastewater,1.61,1.97,2.62,4.23,4.59,WWMH,,INUS,Paraparaumu,PSM02097,1978
1767456.161,5471041.1325,13013069,KWWN003442,Wastewater,1.94,2.29,2.68,4.62,4.97,WWMH,,INUS,Paraparaumu,PSM02185,1979
1768302.216,5472473.5225,13013070,KWWN003635,Wastewater,0.82,1.18,1.55,2.37,2.73,WWMH,,INUS,Paraparaumu,PSM02539,1979
1768933.759,5469754.6415,13013071,KWWN003956,Wastewater,5.93,6.29,1.53,7.46,7.82,WWMH,,INUS,Paraparaumu,PSM02758,1988
1769247.325,5470128.6085,13013072,KWWN003942,Wastewater,8.6,8.95,1.63,10.23,10.58,WWMH,,INUS,Paraparaumu,PSM02743,1989
1767347.555,5470769.9245,13013073,KWWN003461,Wastewater,2.73,3.08,1.6,4.33,4.68,WWMH,,INUS,Paraparaumu,PSM02204,1979
1768368.939,5472296.1945,13013074,KWWN003632,Wastewater,0.52,0.88,2.62,3.14,3.5,WWMH,,INUS,Paraparaumu,PSM02536,1979
1768305.274,5472096.3565,13013075,KWWN003643,Wastewater,2.56,2.91,2.15,4.71,5.06,WWMH,,INUS,Paraparaumu,PSM02547,1979
1767459.062,5471147.3605,13013076,KWWN003438,Wastewater,1.97,2.32,0.78,2.75,3.1,WWMH,,INUS,Paraparaumu,PSM02180,1979
1767872.27,5471015.6385,13013077,KWWN003488,Wastewater,2.72,3.07,1.64,4.36,4.71,WWMH,,INUS,Paraparaumu,PSM02237,1979
1767489.877,5470621.4795,13013078,KWWN003572,Wastewater,3.52,3.87,0.25,3.77,4.12,WWMH,,INUS,Paraparaumu,PSM02325,1979
1767908.754,5471265.0795,13013079,KWWN003502,Wastewater,1.24,1.59,2.38,3.62,3.97,WWMH,,INUS,Paraparaumu,PSM02251,1979
1767673.309,5470793.9455,13013080,KWWN003173,Wastewater,2.7,3.05,2.35,5.05,5.4,WWMH,,PRV,Paraparaumu,PSM01549,1980
1768732.278,5471475.6845,13013081,KWWN003089,Wastewater,4.67,5.02,0.6,5.27,5.62,WWMH,,INUS,Paraparaumu,PSM01401,1991
1767082.91,5471028.2665,13013082,KWWN003475,Wastewater,1.44,1.8,2.71,4.15,4.51,WWMH,,INUS,Paraparaumu,PSM02224,1978
1767662.741,5472275.6495,13013083,KWWN003849,Wastewater,1.71,2.07,0.86,2.57,2.93,WWMH,,INUS,Paraparaumu,PSM02638,1979
1767356.175,5471975.9645,13013084,KWWN003731,Wastewater,4.36,4.72,1.64,6,6.36,WWMH,,INUS,Paraparaumu,PSM02427,1979
1769060.031,5469832.4455,13013085,KWWN003947,Wastewater,5.95,6.3,1.58,7.53,7.88,WWMH,,INUS,Paraparaumu,PSM02749,1983
1769380.937,5470064.5825,13013086,KWWN003970,Wastewater,8.37,8.72,2,10.37,10.72,WWMH,,INUS,Paraparaumu,PSM02773,1987
1767979.458,5470173.1625,13013087,KWWN003191,Wastewater,4.65,5.01,1.17,5.82,6.18,WWMH,,INUS,Paraparaumu,PSM01568,1980
1767958.527,5470164.1145,13013088,KWWN003188,Wastewater,4.91,5.26,1.23,6.14,6.49,WWMH,,INUS,Paraparaumu,PSM01565,1980
1768739.097,5472055.1365,13013089,KWWN003064,Wastewater,1.63,1.99,1.49,3.12,3.48,WWMH,,INUS,Paraparaumu,PSM01365,1988
1767426.659,5472482.4835,13013090,KWWN003707,Wastewater,1.79,2.15,1.87,3.66,4.02,WWMH,,INUS,Paraparaumu,PSM02401,1979
1766778.457,5470012.8645,13013091,KWWN003387,Wastewater,3.15,3.5,1.12,4.27,4.62,WWMH,,INUS,Paraparaumu,PSM02118,1998
1767953.758,5472749.2585,13013092,KWWN003803,Wastewater,1.93,2.29,1.33,3.26,3.62,WWMH,,INUS,Paraparaumu,PSM02509,1979
1768925.419,5469382.0025,13013093,KWWN003262,Wastewater,4.16,4.51,2.32,6.48,6.83,WWMH,,INUS,Paraparaumu,PSM01651,1987
1769783.857,5470539.2975,13013094,KWWN003290,Wastewater,,,,,,WWMH,,INUS,Paraparaumu,PSM01684,1979
1768385.36,5471904.9315,13013095,KWWN003887,Wastewater,2.96,3.31,1.2,4.16,4.51,WWMH,,INUS,Paraparaumu,PSM02682,1979
1766728.269,5471083.0795,13013096,KWWN003416,Wastewater,1.96,2.31,1.42,3.38,3.73,WWMH,,INUS,Paraparaumu,PSM02154,1978
1766919.728,5470210.7345,13013097,KWWN003383,Wastewater,1.62,1.98,1.93,3.55,3.91,WWMH,,INUS,Paraparaumu,PSM02114,1978
1767367.055,5472197.0195,13013098,KWWN003709,Wastewater,-0.79,-0.43,3.48,2.69,3.05,WWMH,,INUS,Paraparaumu,PSM02403,1979
1769608.246,5470281.0585,13013099,KWWN003928,Wastewater,8.79,9.15,1.35,10.14,10.5,WWMH,,INUS,Paraparaumu,PSM02729,1978
1767721.949,5470362.2985,13013100,KWWN003577,Wastewater,4.86,5.22,0.97,5.83,6.19,WWMH,,INUS,Paraparaumu,PSM02330,1987
1768689.407,5468928.2995,13013101,KWWN003256,Wastewater,5.22,5.58,1.14,6.36,6.72,WWMH,,INUS,Paraparaumu,PSM01645,1979
1767364.88,5472399.1545,13013102,KWWN003705,Wastewater,1.06,1.42,2.03,3.09,3.45,WWMH,,INUS,Paraparaumu,PSM02399,1979
1768923.177,5468626.5585,13013103,KWWN003281,Wastewater,,,,,,WWMH,,PRV,Paraparaumu,PSM01671,1975
1768206.191,5469691.0605,13013104,KWWN004418,Wastewater,6.83,7.19,0.91,7.74,8.1,WWMH,,PRV,Paraparaumu,PSM05178,1997
1767646.992,5472231.4065,13013105,KWWN003852,Wastewater,2.04,2.4,0.77,2.81,3.17,WWMH,,INUS,Paraparaumu,PSM02641,1979
1768384.921,5471579.6655,13013106,KWWN003877,Wastewater,5.62,5.97,1.39,7.01,7.37,WWMH,,INUS,Paraparaumu,PSM02671,1979
1768820.625,5468832.3605,13013107,KWWN003285,Wastewater,6.42,6.78,0.62,7.04,7.4,WWMH,,PRV,Paraparaumu,PSM01677,1979
1767004.926,5471479.1485,13013108,KWWN003535,Wastewater,2.43,2.79,1.83,4.26,4.62,WWMH,,INUS,Paraparaumu,PSM02285,1979
1768947.59,5471991.9335,13013109,KWWN003826,Wastewater,1.83,2.18,1.31,3.24,3.59,WWMH,,INUS,Paraparaumu,PSM02610,1980
1768121.432,5470856.6085,13013110,KWWN003164,Wastewater,2.42,2.77,1.6,4.02,4.38,WWMH,,INUS,Paraparaumu,PSM01540,1992
1767951.183,5471301.9095,13013111,KWWN003503,Wastewater,1.64,1.99,2.02,3.66,4.01,WWMH,,INUS,Paraparaumu,PSM02252,1979
1768641.533,5472207.4695,13013112,KWWN003689,Wastewater,4.39,4.75,1.52,5.91,6.27,WWMH,,INUS,Paraparaumu,PSM02596,1987
1769131.771,5470020.1345,13013113,KWWN003943,Wastewater,7.39,7.74,1.26,8.65,9,WWMH,,INUS,Paraparaumu,PSM02745,1988
1767755.05,5472164.5255,13013114,KWWN003845,Wastewater,6.17,6.53,1,7.17,7.53,WWMH,,INUS,Paraparaumu,PSM02634,1979
1769114.431,5469369.5495,13013115,KWWN003263,Wastewater,6.92,7.27,0.74,7.66,8.01,WWMH,,INUS,Paraparaumu,PSM01653,1977
1768916.352,5469260.7655,13013116,KWWN003246,Wastewater,6.41,6.76,1.27,7.68,8.03,WWMH,,INUS,Paraparaumu,PSM01634,1976
1767781.73,5470296.2135,13013117,KWWN003578,Wastewater,4.96,5.31,1.31,6.27,6.62,WWMH,,INUS,Paraparaumu,PSM02331,1987
1769497.082,5470793.7545,13013118,KWWN003920,Wastewater,2.77,3.13,2.87,5.64,6,WWMH,,INUS,Paraparaumu,PSM02720,1980
1769521.522,5468719.3945,13013119,KWWN004441,Wastewater,10.31,10.66,1.29,11.6,11.95,WWMH,,INUS,Paraparaumu,PSM05200,1998
1768754.831,5469217.8315,13013120,KWWN003255,Wastewater,6.25,6.6,1.16,7.41,7.76,WWMH,,INUS,Paraparaumu,PSM01644,1976
1767928.698,5472624.1445,13013121,KWWN003791,Wastewater,-1.84,-1.48,3.81,1.97,2.33,WWMH,,INUS,Paraparaumu,PSM02496,1979
1768951.054,5471420.2665,13013122,KWWN003913,Wastewater,3.82,4.17,1.4,5.22,5.57,WWMH,,INUS,Paraparaumu,PSM02710,1980
1769509.927,5470104.0525,13013123,KWWN003971,Wastewater,8.84,9.2,1.22,10.06,10.41,WWMH,,INUS,Paraparaumu,PSM02774,1986
1768694.122,5472505.8775,13013124,KWWN003667,Wastewater,4.02,4.38,1.02,5.04,5.4,WWMH,,INUS,Paraparaumu,PSM02572,1979
1767790.987,5472104.6465,13013125,KWWN003843,Wastewater,5.68,6.04,1.86,7.54,7.9,WWMH,,INUS,Paraparaumu,PSM02632,1979
1768556.179,5469983.9535,13013126,KWWN003228,Wastewater,2.73,3.08,3.12,5.85,6.2,WWMH,,INUS,Paraparaumu,PSM01615,1995
1767323.234,5471780.1285,13013127,KWWN003523,Wastewater,2.06,2.42,2.11,4.17,4.53,WWMH,,INUS,Paraparaumu,PSM02273,1979
1767664.318,5470537.6245,13013128,KWWN003182,Wastewater,3.89,4.24,0.92,4.8,5.16,WWMH,,INUS,Paraparaumu,PSM01559,1996
1768004.222,5470773.9515,13013129,KWWN003172,Wastewater,2.66,3.01,1.47,4.13,4.48,WWMH,,INUS,Paraparaumu,PSM01548,1990
1768093.294,5471220.2445,13013130,KWWN004424,Wastewater,3.05,3.4,2.96,6.01,6.36,WWMH,,INUS,Paraparaumu,PSM05184,1996
1768679.039,5472202.9885,13013131,KWWN003688,Wastewater,4.07,4.43,1.42,5.49,5.85,WWMH,,INUS,Paraparaumu,PSM02595,1987
1767065.497,5471872.7815,13013132,KWWN003695,Wastewater,1.38,1.73,1.99,3.37,3.72,WWMH,,INUS,Paraparaumu,PSM02388,1979
1767663.819,5470593.6665,13013133,KWWN003580,Wastewater,3.08,3.43,1.19,4.27,4.62,WWMH,,INUS,Paraparaumu,PSM02333,1988
1767174.488,5471627.4245,13013134,KWWN003520,Wastewater,3.29,3.65,2.45,5.74,6.1,WWMH,,INUS,Paraparaumu,PSM02270,1979
1767187.606,5470883.6475,13013135,KWWN003465,Wastewater,3.08,3.43,1.36,4.44,4.79,WWMH,,INUS,Paraparaumu,PSM02208,1978
1768068.687,5470347.1915,13013136,KWWN003606,Wastewater,3.41,3.76,2.03,5.44,5.79,WWMH,,INUS,Paraparaumu,PSM02371,1980
1768716.236,5471584.2285,13013137,KWWN003074,Wastewater,3.48,3.83,1.14,4.62,4.97,WWMH,,INUS,Paraparaumu,PSM01383,1990
1769435.54,5468833.5045,13013138,KWWN004435,Wastewater,8.14,8.49,2.12,10.26,10.61,WWMH,,INUS,Paraparaumu,PSM05195,1998
1769423.993,5470007.9185,13013139,KWWN003967,Wastewater,8.03,8.38,1.24,9.27,9.62,WWMH,,INUS,Paraparaumu,PSM02770,1983
1767033.44,5471800.1995,13013140,KWWN003545,Wastewater,2.54,2.9,1.71,4.25,4.61,WWMH,,INUS,Paraparaumu,PSM02296,1979
1768356.227,5472094.6365,13013141,KWWN003645,Wastewater,3.11,3.47,1.35,4.46,4.82,WWMH,,INUS,Paraparaumu,PSM02549,1979
1768681.062,5471792.3955,13013142,KWWN003903,Wastewater,0.41,0.77,3.6,4.01,4.37,WWMH,,INUS,Paraparaumu,PSM02699,1980
1767032.813,5470720.3005,13013143,KWWN003374,Wastewater,1.91,2.26,1.45,3.36,3.71,WWMH,,INUS,Paraparaumu,PSM02091,1978
1768960.814,5468923.9645,13013144,KWWN003295,Wastewater,5.03,5.38,1.81,6.85,7.2,WWMH,,INUS,Paraparaumu,PSM01691,1975
1767989.026,5471213.8835,13013145,KWWN003121,Wastewater,2.52,2.87,0.8,3.32,3.67,WWMH,,PRV,Paraparaumu,PSM01494,1980
1766865.644,5471365.8955,13013146,KWWN003549,Wastewater,0.97,1.32,1.03,2,2.35,WWMH,,INUS,Paraparaumu,PSM02300,1979
1768255.449,5472057.6435,13013147,KWWN003624,Wastewater,2.05,2.41,2.48,4.53,4.89,WWMH,,INUS,Paraparaumu,PSM02528,1979
1767660.055,5470432.1395,13013148,KWWN003576,Wastewater,4.59,4.94,1.34,5.93,6.28,WWMH,,INUS,Paraparaumu,PSM02329,1987
1767127.771,5471582.5415,13013149,KWWN003537,Wastewater,3.95,4.3,1.72,5.67,6.02,WWMH,,INUS,Paraparaumu,PSM02288,1979
1767076.722,5471662.8165,13013150,KWWN003555,Wastewater,4.1,4.45,3.05,7.24,7.6,WWMH,,INUS,Paraparaumu,PSM02306,1979
1768014.745,5470832.5295,13013151,KWWN003170,Wastewater,0.42,0.78,3.42,3.84,4.2,WWMH,,INUS,Paraparaumu,PSM01546,1990
1768342.311,5472642.7535,13013152,KWWN003660,Wastewater,-0.83,-0.47,3.57,2.74,3.1,WWMH,,INUS,Paraparaumu,PSM02564,1979
1769373.667,5468638.7725,13013153,KWWN004222,Wastewater,15.24,15.59,0.99,16.23,16.58,WWMH,,INUS,Paraparaumu,PSM03145,1975
1768103.709,5470336.8995,13013154,KWWN003609,Wastewater,3.02,3.37,2.01,5.03,5.38,WWMH,,INUS,Paraparaumu,PSM02374,1980
1768214.118,5472527.2115,13013155,KWWN003071,Wastewater,-2.61,-2.25,5.22,2.61,2.97,WWMH,,INUS,Paraparaumu,PSM01377,1979
1768461.591,5472374.8025,13013156,KWWN003654,Wastewater,1.31,1.67,2,3.31,3.67,WWMH,,INUS,Paraparaumu,PSM02558,1979
1768561.767,5469875.2975,13013157,KWWN003206,Wastewater,4.32,4.67,1.97,6.29,6.64,WWMH,,INUS,Paraparaumu,PSM01585,1979
1767406.648,5472267.3175,13013158,KWWN003107,Wastewater,1.96,2.31,0.69,2.65,3,WWMH,,INUS,Paraparaumu,PSM01480,1979
1767669.673,5471072.6725,13013159,KWWN003481,Wastewater,3.42,3.77,2.47,5.89,6.24,WWMH,,INUS,Paraparaumu,PSM02230,1979
1768109.795,5470454.2955,13013160,KWWN003595,Wastewater,4.64,4.99,1.79,6.43,6.78,WWMH,,INUS,Paraparaumu,PSM02357,1988
1768385.444,5472684.3355,13013161,KWWN003661,Wastewater,0.44,0.8,1.97,2.41,2.77,WWMH,,INUS,Paraparaumu,PSM02565,1979
1767513.911,5470835.1705,13013162,KWWN003128,Wastewater,3.34,3.69,0.74,4.08,4.43,WWMH,,INUS,Paraparaumu,PSM01504,1979
1766588.884,5469978.4705,13013163,KWWN003303,Wastewater,1.68,2.04,3.05,4.73,5.08,WWMH,,INUS,Paraparaumu,PSM02007,1979
1766650.127,5470795.2785,13013164,KWWN003412,Wastewater,2.27,2.63,1.86,4.13,4.49,WWMH,,INUS,Paraparaumu,PSM02148,1978
1766855.785,5470859.9635,13013165,KWWN003419,Wastewater,1.43,1.79,2.24,3.67,4.03,WWMH,,INUS,Paraparaumu,PSM02157,1978
1767529.149,5470932.4985,13013166,KWWN003454,Wastewater,1.52,1.88,2.67,4.19,4.55,WWMH,,INUS,Paraparaumu,PSM02197,1979
1768640.758,5470448.2885,13013167,KWWN003198,Wastewater,1.12,1.47,3.68,4.8,5.15,WWMH,,INUS,Paraparaumu,PSM01577,1996
1766631.649,5470205.6165,13013168,KWWN003321,Wastewater,1.62,1.98,3.56,5.18,5.54,WWMH,,INUS,Paraparaumu,PSM02032,1978
1767165.925,5471817.7745,13013169,KWWN003693,Wastewater,5.66,6.02,1.24,6.9,7.26,WWMH,,INUS,Paraparaumu,PSM02386,1979
1767798.545,5470884.6295,13013170,KWWN003493,Wastewater,4.05,4.41,1.42,5.47,5.83,WWMH,,INUS,Paraparaumu,PSM02242,1979
1768549.455,5471888.9065,13013171,KWWN003883,Wastewater,1.28,1.63,1.46,2.74,3.09,WWMH,,INUS,Paraparaumu,PSM02678,1980
1767983.933,5471870.6565,13013172,KWWN003839,Wastewater,1.3,1.65,2.88,4.18,4.53,WWMH,,INUS,Paraparaumu,PSM02627,1979
1768603.743,5471598.7305,13013173,KWWN003908,Wastewater,2.51,2.86,2.52,5.03,5.38,WWMH,,INUS,Paraparaumu,PSM02705,1988
1768196.671,5469889.7965,13013174,KWWN003229,Wastewater,6.92,7.27,1.26,8.18,8.53,WWMH,,INUS,Paraparaumu,PSM01616,1996
1766782.982,5470932.3395,13013175,KWWN003398,Wastewater,0.37,0.72,1.86,2.23,2.58,WWMH,,INUS,Paraparaumu,PSM02131,1978
1767869.177,5470747.7055,13013176,KWWN003589,Wastewater,2.1,2.45,1.69,3.79,4.14,WWMH,,INUS,Paraparaumu,PSM02342,1980
1767629.848,5472484.3125,13013177,KWWN003831,Wastewater,0.43,0.79,2.17,2.6,2.96,WWMH,,INUS,Paraparaumu,PSM02617,1979
1767983.076,5472132.5205,13013178,KWWN003868,Wastewater,3.84,4.2,1.42,5.26,5.62,WWMH,,INUS,Paraparaumu,PSM02660,1979
1768340.657,5472368.2125,13013179,KWWN003637,Wastewater,-0.02,0.34,2.81,2.79,3.15,WWMH,,INUS,Paraparaumu,PSM02541,1979
1766801.169,5470208.9485,13013180,KWWN003326,Wastewater,4.13,4.48,1.15,5.28,5.63,WWMH,,INUS,Paraparaumu,PSM02037,1978
1770122.237,5470093.0255,13013181,KWWN003237,Wastewater,8.74,9.1,1.19,9.93,10.29,WWMH,,PRV,Paraparaumu,PSM01624,1994
1768122.849,5472093.0175,13013182,KWWN003629,Wastewater,4.62,4.97,1.94,6.56,6.92,WWMH,,INUS,Paraparaumu,PSM02533,1979
1767913.841,5471035.9965,13013183,KWWN003124,Wastewater,3.09,3.44,1.54,4.63,4.98,WWMH,,INUS,Paraparaumu,PSM01497,1983
1767731.043,5471303.6085,13013184,KWWN003517,Wastewater,2.74,3.09,2.78,5.52,5.87,WWMH,,INUS,Paraparaumu,PSM02266,1979
1767495.745,5472548.5895,13013185,KWWN003744,Wastewater,0.91,1.27,3.15,4.06,4.42,WWMH,,INUS,Paraparaumu,PSM02446,1979
1768817.316,5468523.9495,13013186,KWWN003275,Wastewater,8.83,9.18,1.12,9.95,10.3,WWMH,,PRV,Paraparaumu,PSM01665,1975
1767485.491,5472292.7805,13013187,KWWN003106,Wastewater,1.46,1.82,1.13,2.59,2.95,WWMH,,INUS,Paraparaumu,PSM01479,1979
1766751.363,5470117.1945,13013188,KWWN003323,Wastewater,3.15,3.5,1.69,4.84,5.19,WWMH,,INUS,Paraparaumu,PSM02034,1978
1768876.099,5469253.9575,13013189,KWWN003245,Wastewater,2.42,2.78,4.93,7.35,7.71,WWMH,,INUS,Paraparaumu,PSM01633,1976
1769507.745,5469152.6355,13013190,KWWN004234,Wastewater,9.97,10.32,1.29,11.26,11.61,WWMH,,INUS,Paraparaumu,PSM03158,1975
1766752.516,5470818.3545,13013191,KWWN003396,Wastewater,1.37,1.72,1.78,3.15,3.5,WWMH,,INUS,Paraparaumu,PSM02129,1978
1767269.073,5471735.3415,13013192,KWWN003522,Wastewater,2.42,2.77,4.1,6.52,6.88,WWMH,,INUS,Paraparaumu,PSM02272,1979
1767668.4,5470533.4565,13013193,KWWN003181,Wastewater,4.21,4.56,0.6,4.81,5.16,WWMH,,INUS,Paraparaumu,PSM01558,1996
1768051.943,5471876.0865,13013194,KWWN003862,Wastewater,2.02,2.37,2.55,4.57,4.92,WWMH,,INUS,Paraparaumu,PSM02653,1979
1766586.429,5470019.9965,13013195,KWWN003305,Wastewater,1.92,2.28,1.43,3.35,3.71,WWMH,,INUS,Paraparaumu,PSM02010,1978
1768177.373,5470500.0115,13013196,KWWN003596,Wastewater,4.05,4.4,1.42,5.47,5.82,WWMH,,INUS,Paraparaumu,PSM02358,1988
1768203.884,5472959.6045,13013197,KWWN003760,Wastewater,0.19,0.54,2.32,2.51,2.86,WWMH,,INUS,Paraparaumu,PSM02463,1979
1769558.29,5469225.0145,13013198,KWWN004236,Wastewater,9.54,9.89,0.93,10.47,10.82,WWMH,,INUS,Paraparaumu,PSM03161,1975
1768768.45,5468992.3575,13013199,KWWN003243,Wastewater,4.83,5.18,3.94,8.78,9.13,WWMH,,INUS,Paraparaumu,PSM01631,1975
1768128.988,5471714.7425,13013200,KWWN003836,Wastewater,2.75,3.11,2.05,4.8,5.16,WWMH,,INUS,Paraparaumu,PSM02623,1979
1769563.001,5470449.7625,13013201,KWWN003985,Wastewater,12.59,12.94,1.4,13.99,14.34,WWMH,,INUS,Paraparaumu,PSM02788,1986
1768066.056,5472389.2315,13013202,KWWN003811,Wastewater,1.55,1.91,1.2,2.75,3.11,WWMH,,INUS,Paraparaumu,PSM02519,1979
1766773.495,5470407.5985,13013203,KWWN003365,Wastewater,0.48,0.84,5.19,5.68,6.03,WWMH,,INUS,Paraparaumu,PSM02080,1978
1768508.515,5471380.9585,13013204,KWWN003097,Wastewater,2.9,3.25,2.28,5.18,5.53,WWMH,,INUS,Paraparaumu,PSM01409,1995
1767255.996,5470668.6105,13013205,KWWN003464,Wastewater,3.19,3.55,0.8,3.99,4.35,WWMH,,INUS,Paraparaumu,PSM02207,1979
1767601.449,5470498.5155,13013206,KWWN003575,Wastewater,4.14,4.49,1.48,5.62,5.97,WWMH,,INUS,Paraparaumu,PSM02328,1987
1767025.335,5471265.6725,13013207,KWWN003565,Wastewater,0.9,1.26,1.46,2.36,2.72,WWMH,,INUS,Paraparaumu,PSM02318,1978
1766856.681,5471090.6845,13013208,KWWN003408,Wastewater,1.06,1.41,2.62,3.68,4.03,WWMH,,INUS,Paraparaumu,PSM02143,1978
1766824.988,5471138.7065,13013209,KWWN003037,Wastewater,1.42,1.77,0.89,2.31,2.66,WWMH,,INUS,Paraparaumu,PSM01445,1978
1768763.856,5471454.3705,13013210,KWWN003079,Wastewater,4.82,5.17,0.82,5.64,5.99,WWMH,,INUS,Paraparaumu,PSM01388,1991
1769249.428,5470608.4065,13013211,KWWN003231,Wastewater,8.35,8.7,1.63,9.98,10.33,WWMH,,INUS,Paraparaumu,PSM01618,1995
1767157.407,5471506.1025,13013212,KWWN003737,Wastewater,-0.18,0.17,1.85,1.67,2.02,WWMH,,INUS,Paraparaumu,PSM02436,1979
1769789.562,5470584.1335,13013213,KWWN003292,Wastewater,,,,,,WWMH,,INUS,Paraparaumu,PSM01686,1979
1768346.626,5471307.7775,13013214,KWWN003114,Wastewater,2.03,2.38,1.54,3.57,3.92,WWMH,,INUS,Paraparaumu,PSM01487,1999
1768511.642,5472392.8895,13013215,KWWN003682,Wastewater,1.69,2.05,1.89,3.58,3.94,WWMH,,INUS,Paraparaumu,PSM02588,1979
1768272.603,5472798.9685,13013216,KWWN003806,Wastewater,-0.8,-0.44,4,3.2,3.56,WWMH,,INUS,Paraparaumu,PSM02513,1979
1769601.101,5469173.1285,13013217,KWWN004237,Wastewater,10.33,10.68,1.89,12.22,12.57,WWMH,,INUS,Paraparaumu,PSM03162,1975
1767777.728,5472776.1725,13013218,KWWN003752,Wastewater,1.17,1.53,1.5,2.67,3.03,WWMH,,INUS,Paraparaumu,PSM02455,1979
1766894.416,5470416.9485,13013219,KWWN003332,Wastewater,3.1,3.45,1.21,4.3,4.66,WWMH,,INUS,Paraparaumu,PSM02043,1978
1769499.18,5468721.4695,13013220,KWWN004440,Wastewater,10.17,10.52,1.49,11.66,12.01,WWMH,,INUS,Paraparaumu,PSM05199,1998
1768992.092,5469778.9955,13013221,KWWN003950,Wastewater,5.77,6.12,1.89,7.66,8.01,WWMH,,INUS,Paraparaumu,PSM02752,1988
1768843.062,5468386.2365,13013222,KWWN003287,Wastewater,10.71,11.06,0.98,11.69,12.04,WWMH,,PRV,Paraparaumu,PSM01679,1979
1766914.738,5471093.8015,13013223,KWWN003410,Wastewater,3.23,3.59,0.95,4.19,4.54,WWMH,,INUS,Paraparaumu,PSM02145,1978
1768315.656,5472758.7285,13013224,KWWN003808,Wastewater,2.83,3.19,0.8,3.63,3.98,WWMH,,INUS,Paraparaumu,PSM02515,1979
1767716.789,5472125.3085,13013225,KWWN003531,Wastewater,5.58,5.94,1.55,7.13,7.49,WWMH,,INUS,Paraparaumu,PSM02281,1979
1769504.147,5468887.5475,13013226,KWWN004226,Wastewater,8.39,8.74,1.58,9.97,10.32,WWMH,,INUS,Paraparaumu,PSM03149,1975
1767418.141,5472111.8625,13013227,KWWN003712,Wastewater,0.54,0.9,2.08,2.62,2.98,WWMH,,INUS,Paraparaumu,PSM02406,1979
1767498.872,5472084.5325,13013228,KWWN003721,Wastewater,1.59,1.95,1.36,2.95,3.31,WWMH,,INUS,Paraparaumu,PSM02416,1979
1767610.598,5472389.2095,13013229,KWWN003052,Wastewater,1.81,2.17,0.8,2.61,2.97,WWMH,,INUS,Paraparaumu,PSM01465,1995
1767880.998,5471009.7205,13013230,KWWN003487,Wastewater,1.55,1.9,3,4.55,4.9,WWMH,,INUS,Paraparaumu,PSM02236,1979
1766695.605,5470416.5595,13013231,KWWN003342,Wastewater,2.96,3.32,1.52,4.48,4.84,WWMH,,INUS,Paraparaumu,PSM02056,1978
1769506.917,5468545.8605,13013232,KWWN004220,Wastewater,14.08,14.43,1.58,15.66,16.01,WWMH,,INUS,Paraparaumu,PSM03142,1975
1766990.224,5471698.4415,13013233,KWWN003542,Wastewater,1.73,2.09,1.52,3.25,3.61,WWMH,,INUS,Paraparaumu,PSM02293,1979
1767943.76,5470200.3895,13013234,KWWN003187,Wastewater,5.2,5.55,1.22,6.42,6.78,WWMH,,INUS,Paraparaumu,PSM01564,1980
1768725.725,5471405.3175,13013235,KWWN003090,Wastewater,4.7,5.05,0.42,5.12,5.47,WWMH,,INUS,Paraparaumu,PSM01402,1995
1769495.258,5470335.1845,13013236,KWWN003981,Wastewater,10.82,11.18,0.92,11.74,12.1,WWMH,,INUS,Paraparaumu,PSM02784,1987
1769114.641,5469364.2255,13013237,KWWN003264,Wastewater,6.5,6.85,0.92,7.42,7.77,WWMH,,INUS,Paraparaumu,PSM01654,1977
1767186.133,5471150.7485,13013238,KWWN003225,Wastewater,5.29,5.64,1.18,6.46,6.82,WWMH,,INUS,Paraparaumu,PSM01612,1979
1767361.069,5471748.6275,13013239,KWWN003741,Wastewater,1.91,2.26,1.23,3.14,3.49,WWMH,,INUS,Paraparaumu,PSM02441,1979
1768329.171,5469983.9165,13013240,KWWN003208,Wastewater,5.74,6.09,1.42,7.16,7.51,WWMH,,INUS,Paraparaumu,PSM01587,1986
1767648.649,5472053.2945,13013241,KWWN003530,Wastewater,4.68,5.04,1.38,6.06,6.42,WWMH,,INUS,Paraparaumu,PSM02280,1979
1768785.963,5471515.6955,13013242,KWWN003083,Wastewater,4.18,4.54,1.46,5.64,6,WWMH,,INUS,Paraparaumu,PSM01392,1990
1769076.966,5471201.9255,13013243,KWWN003916,Wastewater,2.19,2.54,1.97,4.16,4.51,WWMH,,INUS,Paraparaumu,PSM02713,1980
1768923.337,5468607.9785,13013244,KWWN003280,Wastewater,,,,,,WWMH,,PRV,Paraparaumu,PSM01670,1975
1767895.463,5472056.9655,13013245,KWWN003866,Wastewater,1.32,1.67,3.5,4.82,5.17,WWMH,,INUS,Paraparaumu,PSM02657,1979
1767192.885,5470925.2775,13013246,KWWN003476,Wastewater,2.4,2.76,1.83,4.23,4.59,WWMH,,INUS,Paraparaumu,PSM02225,1974
1766881.735,5470400.1685,13013247,KWWN003331,Wastewater,2.85,3.2,0.6,3.44,3.8,WWMH,,INUS,Paraparaumu,PSM02042,1978
1769454.446,5468581.8965,13013248,KWWN004221,Wastewater,14.6,14.95,1.95,16.55,16.9,WWMH,,INUS,Paraparaumu,PSM03144,1975
1767602.536,5470565.3945,13013249,KWWN003143,Wastewater,4.36,4.71,0.51,4.87,5.22,WWMH,,PRV,Paraparaumu,PSM01519,1993
1768531.217,5471940.1115,13013250,KWWN003067,Wastewater,1.47,1.82,2.21,3.68,4.03,WWMH,,INUS,Paraparaumu,PSM01373,1980
1767652.653,5470672.0645,13013251,KWWN004417,Wastewater,1.24,1.59,2.7,3.94,4.29,WWMH,,PRV,Paraparaumu,PSM05177,1980
1768173.442,5470377.7275,13013252,KWWN003611,Wastewater,3.04,3.39,1.64,4.68,5.03,WWMH,,INUS,Paraparaumu,PSM02376,1980
1769196.777,5470783.1545,13013253,KWWN003989,Wastewater,5.25,5.6,2.1,7.35,7.7,WWMH,,INUS,Paraparaumu,PSM02793,1989
1767855.789,5472544.2385,13013254,KWWN003787,Wastewater,0.2,0.56,1.88,2.08,2.44,WWMH,,INUS,Paraparaumu,PSM02492,1988
1767335.923,5472000.7395,13013255,KWWN003728,Wastewater,2.69,3.05,1.17,3.86,4.22,WWMH,,INUS,Paraparaumu,PSM02424,1979
1768703.226,5472114.1405,13013256,KWWN003686,Wastewater,2.07,2.43,2.27,4.34,4.7,WWMH,,INUS,Paraparaumu,PSM02593,1985
1768499.361,5472076.5495,13013257,KWWN003861,Wastewater,3.24,3.6,1.36,4.6,4.96,WWMH,,INUS,Paraparaumu,PSM02650,1979
1768557.548,5472445.3025,13013258,KWWN003681,Wastewater,2.14,2.5,1.78,3.92,4.28,WWMH,,INUS,Paraparaumu,PSM02587,1979
1768310.695,5471321.9825,13013259,KWWN003113,Wastewater,1.71,2.06,1.7,3.41,3.76,WWMH,,INUS,Paraparaumu,PSM01486,1991
1768410.249,5470322.4375,13013260,KWWN003690,Wastewater,4.73,5.08,1.8,6.53,6.88,WWMH,,INUS,Paraparaumu,PSM02383,1991
1766836.311,5470121.5345,13013261,KWWN003385,Wastewater,2.21,2.56,1.47,3.68,4.04,WWMH,,INUS,Paraparaumu,PSM02116,1978
1768030.139,5470212.0985,13013262,KWWN003192,Wastewater,4.25,4.6,1.23,5.48,5.83,WWMH,,INUS,Paraparaumu,PSM01569,1980
1767299.745,5471909.9765,13013263,KWWN003733,Wastewater,10.2,10.56,1.13,11.33,11.69,WWMH,,INUS,Paraparaumu,PSM02430,1979
1768508.98,5472490.8065,13013264,KWWN003779,Wastewater,2.75,3.11,1.43,4.18,4.54,WWMH,,INUS,Paraparaumu,PSM02483,1989
1767849.739,5472557.7315,13013265,KWWN003785,Wastewater,-1.56,-1.2,3.51,1.95,2.31,WWMH,,INUS,Paraparaumu,PSM02490,1979
1768773.886,5472581.5615,13013266,KWWN003668,Wastewater,4.93,5.29,1.32,6.25,6.61,WWMH,,INUS,Paraparaumu,PSM02573,1991
1767242.384,5470958.9065,13013267,KWWN003477,Wastewater,2.8,3.16,1.07,3.87,4.23,WWMH,,INUS,Paraparaumu,PSM02226,1975
1767803.336,5470974.4315,13013268,KWWN003484,Wastewater,2.38,2.73,2.55,4.93,5.29,WWMH,,INUS,Paraparaumu,PSM02233,1979
1770057.557,5469988.7365,13013269,KWWN003239,Wastewater,7.87,8.22,1.12,8.99,9.34,WWMH,,PRV,Paraparaumu,PSM01626,1994
1766784.898,5470984.4915,13013270,KWWN003401,Wastewater,0.47,0.83,1.79,2.26,2.62,WWMH,,INUS,Paraparaumu,PSM02134,1978
1769307.809,5470208.6355,13013271,KWWN003941,Wastewater,10.01,10.36,1.36,11.37,11.72,WWMH,,INUS,Paraparaumu,PSM02742,1979
1768574.679,5472034.6945,13013272,KWWN003683,Wastewater,2.74,3.1,1.49,4.23,4.59,WWMH,,INUS,Paraparaumu,PSM02589,1985
1766685.957,5470358.4365,13013273,KWWN003346,Wastewater,4.88,5.24,1.35,6.23,6.58,WWMH,,INUS,Paraparaumu,PSM02060,1978
1767917.716,5470254.7265,13013274,KWWN003176,Wastewater,4.73,5.08,1.78,6.51,6.86,WWMH,,INUS,Paraparaumu,PSM01553,1980
1766902.276,5471067.2685,13013275,KWWN003470,Wastewater,1.42,1.77,3.44,4.86,5.21,WWMH,,INUS,Paraparaumu,PSM02218,1978
1768261.605,5472870.3635,13013276,KWWN003766,Wastewater,-0.39,-0.03,4.35,3.96,4.32,WWMH,,INUS,Paraparaumu,PSM02469,1979
1766588.71,5470495.6905,13013277,KWWN003376,Wastewater,1.3,1.66,2.76,4.06,4.42,WWMH,,INUS,Paraparaumu,PSM02096,1978
1768587.138,5472158.4005,13013278,KWWN003685,Wastewater,3.92,4.28,1.21,5.13,5.49,WWMH,,INUS,Paraparaumu,PSM02591,1985
1768923.472,5469831.6405,13013279,KWWN003958,Wastewater,6.65,7,1.66,8.31,8.66,WWMH,,INUS,Paraparaumu,PSM02760,1987
1768208.52,5471524.8465,13013280,KWWN003508,Wastewater,5.47,5.82,1.6,7.07,7.42,WWMH,,INUS,Paraparaumu,PSM02257,1980
1768817.81,5472085.2945,13013281,KWWN003820,Wastewater,1.09,1.45,2.01,3.1,3.46,WWMH,,INUS,Paraparaumu,PSM02604,1985
1768704.674,5470438.9185,13013282,KWWN003197,Wastewater,1.58,1.93,2.94,4.52,4.87,WWMH,,INUS,Paraparaumu,PSM01576,1996
1766685.957,5470734.9035,13013283,KWWN003388,Wastewater,2.92,3.28,2.13,5.05,5.41,WWMH,,INUS,Paraparaumu,PSM02121,1978
1768783.076,5472001.5635,13013284,KWWN003823,Wastewater,0.7,1.06,1.8,2.5,2.86,WWMH,,INUS,Paraparaumu,PSM02607,1988
1768218.288,5471431.4625,13013285,KWWN003108,Wastewater,2.59,2.94,1.98,4.57,4.92,WWMH,,INUS,Paraparaumu,PSM01481,1991
1767649.396,5470723.8555,13013286,KWWN003155,Wastewater,4.34,4.69,0.53,4.87,5.22,WWMH,,PRV,Paraparaumu,PSM01531,1993
1768268.563,5472932.1665,13013287,KWWN003770,Wastewater,2.94,3.3,1,3.94,4.3,WWMH,,INUS,Paraparaumu,PSM02474,1979
1766928.652,5471128.0685,13013288,KWWN003411,Wastewater,4.1,4.46,1.82,5.92,6.28,WWMH,,INUS,Paraparaumu,PSM02147,1978
1769888.561,5470611.9615,13013289,KWWN003294,Wastewater,,,,,,WWCE,,INUS,Paraparaumu,PSM01689,1979
1767537.187,5470930.5985,13013290,KWWN003455,Wastewater,2.58,2.93,1.59,4.17,4.52,WWMH,,INUS,Paraparaumu,PSM02198,1979
1767810.442,5470755.8405,13013291,KWWN003157,Wastewater,3.81,4.16,0.4,4.21,4.56,WWMH,,PRV,Paraparaumu,PSM01533,1993
1767063.347,5471346.0715,13013292,KWWN003743,Wastewater,-1.38,-1.02,3.77,2.39,2.75,WWMH,,INUS,Paraparaumu,PSM02443,1979
1767469.59,5472050.1235,13013293,KWWN003722,Wastewater,1.23,1.59,1.16,2.39,2.75,WWMH,,INUS,Paraparaumu,PSM02417,1979
1768239.598,5469647.7385,13013294,KWWN004419,Wastewater,6.5,6.85,1.24,7.74,8.09,WWMH,,PRV,Paraparaumu,PSM05179,1997
1767855.607,5472812.2115,13013295,KWWN003754,Wastewater,-0.16,0.2,2.53,2.37,2.73,WWMH,,INUS,Paraparaumu,PSM02457,1979
1767121.098,5471842.4975,13013296,KWWN003694,Wastewater,1.88,2.23,1.66,3.54,3.89,WWMH,,INUS,Paraparaumu,PSM02387,1979
1768616.142,5468878.8455,13013297,KWWN003258,Wastewater,5.88,6.24,0.98,6.86,7.22,WWMH,,INUS,Paraparaumu,PSM01647,1979
1769175.143,5469877.8235,13013298,KWWN003963,Wastewater,6.8,7.15,1.61,8.41,8.76,WWMH,,INUS,Paraparaumu,PSM02765,1986
1768730.195,5471913.5555,13013299,KWWN003062,Wastewater,0.2,0.55,3.02,3.22,3.57,WWMH,,INUS,Paraparaumu,PSM01363,1988
1768281.218,5472347.1585,13013300,KWWN003642,Wastewater,-1.63,-1.27,4.39,2.76,3.12,WWMH,,INUS,Paraparaumu,PSM02546,1979
1767734.605,5472129.9885,13013301,KWWN003532,Wastewater,3.57,3.93,3.77,7.34,7.7,WWMH,,INUS,Paraparaumu,PSM02282,1979
1768114.667,5472732.4395,13013302,KWWN003800,Wastewater,0.54,0.9,1.66,2.2,2.56,WWMH,,INUS,Paraparaumu,PSM02505,1979
1766721.273,5470348.6455,13013303,KWWN003347,Wastewater,5.71,6.07,1.09,6.8,7.16,WWMH,,INUS,Paraparaumu,PSM02061,1978
1767949.021,5471461.5565,13013304,KWWN003519,Wastewater,4.18,4.53,1.86,6.04,6.39,WWMH,,INUS,Paraparaumu,PSM02268,1979
1768865.822,5471479.9365,13013305,KWWN003085,Wastewater,4.07,4.42,0.99,5.06,5.41,WWMH,,INUS,Paraparaumu,PSM01394,1986
1767649.144,5470516.0845,13013306,KWWN003180,Wastewater,4.23,4.58,0.67,4.9,5.25,WWMH,,INUS,Paraparaumu,PSM01557,1996
1768803.228,5472726.4915,13013307,KWWN004443,Wastewater,3.63,3.98,1.34,4.97,5.32,WWMH,,INUS,Paraparaumu,PSM01426,1996
1769548.578,5469210.3285,13013308,KWWN004235,Wastewater,9.62,9.97,0.93,10.55,10.9,WWMH,,INUS,Paraparaumu,PSM03160,1975
1768616.273,5471397.6805,13013309,KWWN003093,Wastewater,1.88,2.23,3.1,4.98,5.33,WWMH,,INUS,Paraparaumu,PSM01405,1995
1767936.438,5471023.0895,13013310,KWWN003222,Wastewater,4.47,4.82,1.05,5.52,5.87,WWMH,,INUS,Paraparaumu,PSM01607,1983
1768326.563,5470279.2865,13013311,KWWN003617,Wastewater,4.09,4.44,1.4,5.49,5.84,WWMH,,INUS,Paraparaumu,PSM02382,1990
1767530.108,5471125.5885,13013312,KWWN003440,Wastewater,5.1,5.46,1.09,6.19,6.55,WWMH,,INUS,Paraparaumu,PSM02183,1979
1769574.248,5470310.8665,13013313,KWWN003978,Wastewater,9.69,10.04,1.11,10.8,11.15,WWMH,,INUS,Paraparaumu,PSM02781,1986
1767900.928,5472545.9105,13013314,KWWN003789,Wastewater,,,,2.07,2.43,WWCE,,INUS,Paraparaumu,PSM02494,1988
1769576.503,5470858.0225,13013315,KWWN003922,Wastewater,3.67,4.02,1.86,5.53,5.88,WWMH,,INUS,Paraparaumu,PSM02722,1982
1769551.249,5468853.9195,13013316,KWWN004227,Wastewater,11.4,11.75,2.49,13.89,14.24,WWMH,,INUS,Paraparaumu,PSM03150,1975
1767189.683,5471540.7635,13013317,KWWN003045,Wastewater,0.11,0.46,1.92,2.03,2.38,WWMH,,INUS,Paraparaumu,PSM01456,1979
1768060.97,5470415.8095,13013318,KWWN003594,Wastewater,5,5.35,1.01,6.01,6.36,WWMH,,INUS,Paraparaumu,PSM02356,1993
1769585.557,5469262.6735,13013319,KWWN004238,Wastewater,,,,,,WWCON,,INUS,Paraparaumu,PSM03164,1975
1768971.541,5469531.1165,13013320,KWWN003267,Wastewater,5.11,5.46,2.5,7.61,7.96,WWMH,,INUS,Paraparaumu,PSM01657,1987
1769567.94,5470341.3465,13013321,KWWN003979,Wastewater,10.27,10.62,1.13,11.4,11.75,WWMH,,INUS,Paraparaumu,PSM02782,1986
1767021.49,5470848.9245,13013322,KWWN003425,Wastewater,3.36,3.71,2.09,5.45,5.8,WWMH,,INUS,Paraparaumu,PSM02165,1978
1768437.278,5472662.3915,13013323,KWWN003776,Wastewater,0.9,1.26,1.87,2.77,3.13,WWMH,,INUS,Paraparaumu,PSM02480,1989
1768030.522,5472756.7255,13013324,KWWN003802,Wastewater,1.39,1.75,1.47,2.86,3.22,WWMH,,INUS,Paraparaumu,PSM02507,1979
1766607.409,5470098.4005,13013325,KWWN003307,Wastewater,2.16,2.52,1.86,4.02,4.38,WWMH,,INUS,Paraparaumu,PSM02014,1978
1768141.792,5469392.6765,13013326,KWWN003220,Wastewater,7.98,8.33,0.9,8.88,9.23,WWMH,,INUS,Paraparaumu,PSM01603,1997
1766922.488,5471221.6765,13013327,KWWN003554,Wastewater,4.34,4.7,1.48,5.82,6.18,WWMH,,INUS,Paraparaumu,PSM02305,1978
1768055.462,5472655.5035,13013328,KWWN003793,Wastewater,-0.32,0.04,2.58,2.26,2.62,WWMH,,INUS,Paraparaumu,PSM02498,1979
1767902.817,5471193.5415,13013329,KWWN003509,Wastewater,0.98,1.33,2.01,2.99,3.34,WWMH,,INUS,Paraparaumu,PSM02258,1979
1767116.981,5471981.9885,13013330,KWWN003697,Wastewater,0.28,0.64,2.04,2.32,2.68,WWMH,,INUS,Paraparaumu,PSM02390,1979
1767622.968,5470983.1105,13013331,KWWN003458,Wastewater,3.68,4.03,2.21,5.89,6.24,WWMH,,INUS,Paraparaumu,PSM02201,1979
1769010.885,5472042.4195,13013332,KWWN003827,Wastewater,2.47,2.83,1.47,3.94,4.3,WWMH,,INUS,Paraparaumu,PSM02611,1980
1767537.353,5471178.4705,13013333,KWWN003122,Wastewater,,,0.88,,,WWMH,,INUS,Paraparaumu,PSM01495,1979
1768425.366,5471856.8855,13013334,KWWN003888,Wastewater,1.34,1.69,1.77,3.11,3.46,WWMH,,INUS,Paraparaumu,PSM02683,1979
1767571.033,5472422.2105,13013335,KWWN003055,Wastewater,2.18,2.54,0.72,2.9,3.26,WWMH,,INUS,Paraparaumu,PSM01468,1979
1768221.432,5470945.3695,13013336,KWWN003162,Wastewater,0.87,1.22,2.83,3.7,4.05,WWMH,,INUS,Paraparaumu,PSM01538,1980
1769592.918,5470269.5295,13013337,KWWN003929,Wastewater,9.03,9.38,1.12,10.15,10.51,WWMH,,INUS,Paraparaumu,PSM02730,1978
1768639.083,5472073.1165,13013338,KWWN003684,Wastewater,3.26,3.62,1.49,4.75,5.11,WWMH,,INUS,Paraparaumu,PSM02590,1985
1767153.658,5470765.4465,13013339,KWWN003467,Wastewater,,,2.15,,,WWMH,,INUS,Paraparaumu,PSM02214,1978
1767613.294,5470750.4505,13013340,KWWN003150,Wastewater,4.27,4.63,0.67,4.94,5.3,WWMH,,PRV,Paraparaumu,PSM01526,1980
1768095.454,5471913.8775,13013341,KWWN003863,Wastewater,2.4,2.75,2.45,4.85,5.2,WWMH,,INUS,Paraparaumu,PSM02654,1979
1768197.202,5470389.7975,13013342,KWWN003612,Wastewater,3.27,3.62,1.25,4.52,4.87,WWMH,,INUS,Paraparaumu,PSM02377,1980
1767854.436,5472551.5065,13013343,KWWN003786,Wastewater,-0.06,0.3,2,1.94,2.3,WWMH,,INUS,Paraparaumu,PSM02491,1988
1767969.514,5471157.8805,13013344,KWWN003513,Wastewater,1.73,2.08,3.07,4.8,5.15,WWMH,,INUS,Paraparaumu,PSM02262,1979
1769413.453,5468802.7335,13013345,KWWN004437,Wastewater,8.45,8.8,2.9,11.35,11.7,WWMH,,INUS,Paraparaumu,PSM05196,1998
1767564.399,5470629.7675,13013346,KWWN003145,Wastewater,3.78,4.13,1.06,4.84,5.19,WWMH,,PRV,Paraparaumu,PSM01521,1993
1769611.184,5468932.4755,13013347,KWWN004229,Wastewater,14.77,15.12,1,15.77,16.12,WWMH,,INUS,Paraparaumu,PSM03152,1975
1768740.688,5472647.3635,13013348,KWWN003672,Wastewater,3.81,4.17,1.27,5.08,5.44,WWMH,,INUS,Paraparaumu,PSM02578,1994
1768170.588,5471357.9705,13013349,KWWN003119,Wastewater,1.91,2.26,1.4,3.31,3.66,WWMH,,INUS,Paraparaumu,PSM01492,1991
1766680.463,5470910.8375,13013350,KWWN003414,Wastewater,1.55,1.9,2.18,3.73,4.08,WWMH,,INUS,Paraparaumu,PSM02150,1978
1768476.768,5472157.1695,13013351,KWWN003894,Wastewater,4.01,4.36,1.4,5.41,5.76,WWMH,,INUS,Paraparaumu,PSM02690,1979
1767588.044,5472637.2385,13013352,KWWN003748,Wastewater,0.27,0.63,3.16,3.43,3.79,WWMH,,INUS,Paraparaumu,PSM02450,1979
1766869.618,5471117.2365,13013353,KWWN003409,Wastewater,2.91,3.27,1.54,4.45,4.81,WWMH,,INUS,Paraparaumu,PSM02144,1978
1768814.87,5472259.6255,13013354,KWWN003818,Wastewater,3.44,3.8,2.07,5.51,5.87,WWMH,,INUS,Paraparaumu,PSM02602,1988
1767074.778,5471493.9685,13013355,KWWN003538,Wastewater,3.6,3.96,1.72,5.32,5.67,WWMH,,INUS,Paraparaumu,PSM02289,1979
1766694.948,5470761.6245,13013356,KWWN003390,Wastewater,2.73,3.09,1.99,4.72,5.08,WWMH,,INUS,Paraparaumu,PSM02123,1978
1768010.832,5472065.2835,13013357,KWWN003873,Wastewater,2.57,2.93,1.2,3.77,4.13,WWMH,,INUS,Paraparaumu,PSM02666,1979
1768413.615,5472653.5745,13013358,KWWN003775,Wastewater,0.63,0.99,2.31,2.94,3.3,WWMH,,INUS,Paraparaumu,PSM02479,1989
1767579.326,5470974.9145,13013359,KWWN003127,Wastewater,,,,,,WWMH,,INUS,Paraparaumu,PSM01503,1979
1768380.46,5471762.7665,13013360,KWWN003891,Wastewater,1.13,1.48,2.4,3.53,3.88,WWMH,,INUS,Paraparaumu,PSM02686,1979
1768485.154,5471696.3955,13013361,KWWN003879,Wastewater,2.4,2.75,1.32,3.72,4.07,WWMH,,INUS,Paraparaumu,PSM02673,1979
1768535.412,5472098.8155,13013362,KWWN003896,Wastewater,3.86,4.22,1.54,5.4,5.76,WWMH,,INUS,Paraparaumu,PSM02692,1985
1769322.944,5470857.7355,13013363,KWWN003918,Wastewater,3.78,4.13,2.1,5.88,6.24,WWMH,,INUS,Paraparaumu,PSM02716,1983
1767524.835,5470765.0925,13013364,KWWN003149,Wastewater,4.04,4.39,0.75,4.79,5.14,WWMH,,PRV,Paraparaumu,PSM01525,1993
1766888.009,5470959.9385,13013365,KWWN003417,Wastewater,2.71,3.06,1.45,4.16,4.51,WWMH,,INUS,Paraparaumu,PSM02155,1978
1768253.558,5469930.3725,13013366,KWWN003207,Wastewater,6.17,6.52,1,7.17,7.52,WWMH,,INUS,Paraparaumu,PSM01586,1979
1767726.698,5472459.5155,13013367,KWWN003829,Wastewater,-0.66,-0.3,2.8,2.14,2.5,WWMH,,INUS,Paraparaumu,PSM02613,1979
1768775.99,5472645.7435,13013368,KWWN003675,Wastewater,4.21,4.57,1.63,5.84,6.2,WWMH,,INUS,Paraparaumu,PSM02581,1994
1766868.135,5470598.7935,13013369,KWWN003361,Wastewater,3.6,3.96,1.33,4.94,5.29,WWMH,,INUS,Paraparaumu,PSM02076,1978
1767624.752,5472340.6565,13013370,KWWN003053,Wastewater,1.58,1.94,0.86,2.44,2.79,WWMH,,INUS,Paraparaumu,PSM01466,1995
1768809.901,5468481.9275,13013371,KWWN003279,Wastewater,8.31,8.66,1.45,9.76,10.11,WWMH,,INUS,Paraparaumu,PSM01669,1975
1767462.782,5472180.1935,13013372,KWWN003715,Wastewater,0.04,0.4,2.82,2.86,3.22,WWMH,,INUS,Paraparaumu,PSM02409,1979
1766774.341,5470536.3465,13013373,KWWN003357,Wastewater,1.46,1.81,2.69,4.14,4.5,WWMH,,INUS,Paraparaumu,PSM02072,1978
1768389.374,5470688.9935,13013374,KWWN003604,Wastewater,5.46,5.81,0.65,6.11,6.46,WWMH,,INUS,Paraparaumu,PSM02366,1990
1766702.122,5470463.7225,13013375,KWWN003344,Wastewater,5.36,5.71,1.03,6.39,6.74,WWMH,,INUS,Paraparaumu,PSM02058,1978
1768281.061,5471438.9385,13013376,KWWN003874,Wastewater,3.25,3.61,1,4.25,4.61,WWMH,,INUS,Paraparaumu,PSM02668,1980
1767191.785,5472114.5885,13013377,KWWN003700,Wastewater,-2.58,-2.22,4.8,2.22,2.58,WWMH,,INUS,Paraparaumu,PSM02393,1979
1768413.233,5470630.2325,13013378,KWWN003601,Wastewater,4.66,5.01,1.02,5.68,6.03,WWMH,,INUS,Paraparaumu,PSM02363,1999
1767917.99,5472840.5435,13013379,KWWN003755,Wastewater,0.35,0.71,2.05,2.4,2.76,WWMH,,INUS,Paraparaumu,PSM02458,1979
1769913.118,5470598.4125,13013380,KWWN003293,Wastewater,,,,,,WWMH,,INUS,Paraparaumu,PSM01688,1979
1768297.0,5471338.9635,13013381,KWWN003112,Wastewater,1.6,1.95,2,3.6,3.95,WWMH,,INUS,Paraparaumu,PSM01485,1991
1767836.266,5471058.5435,13013382,KWWN003489,Wastewater,3.09,3.45,2.47,5.56,5.92,WWMH,,INUS,Paraparaumu,PSM02238,1979
1767474.574,5471146.0605,13013383,KWWN003439,Wastewater,2.28,2.63,1.07,3.35,3.7,WWMH,,INUS,Paraparaumu,PSM02181,1979
1768198.136,5471823.7875,13013384,KWWN003856,Wastewater,2.44,2.79,2.45,4.89,5.24,WWMH,,INUS,Paraparaumu,PSM02645,1979
1768970.87,5472010.6345,13013385,KWWN004423,Wastewater,2.06,2.42,1.22,3.28,3.64,WWMH,,INUS,Paraparaumu,PSM05183,1996
1769067.082,5469896.9465,13013386,KWWN003945,Wastewater,6.46,6.81,1.12,7.58,7.93,WWMH,,INUS,Paraparaumu,PSM02747,1988
1768109.477,5472232.7615,13013387,KWWN003619,Wastewater,-0.35,0.01,3.86,3.51,3.87,WWMH,,INUS,Paraparaumu,PSM02524,1979
1768029.668,5472308.5355,13013388,KWWN003812,Wastewater,0.53,0.89,2.5,3.03,3.39,WWMH,,INUS,Paraparaumu,PSM02521,1979
1769453.948,5469975.1195,13013389,KWWN003969,Wastewater,7.71,8.06,1.64,9.34,9.7,WWMH,,INUS,Paraparaumu,PSM02772,1983
1766551.696,5470210.4065,13013390,KWWN003311,Wastewater,1.06,1.42,3.28,4.34,4.7,WWMH,,INUS,Paraparaumu,PSM02018,1978
1768805.009,5472497.3715,13013391,KWWN003297,Wastewater,4.85,5.21,2.48,7.33,7.69,WWMH,,INUS,Paraparaumu,PSM01695,1991
1766869.164,5470386.8495,13013392,KWWN003330,Wastewater,2.73,3.08,1.94,4.66,5.02,WWMH,,INUS,Paraparaumu,PSM02041,1978
1769071.652,5469963.6925,13013393,KWWN003944,Wastewater,6.89,7.24,1.13,8.02,8.37,WWMH,,INUS,Paraparaumu,PSM02746,1988
1766694.159,5470420.3455,13013394,KWWN003343,Wastewater,0.04,0.39,4.41,4.45,4.8,WWMH,,INUS,Paraparaumu,PSM02057,1978
1769506.411,5470195.3595,13013395,KWWN003935,Wastewater,10.29,10.64,1.08,11.37,11.72,WWMH,,INUS,Paraparaumu,PSM02736,1978
1770085.773,5470031.1805,13013396,KWWN003238,Wastewater,8.32,8.67,0.99,9.31,9.66,WWMH,,PRV,Paraparaumu,PSM01625,1994
1768276.998,5471366.0255,13013397,KWWN003111,Wastewater,1.96,2.31,1.55,3.51,3.86,WWMH,,INUS,Paraparaumu,PSM01484,1991
1769545.835,5468536.4885,13013398,KWWN004218,Wastewater,13.61,13.96,1.89,15.5,15.86,WWMH,,INUS,Paraparaumu,PSM03138,1975
1769627.689,5470917.8745,13013399,KWWN003924,Wastewater,4.12,4.47,2.11,6.23,6.58,WWMH,,INUS,Paraparaumu,PSM02724,1982
1767811.225,5472792.2325,13013400,KWWN003753,Wastewater,-0.42,-0.06,2.94,2.52,2.88,WWMH,,INUS,Paraparaumu,PSM02456,1979
1767440.883,5472190.5705,13013401,KWWN003714,Wastewater,0,0.36,2.75,2.75,3.11,WWMH,,INUS,Paraparaumu,PSM02408,1979
1768237.88,5472648.0715,13013402,KWWN003797,Wastewater,-1.84,-1.48,4.58,2.74,3.1,WWMH,,INUS,Paraparaumu,PSM02502,1979
1768851.734,5468586.6115,13013403,KWWN003271,Wastewater,,,,,,WWMH,,PRV,Paraparaumu,PSM01661,1975
1768989.896,5471348.6225,13013404,KWWN003914,Wastewater,3.43,3.78,1.8,5.23,5.58,WWMH,,INUS,Paraparaumu,PSM02711,1980
1766964.78,5471633.7305,13013405,KWWN003541,Wastewater,1.23,1.59,2.21,3.44,3.8,WWMH,,INUS,Paraparaumu,PSM02292,1979
1766735.996,5470659.7065,13013406,KWWN003358,Wastewater,7.17,7.52,1.92,9.09,9.44,WWMH,,INUS,Paraparaumu,PSM02073,1978
1769022.258,5469878.5175,13013407,KWWN003948,Wastewater,6.93,7.28,0.98,7.91,8.26,WWMH,,INUS,Paraparaumu,PSM02750,1988
1767582.656,5470765.5835,13013408,KWWN003152,Wastewater,3.93,4.28,0.85,4.78,5.13,WWMH,,PRV,Paraparaumu,PSM01528,1993
1767596.792,5471098.9495,13013409,KWWN003480,Wastewater,4.01,4.36,2.24,6.25,6.6,WWMH,,INUS,Paraparaumu,PSM02229,1979
1766869.874,5471037.8275,13013410,KWWN003404,Wastewater,1.97,2.33,0.79,2.76,3.12,WWMH,,INUS,Paraparaumu,PSM02138,1978
1768439.935,5472026.2345,13013411,KWWN003860,Wastewater,2.32,2.68,1.68,4,4.36,WWMH,,INUS,Paraparaumu,PSM02649,1979
1768628.639,5470490.9905,13013412,KWWN003199,Wastewater,0.51,0.86,4.25,4.76,5.11,WWMH,,INUS,Paraparaumu,PSM01578,1996
1766771.085,5470334.8015,13013413,KWWN003348,Wastewater,6.82,7.17,1.8,8.62,8.97,WWMH,,INUS,Paraparaumu,PSM02062,1978
1767512.912,5472137.0015,13013414,KWWN003717,Wastewater,0.55,0.91,3.05,3.6,3.96,WWMH,,INUS,Paraparaumu,PSM02411,1979
1769471.595,5468807.8735,13013415,KWWN004436,Wastewater,9.43,9.78,1.37,10.8,11.15,WWMH,,INUS,Paraparaumu,PSM05202,1998
1766792.05,5470752.1995,13013416,KWWN003395,Wastewater,2.37,2.72,1.05,3.42,3.77,WWMH,,INUS,Paraparaumu,PSM02128,1978
1768038.553,5472312.8805,13013417,KWWN003813,Wastewater,0.36,0.72,2.41,2.77,3.13,WWMH,,INUS,Paraparaumu,PSM02522,1979
1768182.806,5471651.1055,13013418,KWWN003835,Wastewater,3.39,3.74,2.85,6.24,6.59,WWMH,,INUS,Paraparaumu,PSM02622,1979
1767867.044,5471311.9095,13013419,KWWN003514,Wastewater,1.59,1.94,2.98,4.57,4.92,WWMH,,INUS,Paraparaumu,PSM02263,1979
1767650.035,5470933.3005,13013420,KWWN003134,Wastewater,4.32,4.67,1.13,5.45,5.8,WWMH,,PRV,Paraparaumu,PSM01510,1985
1768000.8,5470122.2025,13013421,KWWN003190,Wastewater,5.12,5.47,1.22,6.34,6.69,WWMH,,INUS,Paraparaumu,PSM01567,1980
1768151.789,5472180.9545,13013422,KWWN003620,Wastewater,1,1.36,2.81,3.81,4.17,WWMH,,INUS,Paraparaumu,PSM02525,1979
1768795.919,5472664.7845,13013423,KWWN003677,Wastewater,4.35,4.71,1.34,5.69,6.05,WWMH,,INUS,Paraparaumu,PSM02583,1994
1768595.686,5470391.4925,13013424,KWWN003202,Wastewater,4.36,4.72,0.9,5.26,5.62,WWMH,,INUS,Paraparaumu,PSM01581,1993
1769015.443,5471527.9465,13013425,KWWN003087,Wastewater,3.07,3.42,0.94,4.01,4.37,WWMH,,INUS,Paraparaumu,PSM01398,1995
1768077.137,5472268.9685,13013426,KWWN003618,Wastewater,-0.02,0.34,3.08,3.06,3.42,WWMH,,INUS,Paraparaumu,PSM02523,1979
1767400.214,5472155.8235,13013427,KWWN003710,Wastewater,-0.53,-0.17,3.21,2.68,3.04,WWMH,,INUS,Paraparaumu,PSM02404,1979
1768926.35,5469392.1175,13013428,KWWN003261,Wastewater,4.1,4.45,2.43,6.53,6.88,WWMH,,INUS,Paraparaumu,PSM01650,1987
1768149.193,5470291.3005,13013429,KWWN003613,Wastewater,2.86,3.21,2.85,5.71,6.06,WWMH,,INUS,Paraparaumu,PSM02378,1990
1769561.77,5470424.2435,13013430,KWWN003984,Wastewater,11.17,11.52,1.62,12.79,13.14,WWMH,,INUS,Paraparaumu,PSM02787,1986
1769469.41,5470771.8235,13013431,KWWN003919,Wastewater,2.54,2.89,2.61,5.15,5.5,WWMH,,INUS,Paraparaumu,PSM02719,1980
1767442.534,5472313.9795,13013432,KWWN003105,Wastewater,1.66,2.02,0.77,2.43,2.79,WWMH,,INUS,Paraparaumu,PSM01478,1979
1768179.359,5472626.2245,13013433,KWWN003069,Wastewater,-2.19,-1.83,4.07,1.88,2.24,WWMH,,INUS,Paraparaumu,PSM01375,1977
1766901.947,5470429.2395,13013434,KWWN003333,Wastewater,3.21,3.57,0.72,3.94,4.29,WWMH,,INUS,Paraparaumu,PSM02044,1978
1768401.592,5471771.9875,13013435,KWWN003890,Wastewater,1.05,1.4,2.45,3.5,3.85,WWMH,,INUS,Paraparaumu,PSM02685,1979
1768095.807,5472781.4995,13013436,KWWN003801,Wastewater,0.9,1.26,1.62,2.52,2.88,WWMH,,INUS,Paraparaumu,PSM02506,1979
1767745.513,5472173.0675,13013437,KWWN003846,Wastewater,6.48,6.84,1.13,7.61,7.97,WWMH,,INUS,Paraparaumu,PSM02635,1979
1768009.535,5472337.2195,13013438,KWWN003810,Wastewater,0.89,1.25,1.74,2.63,2.99,WWMH,,INUS,Paraparaumu,PSM02518,1979
1768078.344,5471772.0045,13013439,KWWN003837,Wastewater,2.38,2.73,3.58,5.96,6.31,WWMH,,INUS,Paraparaumu,PSM02624,1979
1768690.766,5472051.5485,13013440,KWWN003063,Wastewater,2.24,2.6,1.01,3.25,3.6,WWMH,,INUS,Paraparaumu,PSM01364,1988
1768631.101,5472520.7445,13013441,KWWN003679,Wastewater,3.2,3.56,1.4,4.6,4.96,WWMH,,INUS,Paraparaumu,PSM02585,1979
1766744.049,5471182.7165,13013442,KWWN003040,Wastewater,2.43,2.78,0.85,3.28,3.63,WWMH,,INUS,Paraparaumu,PSM01448,1978
1767296.32,5472048.2875,13013443,KWWN003726,Wastewater,0.32,0.68,1.76,2.08,2.44,WWMH,,INUS,Paraparaumu,PSM02422,1979
1768866.068,5469224.8835,13013444,KWWN003247,Wastewater,5.86,6.21,1.6,7.46,7.81,WWMH,,INUS,Paraparaumu,PSM01635,1976
1768079.508,5470013.5625,13013445,KWWN003210,Wastewater,3.37,3.72,2.55,5.92,6.27,WWMH,,PRV,Paraparaumu,PSM01591,1980
1766681.601,5470373.3075,13013446,KWWN003340,Wastewater,4.07,4.42,1.29,5.36,5.71,WWMH,,INUS,Paraparaumu,PSM02054,1978
1769317.866,5470184.6385,13013447,KWWN003940,Wastewater,9.53,9.89,1.58,11.11,11.47,WWMH,,INUS,Paraparaumu,PSM02741,1979
1768625.794,5472260.5705,13013448,KWWN003065,Wastewater,2.9,3.26,2.33,5.23,5.59,WWMH,,INUS,Paraparaumu,PSM01366,1979
1766967.918,5470421.9155,13013449,KWWN003334,Wastewater,1.83,2.19,2.84,4.68,5.03,WWMH,,INUS,Paraparaumu,PSM02045,1978
1768690.767,5472188.8875,13013450,KWWN003687,Wastewater,3.64,4,1.63,5.27,5.63,WWMH,,INUS,Paraparaumu,PSM02594,1987
1768009.949,5470126.0115,13013451,KWWN003189,Wastewater,5.25,5.6,1.43,6.68,7.03,WWMH,,INUS,Paraparaumu,PSM01566,1980
1769536.886,5470825.8145,13013452,KWWN003921,Wastewater,3.14,3.49,2.18,5.32,5.67,WWMH,,INUS,Paraparaumu,PSM02721,1982
1768322.735,5469494.6615,13013453,KWWN003214,Wastewater,6.53,6.88,1.27,7.8,8.15,WWMH,,INUS,Paraparaumu,PSM01597,1993
1768234.07,5472897.8515,13013454,KWWN003763,Wastewater,-0.2,0.16,4.28,4.08,4.44,WWMH,,INUS,Paraparaumu,PSM02466,1979
1768366.781,5471623.0205,13013455,KWWN003884,Wastewater,5.09,5.44,1.4,6.49,6.84,WWMH,,INUS,Paraparaumu,PSM02679,1979
1767987.42,5472047.8435,13013456,KWWN003872,Wastewater,2.3,2.66,1.17,3.47,3.83,WWMH,,INUS,Paraparaumu,PSM02664,1979
1768922.964,5469490.6855,13013457,KWWN003266,Wastewater,5.3,5.65,1.65,6.95,7.3,WWMH,,INUS,Paraparaumu,PSM01656,1987
1766815.723,5470970.3705,13013458,KWWN003400,Wastewater,0.85,1.2,1.38,2.23,2.58,WWMH,,INUS,Paraparaumu,PSM02133,2012
1768460.482,5472597.1685,13013459,KWWN003777,Wastewater,1.33,1.69,2.1,3.44,3.79,WWMH,,INUS,Paraparaumu,PSM02481,1989
1768555.437,5471545.1135,13013460,KWWN003909,Wastewater,3.04,3.39,2.05,5.09,5.44,WWMH,,INUS,Paraparaumu,PSM02706,1988
1768976.132,5472210.9735,13013461,KWWN003059,Wastewater,2.57,2.92,1.34,3.91,4.26,WWMH,,INUS,Paraparaumu,PSM01360,1980
1768229.58,5470623.7545,13013462,KWWN003605,Wastewater,4.23,4.58,1.35,5.58,5.93,WWMH,,INUS,Paraparaumu,PSM02367,1988
1769490.617,5470281.6355,13013463,KWWN003982,Wastewater,12.38,12.73,1.17,13.55,13.9,WWMH,,INUS,Paraparaumu,PSM02785,1987
1767693.691,5472300.6445,13013464,KWWN003046,Wastewater,1.89,2.25,0.56,2.45,2.81,WWMH,,INUS,Paraparaumu,PSM01458,1977
1769310.579,5469932.9665,13013465,KWWN003966,Wastewater,7.5,7.85,2.13,9.63,9.98,WWMH,,INUS,Paraparaumu,PSM02769,1983
1769222.979,5470805.8125,13013466,KWWN003988,Wastewater,4.89,5.24,1.75,6.64,6.99,WWMH,,INUS,Paraparaumu,PSM02792,1989
1769053.459,5471974.0795,13013467,KWWN004421,Wastewater,2.65,3,1.02,3.67,4.03,WWMH,,PRV,Paraparaumu,PSM05181,1996
1768312.386,5469534.3455,13013468,KWWN003215,Wastewater,6.19,6.54,1.82,8.01,8.36,WWMH,,INUS,Paraparaumu,PSM01598,1993
1767437.838,5472013.0975,13013469,KWWN003723,Wastewater,1.72,2.08,1.96,3.68,4.04,WWMH,,INUS,Paraparaumu,PSM02419,1979
1767408.143,5471017.7325,13013470,KWWN003444,Wastewater,1.55,1.9,2.94,4.49,4.84,WWMH,,INUS,Paraparaumu,PSM02187,1979
1768848.186,5469295.7035,13013471,KWWN003269,Wastewater,2.2,2.56,5.08,7.28,7.63,WWMH,,INUS,Paraparaumu,PSM01659,1974
1768809.776,5469264.4395,13013472,KWWN003250,Wastewater,6.44,6.8,0.87,7.31,7.67,WWMH,,INUS,Paraparaumu,PSM01639,1974
1767415.389,5472095.6355,13013473,KWWN003713,Wastewater,0.6,0.96,1.83,2.43,2.79,WWMH,,INUS,Paraparaumu,PSM02407,1979
1768848.887,5472272.9355,13013474,KWWN003819,Wastewater,3.84,4.2,1.83,5.67,6.03,WWMH,,INUS,Paraparaumu,PSM02603,1988
1768327.281,5471011.5485,13013475,KWWN003178,Wastewater,2.51,2.87,1.52,4.03,4.38,WWMH,,INUS,Paraparaumu,PSM01555,1980
1767749.751,5470586.7365,13013476,KWWN003584,Wastewater,2.36,2.71,2.12,4.48,4.83,WWMH,,INUS,Paraparaumu,PSM02337,1988
1768932.814,5471925.7005,13013477,KWWN003825,Wastewater,2.85,3.2,1.04,3.89,4.24,WWMH,,INUS,Paraparaumu,PSM02609,1990
1768194.665,5472698.3055,13013478,KWWN003795,Wastewater,0.82,1.18,1.74,2.56,2.92,WWMH,,INUS,Paraparaumu,PSM02500,1979
1767708.111,5472571.8025,13013479,KWWN003781,Wastewater,-0.55,-0.19,3.32,2.77,3.13,WWMH,,INUS,Paraparaumu,PSM02486,1979
1768237.406,5470271.3635,13013480,KWWN003616,Wastewater,3.82,4.17,1.42,5.24,5.59,WWMH,,INUS,Paraparaumu,PSM02381,1991
1768598.519,5472258.4645,13013481,KWWN003066,Wastewater,,,,,,WWMH,,INUS,Paraparaumu,PSM01367,1979
1768095.104,5469320.2125,13013482,KWWN003221,Wastewater,5.68,6.03,1.24,6.92,7.27,WWMH,,INUS,Paraparaumu,PSM01604,1997
1767333.433,5471081.4675,13013483,KWWN003443,Wastewater,0.33,0.68,2.38,2.71,3.06,WWMH,,INUS,Paraparaumu,PSM02186,1979
1769534.874,5470212.6545,13013484,KWWN003931,Wastewater,9.91,10.26,1.09,11,11.35,WWMH,,INUS,Paraparaumu,PSM02732,1978
1766566.038,5470169.0765,13013485,KWWN003309,Wastewater,1.49,1.84,2.34,3.82,4.18,WWMH,,INUS,Paraparaumu,PSM02016,1978
1767793.875,5471103.7085,13013486,KWWN003125,Wastewater,4.18,4.53,1.29,5.47,5.82,WWMH,,INUS,Paraparaumu,PSM01501,1979
1768626.857,5470046.5555,13013487,KWWN003227,Wastewater,3.35,3.7,2.38,5.73,6.08,WWMH,,INUS,Paraparaumu,PSM01614,1995
1767044.345,5470769.8105,13013488,KWWN003375,Wastewater,1.83,2.19,1.55,3.39,3.74,WWMH,,INUS,Paraparaumu,PSM02092,1978
1766688.766,5470378.9435,13013489,KWWN003341,Wastewater,3.2,3.56,1.8,5,5.36,WWMH,,INUS,Paraparaumu,PSM02055,1978
1767840.446,5470981.7505,13013490,KWWN003486,Wastewater,1.69,2.04,2.98,4.67,5.02,WWMH,,INUS,Paraparaumu,PSM02235,1979
1768785.297,5468853.6755,13013491,KWWN003241,Wastewater,6.36,6.72,1.6,7.96,8.32,WWMH,,INUS,Paraparaumu,PSM01629,1979
1767373.851,5470750.0165,13013492,KWWN003569,Wastewater,2.56,2.92,1.77,4.34,4.69,WWMH,,INUS,Paraparaumu,PSM02322,1979
1768894.236,5472172.0585,13013493,KWWN003060,Wastewater,1.89,2.25,2.12,4.01,4.37,WWMH,,INUS,Paraparaumu,PSM01361,1993
1768835.38,5469282.9335,13013494,KWWN003249,Wastewater,6.04,6.39,1.25,7.29,7.64,WWMH,,INUS,Paraparaumu,PSM01638,1974
1768530.032,5471516.7125,13013495,KWWN003910,Wastewater,3.36,3.71,1.49,4.85,5.2,WWMH,,INUS,Paraparaumu,PSM02707,1988
1767830.48,5472058.1145,13013496,KWWN003842,Wastewater,3.66,4.02,0.97,4.63,4.99,WWMH,,INUS,Paraparaumu,PSM02631,1979
1768392.861,5472173.7885,13013497,KWWN003646,Wastewater,3.33,3.69,1.5,4.83,5.18,WWMH,,INUS,Paraparaumu,PSM02550,1979
1767871.241,5471233.0455,13013498,KWWN003499,Wastewater,0.62,0.98,2.7,3.32,3.68,WWMH,,INUS,Paraparaumu,PSM02248,1979
1767362.418,5470780.9885,13013499,KWWN003460,Wastewater,2.39,2.74,2.05,4.43,4.79,WWMH,,INUS,Paraparaumu,PSM02203,1979
1768289.008,5469737.2345,13013500,KWWN003211,Wastewater,5.45,5.8,2.28,7.73,8.08,WWMH,,INUS,Paraparaumu,PSM01593,1994
1766612.293,5470633.8225,13013501,KWWN003378,Wastewater,2.07,2.42,2.19,4.25,4.61,WWMH,,INUS,Paraparaumu,PSM02098,1978
1767603.657,5472328.5745,13013502,KWWN003048,Wastewater,1.41,1.77,1.38,2.79,3.15,WWMH,,INUS,Paraparaumu,PSM01460,1979
1768722.259,5472648.0945,13013503,KWWN003671,Wastewater,3.65,4.01,0.91,4.57,4.92,WWMH,,INUS,Paraparaumu,PSM02577,1994
1768750.942,5471476.4465,13013504,KWWN003080,Wastewater,4.64,5,0.77,5.41,5.76,WWMH,,INUS,Paraparaumu,PSM01389,1990
1768463.012,5470342.1455,13013505,KWWN003691,Wastewater,5.14,5.49,1.04,6.18,6.53,WWMH,,INUS,Paraparaumu,PSM02384,1991
1767762.545,5470655.7645,13013506,KWWN003583,Wastewater,2.89,3.25,1.07,3.96,4.32,WWMH,,INUS,Paraparaumu,PSM02336,1988
1769128.168,5470552.7855,13013507,KWWN004432,Wastewater,11.8,12.15,0.84,12.64,12.99,WWMH,,INUS,Paraparaumu,PSM05192,1997
1767241.382,5472078.2475,13013508,KWWN003725,Wastewater,-0.07,0.29,1.93,1.86,2.22,WWMH,,INUS,Paraparaumu,PSM02421,1979
1768215.225,5472320.7695,13013509,KWWN003641,Wastewater,-1.17,-0.81,4.49,3.32,3.68,WWMH,,INUS,Paraparaumu,PSM02545,1979
1767622.887,5470651.5655,13013510,KWWN003140,Wastewater,4.14,4.5,0.77,4.91,5.26,WWMH,,PRV,Paraparaumu,PSM01516,1993
1768639.278,5472571.5285,13013511,KWWN003662,Wastewater,2.58,2.94,2.29,4.87,5.23,WWMH,,INUS,Paraparaumu,PSM02566,1989
1766830.182,5471057.9115,13013512,KWWN003402,Wastewater,0.69,1.04,1.64,2.33,2.68,WWMH,,INUS,Paraparaumu,PSM02135,1978
1767710.196,5471090.3965,13013513,KWWN003495,Wastewater,3.68,4.04,1.88,5.56,5.92,WWMH,,INUS,Paraparaumu,PSM02244,1979
1767360.316,5470771.8805,13013514,KWWN003462,Wastewater,2.48,2.83,1.8,4.28,4.63,WWMH,,INUS,Paraparaumu,PSM02205,1979
1767470.203,5470882.7345,13013515,KWWN003451,Wastewater,1.87,2.22,3.41,5.28,5.63,WWMH,,INUS,Paraparaumu,PSM02194,1979
1768724.63,5472547.7275,13013516,KWWN003666,Wastewater,5.15,5.5,0.94,6.09,6.45,WWMH,,INUS,Paraparaumu,PSM02571,1980
1767356.729,5471136.1545,13013517,KWWN003435,Wastewater,0.97,1.32,2.49,3.46,3.81,WWMH,,INUS,Paraparaumu,PSM02176,1979
1767764.832,5472492.0695,13013518,KWWN003783,Wastewater,-0.97,-0.61,3.32,2.35,2.71,WWMH,,INUS,Paraparaumu,PSM02488,1979
1767674.945,5470577.1395,13013519,KWWN003184,Wastewater,3.47,3.82,0.88,4.34,4.7,WWMH,,INUS,Paraparaumu,PSM01561,1980
1768792.037,5469273.6415,13013520,KWWN003251,Wastewater,6.48,6.84,0.7,7.18,7.54,WWMH,,INUS,Paraparaumu,PSM01640,1974
1766804.249,5470557.5145,13013521,KWWN003360,Wastewater,3.4,3.75,1.5,4.89,5.25,WWMH,,INUS,Paraparaumu,PSM02075,1978
1768554.621,5471426.1545,13013522,KWWN003099,Wastewater,2.36,2.71,3.03,5.39,5.75,WWMH,,INUS,Paraparaumu,PSM01411,1995
1768366.874,5472753.7605,13013523,KWWN003774,Wastewater,2.94,3.29,0.82,3.76,4.11,WWMH,,INUS,Paraparaumu,PSM02478,1979
1767407.449,5472149.1825,13013524,KWWN003711,Wastewater,-0.4,-0.04,3.02,2.62,2.98,WWMH,,INUS,Paraparaumu,PSM02405,1979
1767655.283,5470852.6185,13013525,KWWN003136,Wastewater,4.51,4.86,1,5.51,5.86,WWMH,,PRV,Paraparaumu,PSM01512,1985
1767906.749,5471143.0215,13013526,KWWN003492,Wastewater,1.25,1.61,2.82,4.07,4.43,WWMH,,INUS,Paraparaumu,PSM02241,1979
1767322.945,5472016.1035,13013527,KWWN003727,Wastewater,1.53,1.88,1.04,2.57,2.92,WWMH,,INUS,Paraparaumu,PSM02423,1979
1767079.549,5471539.5055,13013528,KWWN003536,Wastewater,3.05,3.4,2.29,5.34,5.7,WWMH,,INUS,Paraparaumu,PSM02286,1979
1768440.546,5471644.2345,13013529,KWWN003878,Wastewater,3.64,3.99,1.2,4.84,5.19,WWMH,,INUS,Paraparaumu,PSM02672,1979
1768621.735,5469807.9035,13013530,KWWN003205,Wastewater,4.93,5.29,1.68,6.61,6.96,WWMH,,INUS,Paraparaumu,PSM01584,1979
1767408.766,5470983.4815,13013531,KWWN003445,Wastewater,1.84,2.19,3.84,5.68,6.03,WWMH,,INUS,Paraparaumu,PSM02188,1979
1768625.816,5471949.7945,13013532,KWWN003897,Wastewater,2.16,2.51,1.8,3.96,4.31,WWMH,,INUS,Paraparaumu,PSM02693,1988
1767316.837,5471161.4965,13013533,KWWN003434,Wastewater,0.7,1.05,2.31,3.01,3.37,WWMH,,INUS,Paraparaumu,PSM02175,1979
1768386.236,5472481.0235,13013534,KWWN003657,Wastewater,1.53,1.89,1.21,2.74,3.1,WWMH,,INUS,Paraparaumu,PSM02561,1979
1769542.959,5470339.2875,13013535,KWWN003980,Wastewater,10.49,10.84,1.06,11.55,11.9,WWMH,,INUS,Paraparaumu,PSM02783,1987
1768231.512,5472181.8545,13013536,KWWN003630,Wastewater,2.25,2.6,2,4.25,4.6,WWMH,,INUS,Paraparaumu,PSM02534,1979
1767042.183,5470712.2895,13013537,KWWN003373,Wastewater,0.96,1.31,1.7,2.66,3.01,WWMH,,INUS,Paraparaumu,PSM02090,1978
1767332.579,5471722.5505,13013538,KWWN003740,Wastewater,1.76,2.11,1.36,3.12,3.47,WWMH,,INUS,Paraparaumu,PSM02440,1979
1768690.273,5471803.1125,13013539,KWWN003902,Wastewater,0.34,0.69,3.98,4.32,4.67,WWMH,,INUS,Paraparaumu,PSM02698,1980
1769326.239,5470821.6785,13013540,KWWN003986,Wastewater,4.02,4.38,2.7,6.72,7.08,WWMH,,INUS,Paraparaumu,PSM02790,1989
1768689.26,5471530.7965,13013541,KWWN003094,Wastewater,3.63,3.98,1.09,4.72,5.08,WWMH,,INUS,Paraparaumu,PSM01406,1990
1768649.854,5471909.8315,13013542,KWWN003898,Wastewater,-0.14,0.21,4.13,3.99,4.34,WWMH,,INUS,Paraparaumu,PSM02694,1988
1768083.153,5471091.3655,13013543,KWWN004426,Wastewater,4.37,4.72,2.05,6.42,6.77,WWMH,,INUS,Paraparaumu,PSM05186,1996
1768304.845,5471023.7575,13013544,KWWN003160,Wastewater,1.54,1.9,2.42,3.97,4.32,WWMH,,INUS,Paraparaumu,PSM01536,1980
1767551.975,5472387.9675,13013545,KWWN003051,Wastewater,1.95,2.31,0.95,2.9,3.26,WWMH,,INUS,Paraparaumu,PSM01464,1979
1768377.236,5471074.9145,13013546,KWWN003179,Wastewater,2.09,2.44,2.56,4.65,5,WWMH,,INUS,Paraparaumu,PSM01556,1998
1768803.794,5472692.3645,13013547,KWWN003678,Wastewater,4.58,4.93,0.87,5.45,5.8,WWMH,,INUS,Paraparaumu,PSM02584,1994
1766760.636,5471225.2005,13013548,KWWN003039,Wastewater,2.6,2.96,1.03,3.64,3.99,WWMH,,INUS,Paraparaumu,PSM01447,1978
1769345.005,5470240.9305,13013549,KWWN003973,Wastewater,10.36,10.71,0.62,10.98,11.33,WWMH,,INUS,Paraparaumu,PSM02776,1987
1768108.244,5471085.3155,13013550,KWWN004428,Wastewater,5.6,5.96,0.92,6.52,6.88,WWMH,,INUS,Paraparaumu,PSM05188,1996
1768856.749,5469253.0995,13013551,KWWN003248,Wastewater,5.64,5.99,1.72,7.36,7.71,WWMH,,INUS,Paraparaumu,PSM01637,1974
1768158.624,5471296.0715,13013552,KWWN003116,Wastewater,0.18,0.53,3.27,3.45,3.8,WWMH,,INUS,Paraparaumu,PSM01489,1991
1767980.397,5470808.7105,13013553,KWWN003171,Wastewater,0.37,0.72,3.5,3.87,4.22,WWMH,,INUS,Paraparaumu,PSM01547,1990
1768145.971,5472933.7065,13013554,KWWN003759,Wastewater,0.65,1.01,2.21,2.86,3.22,WWMH,,INUS,Paraparaumu,PSM02462,1979
1767547.907,5470797.6515,13013555,KWWN003139,Wastewater,4.26,4.61,0.53,4.79,5.14,WWMH,,PRV,Paraparaumu,PSM01515,1993
1768221.079,5472098.4075,13013556,KWWN003623,Wastewater,1.65,2.01,2.53,4.18,4.54,WWMH,,INUS,Paraparaumu,PSM02527,1979
1767557.974,5472429.4905,13013557,KWWN003056,Wastewater,2.28,2.64,0.72,3,3.36,WWMH,,INUS,Paraparaumu,PSM01469,1979
1768481.247,5472334.6835,13013558,KWWN003653,Wastewater,1.62,1.98,1.87,3.49,3.85,WWMH,,INUS,Paraparaumu,PSM02557,1979
1766994.938,5471070.2975,13013559,KWWN003471,Wastewater,2.02,2.38,2.91,4.94,5.29,WWMH,,INUS,Paraparaumu,PSM02219,1978
1767275.308,5471117.6285,13013560,KWWN003431,Wastewater,0.31,0.67,2.49,2.8,3.16,WWMH,,INUS,Paraparaumu,PSM02171,1979
1768332.975,5472832.4235,13013561,KWWN003772,Wastewater,2.33,2.69,1.15,3.48,3.84,WWMH,,INUS,Paraparaumu,PSM02476,1979
1769641.436,5470283.2235,13013562,KWWN003927,Wastewater,8.17,8.52,1.55,9.72,10.07,WWMH,,INUS,Paraparaumu,PSM02728,1978
1768635.551,5471487.5095,13013563,KWWN003095,Wastewater,4.27,4.62,0.92,5.19,5.54,WWMH,,INUS,Paraparaumu,PSM01407,1990
1767509.468,5471094.0745,13013564,KWWN003441,Wastewater,2.46,2.81,2.48,4.94,5.29,WWMH,,INUS,Paraparaumu,PSM02184,1979
1767414.483,5470826.2945,13013565,KWWN003459,Wastewater,2.15,2.5,2.57,4.72,5.07,WWMH,,INUS,Paraparaumu,PSM02202,1982
1767019.269,5471768.7725,13013566,KWWN003544,Wastewater,2,2.36,1.51,3.52,3.87,WWMH,,INUS,Paraparaumu,PSM02295,1979
1767038.991,5471193.5855,13013567,KWWN003567,Wastewater,1.71,2.07,1.88,3.59,3.95,WWMH,,INUS,Paraparaumu,PSM02320,1978
1767591.081,5471988.4225,13013568,KWWN003529,Wastewater,4.24,4.59,2.38,6.62,6.97,WWMH,,INUS,Paraparaumu,PSM02279,1979
1768843.819,5471464.5095,13013569,KWWN003084,Wastewater,4.42,4.77,1.71,6.13,6.48,WWMH,,INUS,Paraparaumu,PSM01393,1986
1768243.379,5469647.0235,13013570,KWWN003218,Wastewater,6.4,6.76,1.32,7.72,8.08,WWMH,,INUS,Paraparaumu,PSM01601,1991
1768180.148,5472616.1905,13013571,KWWN003072,Wastewater,-3.31,-2.95,5.95,2.64,3,WWMH,,INUS,Paraparaumu,PSM01378,1980
1768267.105,5469648.9875,13013572,KWWN003217,Wastewater,6.27,6.62,1.62,7.89,8.24,WWMH,,INUS,Paraparaumu,PSM01600,1991
1767066.156,5471054.1975,13013573,KWWN003474,Wastewater,1.75,2.1,2.46,4.21,4.56,WWMH,,INUS,Paraparaumu,PSM02223,1978
1767729.437,5470607.3665,13013574,KWWN003582,Wastewater,2.4,2.75,1.93,4.32,4.68,WWMH,,INUS,Paraparaumu,PSM02335,1988
1768948.416,5469685.7055,13013575,KWWN003955,Wastewater,5.52,5.87,0.83,6.35,6.7,WWMH,,INUS,Paraparaumu,PSM02757,1980
1768239.726,5470978.2185,13013576,KWWN003161,Wastewater,1.08,1.43,2.48,3.56,3.91,WWMH,,INUS,Paraparaumu,PSM01537,1980
1766690.908,5470740.6525,13013577,KWWN003389,Wastewater,2.87,3.22,2.33,5.2,5.55,WWMH,,INUS,Paraparaumu,PSM02122,1978
1767338.534,5472361.9285,13013578,KWWN003704,Wastewater,0.89,1.25,2.46,3.35,3.71,WWMH,,INUS,Paraparaumu,PSM02398,1979
1767686.318,5472720.9485,13013579,KWWN003750,Wastewater,2.13,2.48,1.29,3.42,3.77,WWMH,,INUS,Paraparaumu,PSM02452,1979
1767064.306,5470449.7355,13013580,KWWN003336,Wastewater,0.08,0.43,3.84,3.91,4.27,WWMH,,INUS,Paraparaumu,PSM02050,1978
1767962.109,5470280.8835,13013581,KWWN003177,Wastewater,4.33,4.68,2.09,6.42,6.77,WWMH,,INUS,Paraparaumu,PSM01554,1980
1769063.489,5469857.9155,13013582,KWWN003946,Wastewater,6.15,6.5,1.33,7.48,7.83,WWMH,,INUS,Paraparaumu,PSM02748,1988
1768226.522,5472675.6965,13013583,KWWN003796,Wastewater,1.26,1.61,1.55,2.81,3.16,WWMH,,INUS,Paraparaumu,PSM02501,1977
1767910.659,5470370.0815,13013584,KWWN003591,Wastewater,3.88,4.23,2.17,6.04,6.4,WWMH,,INUS,Paraparaumu,PSM02353,1980
1767894.416,5471414.6085,13013585,KWWN003518,Wastewater,3.68,4.04,1.55,5.23,5.59,WWMH,,INUS,Paraparaumu,PSM02267,1979
1769329.617,5468677.4675,13013586,KWWN004223,Wastewater,12.55,12.9,2.24,14.79,15.14,WWMH,,INUS,Paraparaumu,PSM03146,1975
1767392.726,5471136.3365,13013587,KWWN003436,Wastewater,1.26,1.61,2.76,4.02,4.37,WWMH,,INUS,Paraparaumu,PSM02177,1979
1767988.496,5472862.1645,13013588,KWWN003756,Wastewater,0.79,1.15,1.85,2.64,3,WWMH,,INUS,Paraparaumu,PSM02459,1979
1769480.354,5468733.9485,13013589,KWWN004442,Wastewater,9.96,10.31,1.48,11.44,11.79,WWMH,,INUS,Paraparaumu,PSM05198,1998
1766797.697,5470530.1185,13013590,KWWN003372,Wastewater,1.22,1.57,3.3,4.52,4.87,WWMH,,INUS,Paraparaumu,PSM02089,1978
1766765.018,5470534.9245,13013591,KWWN003355,Wastewater,1.58,1.94,1.57,3.15,3.51,WWMH,,INUS,Paraparaumu,PSM02069,1978
1767614.075,5472320.2735,13013592,KWWN003047,Wastewater,2.04,2.4,0.68,2.72,3.08,WWMH,,INUS,Paraparaumu,PSM01459,1995
1766995.163,5471360.6995,13013593,KWWN003561,Wastewater,-1.95,-1.59,3.43,1.49,1.84,WWMH,,INUS,Paraparaumu,PSM02312,1979
1768562.59,5471787.2365,13013594,KWWN003881,Wastewater,0.37,0.73,3.23,3.6,3.96,WWMH,,INUS,Paraparaumu,PSM02676,1979
1768719.809,5471726.6605,13013595,KWWN003906,Wastewater,1.4,1.75,3.75,5.15,5.5,WWMH,,INUS,Paraparaumu,PSM02703,1988
1768527.433,5469743.6345,13013596,KWWN003212,Wastewater,5.39,5.75,2.18,7.57,7.92,WWMH,,INUS,Paraparaumu,PSM01595,1979
1767842.338,5472726.9815,13013597,KWWN003799,Wastewater,-0.92,-0.56,3.3,2.38,2.74,WWMH,,INUS,Paraparaumu,PSM02504,1979
1767198.838,5471037.3535,13013598,KWWN003428,Wastewater,0.18,0.54,2.51,2.69,3.05,WWMH,,INUS,Paraparaumu,PSM02168,1979
1767864.485,5472697.0655,13013599,KWWN003798,Wastewater,-1.01,-0.66,3.18,2.17,2.52,WWMH,,INUS,Paraparaumu,PSM02503,1979
1767892.308,5470224.0045,13013600,KWWN003175,Wastewater,4.96,5.31,1.27,6.23,6.58,WWMH,,INUS,Paraparaumu,PSM01552,1980
1768667.366,5469850.8855,13013601,KWWN003204,Wastewater,5.46,5.81,1.33,6.78,7.14,WWMH,,INUS,Paraparaumu,PSM01583,1979
1768253.964,5472972.3045,13013602,KWWN003761,Wastewater,0.75,1.11,1.6,2.35,2.71,WWMH,,INUS,Paraparaumu,PSM02464,1979
1766678.305,5470217.3625,13013603,KWWN003337,Wastewater,5.11,5.47,2.16,7.27,7.63,WWMH,,INUS,Paraparaumu,PSM02051,1978
1767126.965,5471750.4385,13013604,KWWN003558,Wastewater,6.13,6.49,1.17,7.3,7.66,WWMH,,INUS,Paraparaumu,PSM02309,1979
1767202.333,5471800.2415,13013605,KWWN003559,Wastewater,5.85,6.21,1.3,7.15,7.5,WWMH,,INUS,Paraparaumu,PSM02310,1979
1766811.723,5471112.2285,13013606,KWWN003038,Wastewater,1.32,1.68,2.01,3.33,3.69,WWMH,,INUS,Paraparaumu,PSM01446,1978
1767089.64,5471925.5165,13013607,KWWN003696,Wastewater,0.85,1.2,1.97,2.82,3.17,WWMH,,INUS,Paraparaumu,PSM02389,1979
1768756.696,5472516.5215,13013608,KWWN003669,Wastewater,4.56,4.92,2.1,6.66,7.02,WWMH,,INUS,Paraparaumu,PSM02574,1979
1768266.14,5470552.8015,13013609,KWWN003597,Wastewater,3.5,3.85,1.54,5.04,5.39,WWMH,,INUS,Paraparaumu,PSM02359,1988
1766941.706,5471575.4175,13013610,KWWN003540,Wastewater,0.97,1.33,2.56,3.53,3.89,WWMH,,INUS,Paraparaumu,PSM02291,1979
1767054.076,5471117.1315,13013611,KWWN003568,Wastewater,2.39,2.75,1.78,4.17,4.53,WWMH,,INUS,Paraparaumu,PSM02321,1978
1767187.212,5472108.0005,13013612,KWWN003699,Wastewater,-0.53,-0.17,2.62,2.09,2.45,WWMH,,INUS,Paraparaumu,PSM02392,1979
1769012.854,5469828.4475,13013613,KWWN003949,Wastewater,6.48,6.83,1.3,7.78,8.13,WWMH,,INUS,Paraparaumu,PSM02751,1988
1766848.262,5471094.3445,13013614,KWWN003407,Wastewater,0.93,1.28,2.62,3.55,3.9,WWMH,,INUS,Paraparaumu,PSM02142,1978
1767029.65,5470648.7295,13013615,KWWN003368,Wastewater,1.5,1.86,2.74,4.24,4.6,WWMH,,INUS,Paraparaumu,PSM02083,1978
1768521.779,5471486.7935,13013616,KWWN003911,Wastewater,3.57,3.92,1.34,4.91,5.26,WWMH,,INUS,Paraparaumu,PSM02708,1988
1768773.642,5471634.3475,13013617,KWWN003076,Wastewater,2.75,3.1,2.66,5.41,5.76,WWMH,,INUS,Paraparaumu,PSM01385,1990
1769198.769,5470670.4405,13013618,KWWN003232,Wastewater,6.63,6.98,2.21,8.84,9.19,WWMH,,INUS,Paraparaumu,PSM01619,1995
1767006.847,5471336.3095,13013619,KWWN003562,Wastewater,-0.9,-0.54,2.53,1.64,1.99,WWMH,,INUS,Paraparaumu,PSM02313,1979
1767269.633,5471111.9775,13013620,KWWN003430,Wastewater,-0.68,-0.32,3.46,2.79,3.14,WWMH,,INUS,Paraparaumu,PSM02170,1979
1768772.635,5472104.8195,13013621,KWWN003815,Wastewater,1.52,1.88,2.08,3.6,3.96,WWMH,,INUS,Paraparaumu,PSM02598,1985
1767791.064,5471342.4965,13013622,KWWN003516,Wastewater,2.26,2.61,2.46,4.72,5.07,WWMH,,INUS,Paraparaumu,PSM02265,1979
1768226.933,5472925.9945,13013623,KWWN003769,Wastewater,2.56,2.92,1.12,3.68,4.04,WWMH,,INUS,Paraparaumu,PSM02472,1979
1768786.501,5468564.6655,13013624,KWWN003277,Wastewater,,,,,,WWMH,,PRV,Paraparaumu,PSM01667,1975
1767283.359,5471666.5105,13013625,KWWN003739,Wastewater,1.45,1.8,1.4,2.85,3.2,WWMH,,INUS,Paraparaumu,PSM02439,1979
1769802.372,5470561.1395,13013626,KWWN003291,Wastewater,,,,,,WWMH,,INUS,Paraparaumu,PSM01685,1979
1768037.185,5471235.6735,13013627,KWWN003118,Wastewater,1.98,2.33,1.2,3.18,3.53,WWMH,,PRV,Paraparaumu,PSM01491,1980
1767953.834,5470790.5745,13013628,KWWN003590,Wastewater,0.57,0.92,3.17,3.74,4.09,WWMH,,INUS,Paraparaumu,PSM02352,1980
1769364.064,5470191.7535,13013629,KWWN003939,Wastewater,9.67,10.03,1.42,11.09,11.45,WWMH,,INUS,Paraparaumu,PSM02740,1987
1767754.848,5470708.9175,13013630,KWWN003158,Wastewater,3.86,4.21,0.7,4.56,4.91,WWMH,,PRV,Paraparaumu,PSM01534,1993
1766601.831,5469974.7845,13013631,KWWN003302,Wastewater,4.28,4.64,0.86,5.14,5.5,WWMH,,INUS,Paraparaumu,PSM02006,1979
1767607.391,5470644.2995,13013632,KWWN003141,Wastewater,4.06,4.41,0.88,4.94,5.29,WWMH,,PRV,Paraparaumu,PSM01517,1993
1766995.578,5470973.8555,13013633,KWWN003473,Wastewater,4,4.36,1.57,5.57,5.92,WWMH,,INUS,Paraparaumu,PSM02222,1978
1768472.566,5469807.7995,13013634,KWWN003213,Wastewater,4.82,5.18,2.48,7.3,7.66,WWMH,,INUS,Paraparaumu,PSM01596,1979
1767038.506,5470353.8415,13013635,KWWN003381,Wastewater,1.02,1.37,1.99,3,3.36,WWMH,,INUS,Paraparaumu,PSM02111,1978
1767113.18,5470804.5775,13013636,KWWN003466,Wastewater,2.61,2.97,1.45,4.06,4.42,WWMH,,INUS,Paraparaumu,PSM02213,1978
1769156.604,5469817.0315,13013637,KWWN003961,Wastewater,6.59,6.94,1.42,8.01,8.36,WWMH,,INUS,Paraparaumu,PSM02763,1983
1768055.048,5472892.3915,13013638,KWWN003757,Wastewater,1.16,1.52,1.35,2.51,2.87,WWMH,,INUS,Paraparaumu,PSM02460,1979
1766982.064,5470534.9675,13013639,KWWN003366,Wastewater,0.79,1.15,3.6,4.39,4.75,WWMH,,INUS,Paraparaumu,PSM02081,1978
1768155.74,5469329.4455,13013640,KWWN003219,Wastewater,6.04,6.39,1.25,7.29,7.64,WWMH,,INUS,Paraparaumu,PSM01602,1997
1767909.483,5471043.7535,13013641,KWWN003490,Wastewater,1.4,1.76,2.97,4.38,4.73,WWMH,,INUS,Paraparaumu,PSM02239,1979
1768275.399,5472775.2525,13013642,KWWN003809,Wastewater,-0.91,-0.55,3.73,2.82,3.18,WWMH,,INUS,Paraparaumu,PSM02516,1979
1766565.835,5470276.0025,13013643,KWWN003313,Wastewater,1.01,1.36,3.14,4.15,4.5,WWMH,,INUS,Paraparaumu,PSM02020,1978
1766604.226,5470431.9365,13013644,KWWN003318,Wastewater,-0.64,-0.28,4.13,3.5,3.85,WWMH,,INUS,Paraparaumu,PSM02028,1978
1766913.163,5470353.1765,13013645,KWWN003329,Wastewater,4.1,4.45,1.07,5.16,5.52,WWMH,,INUS,Paraparaumu,PSM02040,1978
1767537.177,5472113.0345,13013646,KWWN003719,Wastewater,2.74,3.1,1.97,4.71,5.07,WWMH,,INUS,Paraparaumu,PSM02414,1979
1767924.529,5471094.6295,13013647,KWWN003491,Wastewater,1.33,1.68,2.87,4.2,4.55,WWMH,,INUS,Paraparaumu,PSM02240,1979
1767632.209,5472249.7455,13013648,KWWN003851,Wastewater,1.88,2.23,0.91,2.78,3.14,WWMH,,INUS,Paraparaumu,PSM02640,1979
1767703.815,5472227.0465,13013649,KWWN003847,Wastewater,1.9,2.26,0.66,2.56,2.92,WWMH,,INUS,Paraparaumu,PSM02636,1979
1768769.233,5468830.8435,13013650,KWWN003286,Wastewater,6.01,6.36,1.01,7.02,7.37,WWMH,,PRV,Paraparaumu,PSM01678,1979
1767573.689,5472152.8045,13013651,KWWN003718,Wastewater,1.16,1.51,1.28,2.44,2.79,WWMH,,INUS,Paraparaumu,PSM02413,1979
1768051.065,5471388.4485,13013652,KWWN003505,Wastewater,3.46,3.81,2.57,6.03,6.38,WWMH,,INUS,Paraparaumu,PSM02254,1979
1766618.746,5469955.0055,13013653,KWWN003301,Wastewater,5.28,5.64,0.95,6.23,6.59,WWMH,,INUS,Paraparaumu,PSM02005,1979
1767555.826,5472294.3065,13013654,KWWN003049,Wastewater,1.1,1.46,1.37,2.47,2.83,WWMH,,INUS,Paraparaumu,PSM01461,1979
1768088.118,5471420.4085,13013655,KWWN003506,Wastewater,3.75,4.1,2.02,5.77,6.12,WWMH,,INUS,Paraparaumu,PSM02255,1979
1766716.995,5470590.0625,13013656,KWWN003353,Wastewater,4.71,5.07,1.45,6.16,6.51,WWMH,,INUS,Paraparaumu,PSM02067,1978
1767104.211,5470786.8925,13013657,KWWN003468,Wastewater,2.38,2.74,1.48,3.86,4.22,WWMH,,INUS,Paraparaumu,PSM02215,1978
1767543.885,5472399.1105,13013658,KWWN003057,Wastewater,1.99,2.35,1.15,3.14,3.5,WWMH,,INUS,Paraparaumu,PSM01470,1979
1768084.485,5472905.4725,13013659,KWWN003758,Wastewater,1.19,1.55,1.4,2.59,2.95,WWMH,,INUS,Paraparaumu,PSM02461,1979
1768923.222,5471979.1825,13013660,KWWN003824,Wastewater,2.58,2.94,1.09,3.67,4.03,WWMH,,INUS,Paraparaumu,PSM02608,1980
1768434.504,5472208.2945,13013661,KWWN003639,Wastewater,2.7,3.06,2.57,5.27,5.63,WWMH,,INUS,Paraparaumu,PSM02543,1979
1766849.509,5470270.8685,13013662,KWWN003328,Wastewater,4.7,5.05,0.9,5.6,5.95,WWMH,,INUS,Paraparaumu,PSM02039,1978
1769440.148,5470230.0045,13013663,KWWN003938,Wastewater,10.21,10.57,0.84,11.05,11.41,WWMH,,INUS,Paraparaumu,PSM02739,1979
1766812.28,5470074.2315,13013664,KWWN003386,Wastewater,2.56,2.91,1.21,3.77,4.12,WWMH,,INUS,Paraparaumu,PSM02117,1979
1768600.781,5470345.3425,13013665,KWWN003194,Wastewater,2.94,3.3,3.05,5.99,6.35,WWMH,,INUS,Paraparaumu,PSM01573,1993
1768869.943,5468604.9605,13013666,KWWN003270,Wastewater,9.07,9.42,1.02,10.09,10.44,WWMH,,PRV,Paraparaumu,PSM01660,1975
1766676.87,5470186.7735,13013667,KWWN003325,Wastewater,4.88,5.24,1.96,6.85,7.2,WWMH,,INUS,Paraparaumu,PSM02036,1978
1768809.836,5468628.0345,13013668,KWWN003274,Wastewater,,,,,,WWMH,,PRV,Paraparaumu,PSM01664,1975
1769667.331,5469110.4975,13013669,KWWN004240,Wastewater,11.1,11.45,1.63,12.73,13.08,WWMH,,INUS,Paraparaumu,PSM03169,1975
1768005.59,5471350.0705,13013670,KWWN003504,Wastewater,2.2,2.55,3.18,5.38,5.73,WWMH,,INUS,Paraparaumu,PSM02253,1979
1767752.927,5471127.4275,13013671,KWWN003496,Wastewater,2.73,3.08,2.66,5.38,5.74,WWMH,,INUS,Paraparaumu,PSM02245,1979
1766897.723,5471477.6085,13013672,KWWN003546,Wastewater,1.24,1.59,1.72,2.96,3.31,WWMH,,INUS,Paraparaumu,PSM02297,1979
1766731.057,5470621.9455,13013673,KWWN003352,Wastewater,6.09,6.44,1.35,7.44,7.79,WWMH,,INUS,Paraparaumu,PSM02066,1978
1768293.76,5471520.0565,13013674,KWWN003833,Wastewater,6.64,6.99,1.47,8.11,8.46,WWMH,,INUS,Paraparaumu,PSM02619,1979
1767470.093,5470874.2255,13013675,KWWN003452,Wastewater,1.87,2.22,3.36,5.23,5.58,WWMH,,INUS,Paraparaumu,PSM02195,1979
1769537.089,5469084.9115,13013676,KWWN004232,Wastewater,11.65,12.01,1.6,13.25,13.61,WWMH,,INUS,Paraparaumu,PSM03156,1975
1768614.193,5472510.4475,13013677,KWWN003680,Wastewater,2.73,3.09,1.52,4.25,4.61,WWMH,,INUS,Paraparaumu,PSM02586,1979
1766964.461,5471426.6695,13013678,KWWN003560,Wastewater,-2.35,-2,4.28,1.93,2.28,WWMH,,INUS,Paraparaumu,PSM02311,1979
1769361.272,5468722.1345,13013679,KWWN004224,Wastewater,13.1,13.45,1.32,14.42,14.77,WWMH,,INUS,Paraparaumu,PSM03147,1975
1767564.073,5471168.8795,13013680,KWWN003123,Wastewater,,,,,,WWMH,,INUS,Paraparaumu,PSM01496,1979
1768097.235,5470889.8305,13013681,KWWN003165,Wastewater,0.14,0.49,3.64,3.78,4.13,WWMH,,INUS,Paraparaumu,PSM01541,1992
1767105.324,5471431.0355,13013682,KWWN003736,Wastewater,-0.74,-0.39,2.96,2.21,2.56,WWMH,,INUS,Paraparaumu,PSM02435,1979
1767980.449,5471119.6965,13013683,KWWN003494,Wastewater,1.92,2.27,2.44,4.36,4.71,WWMH,,INUS,Paraparaumu,PSM02243,1979
1768750.04,5472681.5705,13013684,KWWN003674,Wastewater,4.28,4.64,0.95,5.23,5.59,WWMH,,INUS,Paraparaumu,PSM02580,1994
1768358.881,5469949.3875,13013685,KWWN003209,Wastewater,,,2.02,,,WWMH,,INUS,Paraparaumu,PSM01588,1986
1767561.829,5471006.7445,13013686,KWWN003126,Wastewater,5.96,6.31,1.39,7.34,7.7,WWMH,,INUS,Paraparaumu,PSM01502,1979
1766585.031,5470276.1155,13013687,KWWN003314,Wastewater,1.16,1.52,1.69,2.85,3.21,WWMH,,INUS,Paraparaumu,PSM02022,1978
1768788.247,5468414.1765,13013688,KWWN003289,Wastewater,7.59,7.95,1.14,8.73,9.09,WWMH,,PRV,Paraparaumu,PSM01681,1990
1768286.47,5470560.2685,13013689,KWWN003599,Wastewater,3.7,4.05,1.22,4.92,5.27,WWMH,,INUS,Paraparaumu,PSM02361,1988
1768262.458,5469629.1605,13013690,KWWN003216,Wastewater,6.44,6.79,1.26,7.7,8.05,WWMH,,INUS,Paraparaumu,PSM01599,1991
1768157.377,5470350.3765,13013691,KWWN003610,Wastewater,3.07,3.42,1.68,4.75,5.1,WWMH,,INUS,Paraparaumu,PSM02375,1990
1766742.442,5470694.7885,13013692,KWWN003392,Wastewater,8.04,8.39,1.69,9.73,10.08,WWMH,,INUS,Paraparaumu,PSM02125,1978
1768733.117,5472262.6235,13013693,KWWN003814,Wastewater,5.28,5.64,1.71,6.99,7.35,WWMH,,INUS,Paraparaumu,PSM02597,1987
1767139.916,5470974.8555,13013694,KWWN003427,Wastewater,0.86,1.22,3.03,3.89,4.25,WWMH,,INUS,Paraparaumu,PSM02167,1978
1767823.993,5471251.5825,13013695,KWWN003501,Wastewater,1.45,1.8,1.3,2.75,3.1,WWMH,,INUS,Paraparaumu,PSM02250,1979
1768244.064,5472872.0275,13013696,KWWN003764,Wastewater,2.43,2.79,1.5,3.93,4.29,WWMH,,INUS,Paraparaumu,PSM02467,1979
1768860.211,5472144.5105,13013697,KWWN003061,Wastewater,1.5,1.86,2.17,3.67,4.03,WWMH,,INUS,Paraparaumu,PSM01362,1980
1767922.392,5472082.6495,13013698,KWWN003867,Wastewater,1.58,1.94,3.28,4.86,5.22,WWMH,,INUS,Paraparaumu,PSM02659,1979
1768698.795,5471438.3315,13013699,KWWN003091,Wastewater,4.45,4.8,0.65,5.1,5.45,WWMH,,INUS,Paraparaumu,PSM01403,1995
1767648.441,5472335.1465,13013700,KWWN003054,Wastewater,1.74,2.1,0.9,2.64,3,WWMH,,PRV,Paraparaumu,PSM01467,1995
1766967.941,5470675.6415,13013701,KWWN003424,Wastewater,3.06,3.41,4.27,7.32,7.68,WWMH,,INUS,Paraparaumu,PSM02163,1978
1768651.082,5472383.9165,13013702,KWWN003651,Wastewater,3.31,3.67,1.32,4.63,4.99,WWMH,,INUS,Paraparaumu,PSM02555,1979
1767965.032,5472032.4525,13013703,KWWN003871,Wastewater,2.07,2.43,1.06,3.13,3.49,WWMH,,INUS,Paraparaumu,PSM02663,1979
1766626.642,5470403.0895,13013704,KWWN003320,Wastewater,0.65,1,1.47,2.12,2.47,WWMH,,INUS,Paraparaumu,PSM02030,1978
1768783.449,5471617.3225,13013705,KWWN003075,Wastewater,3.01,3.36,2.54,5.55,5.9,WWMH,,INUS,Paraparaumu,PSM01384,1986
1768685.002,5470412.9835,13013706,KWWN003195,Wastewater,7.35,7.7,1.3,8.65,9,WWMH,,INUS,Paraparaumu,PSM01574,1996
1766661.751,5470836.7895,13013707,KWWN003413,Wastewater,2.07,2.43,1.85,3.92,4.28,WWMH,,INUS,Paraparaumu,PSM02149,1978
1767296.047,5470714.4895,13013708,KWWN003463,Wastewater,2.98,3.33,0.83,3.81,4.17,WWMH,,INUS,Paraparaumu,PSM02206,1979
1767090.393,5471372.6915,13013709,KWWN003742,Wastewater,-1.16,-0.8,3.47,2.31,2.67,WWMH,,INUS,Paraparaumu,PSM02442,1979
1766609.873,5470114.7685,13013710,KWWN003308,Wastewater,2.37,2.73,1.02,3.39,3.75,WWMH,,INUS,Paraparaumu,PSM02015,1978
1768437.717,5472433.9525,13013711,KWWN003655,Wastewater,0.81,1.17,2.11,2.92,3.27,WWMH,,INUS,Paraparaumu,PSM02559,1979
1768971.48,5469701.3885,13013712,KWWN003954,Wastewater,5.32,5.67,2.23,7.55,7.9,WWMH,,INUS,Paraparaumu,PSM02756,1988
1767856.158,5471218.3705,13013713,KWWN003498,Wastewater,0.63,0.99,3.25,3.88,4.24,WWMH,,INUS,Paraparaumu,PSM02247,1979
1769002.091,5469907.3635,13013714,KWWN003960,Wastewater,7.22,7.57,0.56,7.78,8.13,WWMH,,INUS,Paraparaumu,PSM02762,1988
1768827.557,5471538.4405,13013715,KWWN003078,Wastewater,3.64,4,2.17,5.81,6.17,WWMH,,INUS,Paraparaumu,PSM01387,1986
1766570.243,5470435.4625,13013716,KWWN003316,Wastewater,-0.18,0.17,4.15,3.97,4.32,WWMH,,INUS,Paraparaumu,PSM02026,1978
1769086.13,5469113.8975,13013717,KWWN003242,Wastewater,7.42,7.77,1.96,9.38,9.73,WWMH,,INUS,Paraparaumu,PSM01630,1975
1766988.205,5470821.8675,13013718,KWWN003421,Wastewater,3.51,3.87,2.16,5.67,6.03,WWMH,,INUS,Paraparaumu,PSM02159,1978
1766555.158,5470284.3925,13013719,KWWN003312,Wastewater,0.68,1.04,3.52,4.2,4.56,WWMH,,INUS,Paraparaumu,PSM02019,1978
1766877.687,5471264.3415,13013720,KWWN003552,Wastewater,4.35,4.7,1,5.35,5.7,WWMH,,INUS,Paraparaumu,PSM02303,1978
1768898.369,5469797.1575,13013721,KWWN003957,Wastewater,6.35,6.7,1.64,7.99,8.34,WWMH,,INUS,Paraparaumu,PSM02759,1987
1766859.636,5471286.8345,13013722,KWWN003550,Wastewater,1.55,1.9,1.92,3.47,3.82,WWMH,,INUS,Paraparaumu,PSM02301,1978
1767680.871,5470821.2675,13013723,KWWN003137,Wastewater,4.59,4.94,0.86,5.45,5.8,WWMH,,PRV,Paraparaumu,PSM01513,1985
1767636.438,5472192.8805,13013724,KWWN003853,Wastewater,1.53,1.89,1.13,2.66,3.02,WWMH,,INUS,Paraparaumu,PSM02642,1979
1769187.671,5470072.6595,13013725,KWWN003622,Wastewater,7.94,8.29,1.43,9.37,9.72,WWMH,,INUS,Paraparaumu,PSM05527,1988
1768998.056,5469725.5795,13013726,KWWN003953,Wastewater,5.12,5.48,2.28,7.4,7.76,WWMH,,INUS,Paraparaumu,PSM02755,1983
1767332.728,5472237.3555,13013727,KWWN003708,Wastewater,-1.09,-0.73,3.71,2.62,2.98,WWMH,,INUS,Paraparaumu,PSM02402,1979
1767234.127,5471074.3155,13013728,KWWN003429,Wastewater,-0.18,0.17,2.73,2.54,2.9,WWMH,,INUS,Paraparaumu,PSM02169,1979
1767387.871,5470735.0675,13013729,KWWN003570,Wastewater,2.88,3.23,1.28,4.16,4.51,WWMH,,INUS,Paraparaumu,PSM02323,1979
1769519.668,5468752.4165,13013730,KWWN004439,Wastewater,9.82,10.18,1.43,11.25,11.61,WWMH,,INUS,Paraparaumu,PSM05201,1998
1766907.451,5470513.8305,13013731,KWWN003363,Wastewater,3.48,3.83,1.7,5.18,5.53,WWMH,,INUS,Paraparaumu,PSM02078,1978
1769393.059,5470105.0855,13013732,KWWN003972,Wastewater,8.78,9.13,1.31,10.09,10.44,WWMH,,INUS,Paraparaumu,PSM02775,1987
1767222.873,5471680.8705,13013733,KWWN003521,Wastewater,2.88,3.23,2.8,5.68,6.03,WWMH,,INUS,Paraparaumu,PSM02271,1979
1767781.215,5472500.3025,13013734,KWWN003784,Wastewater,-1.06,-0.7,3.28,2.22,2.58,WWMH,,INUS,Paraparaumu,PSM02489,1979
1768360.061,5472640.2495,13013735,KWWN003659,Wastewater,-0.7,-0.34,3.31,2.61,2.97,WWMH,,INUS,Paraparaumu,PSM02563,1979
1766699.046,5469846.7385,13013736,KWWN003298,Wastewater,4.41,4.76,3.2,7.61,7.96,WWMH,,INUS,Paraparaumu,PSM02001,1998
1770209.768,5470092.7015,13013737,KWWN003234,Wastewater,17.66,18.01,1.32,18.97,19.33,WWMH,,PRV,Paraparaumu,PSM01621,1994
1768771.499,5469227.6955,13013738,KWWN003254,Wastewater,6.15,6.5,1.36,7.51,7.87,WWMH,,INUS,Paraparaumu,PSM01643,1974
1767440.967,5470915.9865,13013739,KWWN003449,Wastewater,5.05,5.4,1.53,6.58,6.93,WWMH,,INUS,Paraparaumu,PSM02192,1979
1767499.386,5470851.4335,13013740,KWWN003453,Wastewater,3.24,3.59,1.52,4.76,5.11,WWMH,,INUS,Paraparaumu,PSM02196,1979
1768016.481,5471847.1675,13013741,KWWN003838,Wastewater,1.64,1.99,2.7,4.34,4.69,WWMH,,INUS,Paraparaumu,PSM02625,1979
1769176.129,5470547.1425,13013742,KWWN004430,Wastewater,9.04,9.39,2.71,11.75,12.1,WWMH,,INUS,Paraparaumu,PSM05190,1997
1768385.333,5470612.5145,13013743,KWWN003602,Wastewater,4.54,4.89,0.91,5.45,5.8,WWMH,,INUS,Paraparaumu,PSM02364,1990
1768237.063,5472465.2585,13013744,KWWN003070,Wastewater,-2.49,-2.13,4.87,2.38,2.74,WWMH,,INUS,Paraparaumu,PSM01376,1979
1768294.147,5472011.1865,13013745,KWWN003625,Wastewater,2.98,3.33,1.77,4.75,5.1,WWMH,,INUS,Paraparaumu,PSM02529,1979
1766943.238,5470576.2725,13013746,KWWN003369,Wastewater,4.1,4.45,1.2,5.29,5.65,WWMH,,INUS,Paraparaumu,PSM02084,1978
1768783.677,5471818.4095,13013747,KWWN003905,Wastewater,0.83,1.19,4.05,4.88,5.24,WWMH,,INUS,Paraparaumu,PSM02701,1980
1766628.261,5470428.9285,13013748,KWWN003319,Wastewater,-0.45,-0.1,3.66,3.21,3.56,WWMH,,INUS,Paraparaumu,PSM02029,1978
1768742.442,5472654.6595,13013749,KWWN003673,Wastewater,3.98,4.34,1.3,5.28,5.64,WWMH,,INUS,Paraparaumu,PSM02579,1994
1768173.49,5472285.8175,13013750,KWWN003640,Wastewater,-0.83,-0.47,4.47,3.64,4,WWMH,,INUS,Paraparaumu,PSM02544,1979
1766724.989,5470757.9045,13013751,KWWN003391,Wastewater,2.06,2.42,1.06,3.12,3.48,WWMH,,INUS,Paraparaumu,PSM02124,1978
1768621.36,5470211.6855,13013752,KWWN003203,Wastewater,4.62,4.97,1.07,5.69,6.04,WWMH,,INUS,Paraparaumu,PSM01582,1993
1767825.556,5472481.8845,13013753,KWWN003790,Wastewater,1.11,1.46,1,2.11,2.46,WWMH,,INUS,Paraparaumu,PSM02495,1988
1768244.423,5471862.0175,13013754,KWWN003857,Wastewater,2.06,2.41,1.38,3.44,3.79,WWMH,,INUS,Paraparaumu,PSM02646,1979
1769093.526,5471956.6335,13013755,KWWN004420,Wastewater,2.88,3.23,0.92,3.79,4.14,WWMH,,PRV,Paraparaumu,PSM05180,1996
1769555.597,5470208.3715,13013756,KWWN003932,Wastewater,10,10.35,1.08,11.08,11.43,WWMH,,INUS,Paraparaumu,PSM02733,1978
1767598.343,5470962.8235,13013757,KWWN003457,Wastewater,3.36,3.71,2.55,5.91,6.26,WWMH,,INUS,Paraparaumu,PSM02200,1979
1769474.049,5468844.0345,13013758,KWWN004225,Wastewater,7.89,8.24,2,9.89,10.24,WWMH,,INUS,Paraparaumu,PSM03148,1975
1768319.797,5472426.4195,13013759,KWWN003636,Wastewater,1.13,1.48,1.4,2.52,2.88,WWMH,,INUS,Paraparaumu,PSM02540,1979
1767553.524,5470735.7295,13013760,KWWN003148,Wastewater,3.78,4.13,0.95,4.73,5.08,WWMH,,PRV,Paraparaumu,PSM01524,1993
1767588.326,5470974.4965,13013761,KWWN003456,Wastewater,3.23,3.58,2.65,5.88,6.23,WWMH,,INUS,Paraparaumu,PSM02199,1979
1767828.766,5471356.9605,13013762,KWWN003515,Wastewater,1.98,2.34,2.54,4.52,4.88,WWMH,,INUS,Paraparaumu,PSM02264,1979
1767027.157,5470596.6675,13013763,KWWN003367,Wastewater,0.3,0.65,3.08,3.38,3.73,WWMH,,INUS,Paraparaumu,PSM02082,1978
1768272.927,5471829.2885,13013764,KWWN003893,Wastewater,1.45,1.8,1.7,3.15,3.5,WWMH,,INUS,Paraparaumu,PSM02689,1979
1768510.838,5472133.5105,13013765,KWWN003895,Wastewater,4.36,4.72,1.14,5.5,5.86,WWMH,,INUS,Paraparaumu,PSM02691,1985
1768828.733,5472763.0695,13013766,KWWN004444,Wastewater,2.57,2.93,1.43,4,4.36,WWMH,,INUS,Paraparaumu,PSM01427,1996
1768639.017,5468880.3525,13013767,KWWN003257,Wastewater,5.54,5.89,1.27,6.81,7.16,WWMH,,INUS,Paraparaumu,PSM01646,1979
1766769.23,5470554.2375,13013768,KWWN003356,Wastewater,1.58,1.94,1.79,3.38,3.73,WWMH,,INUS,Paraparaumu,PSM02070,1978
1766662.572,5470624.5175,13013769,KWWN003379,Wastewater,3.32,3.68,1.38,4.7,5.06,WWMH,,INUS,Paraparaumu,PSM02100,1978
1768683.606,5472562.5845,13013770,KWWN003663,Wastewater,2.92,3.28,2.62,5.54,5.9,WWMH,,INUS,Paraparaumu,PSM02567,1990
1768293.832,5472778.8345,13013771,KWWN003807,Wastewater,2.29,2.65,0.78,3.07,3.42,WWMH,,INUS,Paraparaumu,PSM02514,1979
1769101.426,5469755.9505,13013772,KWWN003952,Wastewater,6.05,6.4,1.67,7.72,8.07,WWMH,,INUS,Paraparaumu,PSM02754,1983
1767597.469,5470889.1955,13013773,KWWN003133,Wastewater,4.04,4.39,0.81,4.85,5.2,WWMH,,PRV,Paraparaumu,PSM01509,1985
1766859.49,5471018.1315,13013774,KWWN003405,Wastewater,1.27,1.63,1.29,2.56,2.92,WWMH,,INUS,Paraparaumu,PSM02139,1978
1768254.428,5471388.7865,13013775,KWWN003109,Wastewater,2.09,2.44,1.27,3.36,3.71,WWMH,,INUS,Paraparaumu,PSM01482,1991
1768639.606,5471888.0195,13013776,KWWN003900,Wastewater,-0.1,0.25,4,3.9,4.25,WWMH,,INUS,Paraparaumu,PSM02696,1979
1768046.035,5470319.2775,13013777,KWWN003607,Wastewater,3.6,3.96,1.62,5.22,5.58,WWMH,,INUS,Paraparaumu,PSM02372,1980
1767382.474,5471894.5405,13013778,KWWN003526,Wastewater,3.85,4.2,1.77,5.62,5.97,WWMH,,INUS,Paraparaumu,PSM02276,1979
1767677.107,5472258.7685,13013779,KWWN003848,Wastewater,1.77,2.13,0.7,2.47,2.83,WWMH,,INUS,Paraparaumu,PSM02637,1979
1767596.687,5472060.5245,13013780,KWWN003720,Wastewater,3.95,4.31,2.15,6.11,6.46,WWMH,,INUS,Paraparaumu,PSM02415,1979
1769634.225,5470442.4085,13013781,KWWN003925,Wastewater,8.68,9.03,0.69,9.37,9.72,WWMH,,INUS,Paraparaumu,PSM02726,1979
1767236.786,5471605.3705,13013782,KWWN003738,Wastewater,0.67,1.02,1.55,2.22,2.57,WWMH,,INUS,Paraparaumu,PSM02438,1979
1767586.32,5470825.1645,13013783,KWWN003131,Wastewater,3.93,4.28,0.73,4.65,5.01,WWMH,,PRV,Paraparaumu,PSM01507,1985
1768256.095,5470949.6825,13013784,KWWN003185,Wastewater,3.4,3.75,0.93,4.33,4.68,WWMH,,INUS,Paraparaumu,PSM01562,1980
1768028.816,5470402.3375,13013785,KWWN003593,Wastewater,4.79,5.14,0.97,5.76,6.11,WWMH,,INUS,Paraparaumu,PSM02355,1988
1769393.22,5470292.3255,13013786,KWWN003976,Wastewater,10.43,10.78,0.86,11.29,11.65,WWMH,,INUS,Paraparaumu,PSM02779,1987
1766834.768,5470252.8185,13013787,KWWN003327,Wastewater,4.43,4.78,1,5.43,5.78,WWMH,,INUS,Paraparaumu,PSM02038,1978
1768390.142,5471983.5325,13013788,KWWN003859,Wastewater,1.9,2.25,3,4.9,5.25,WWMH,,INUS,Paraparaumu,PSM02648,1979
1769528.372,5470189.5285,13013789,KWWN003934,Wastewater,10.35,10.71,1.04,11.39,11.75,WWMH,,INUS,Paraparaumu,PSM02735,1978
1766741.91,5470772.2225,13013790,KWWN003394,Wastewater,1.77,2.12,1.21,2.98,3.33,WWMH,,INUS,Paraparaumu,PSM02127,1978
1768697.354,5472436.3105,13013791,KWWN003652,Wastewater,3.72,4.08,1.28,5,5.36,WWMH,,INUS,Paraparaumu,PSM02556,1979
1769456.322,5470189.4305,13013792,KWWN003936,Wastewater,9.54,9.89,1.57,11.11,11.46,WWMH,,INUS,Paraparaumu,PSM02737,1986
1766938.049,5470561.3685,13013793,KWWN003362,Wastewater,3.1,3.46,1.53,4.63,4.99,WWMH,,INUS,Paraparaumu,PSM02077,1978
1767713.334,5470757.3935,13013794,KWWN003156,Wastewater,2.98,3.33,1.58,4.55,4.91,WWMH,,PRV,Paraparaumu,PSM01532,1993
1767952.303,5471190.5545,13013795,KWWN003512,Wastewater,1.38,1.74,1.53,2.91,3.27,WWMH,,INUS,Paraparaumu,PSM02261,1979
1769185.495,5470723.4515,13013796,KWWN003230,Wastewater,6.97,7.33,1.66,8.63,8.99,WWMH,,INUS,Paraparaumu,PSM01617,1995
1768022.951,5472302.4495,13013797,KWWN003073,Wastewater,2.39,2.75,0.6,2.99,3.35,WWMH,,INUS,Paraparaumu,PSM01380,1978
1769550.664,5468531.1375,13013798,KWWN004219,Wastewater,13.83,14.19,1.84,15.67,16.02,WWMH,,INUS,Paraparaumu,PSM03139,1975
1768800.96,5472046.2095,13013799,KWWN003821,Wastewater,0.9,1.26,2.87,3.77,4.13,WWMH,,INUS,Paraparaumu,PSM02605,1988
1768786.991,5472634.1445,13013800,KWWN003676,Wastewater,4.33,4.69,1.54,5.87,6.23,WWMH,,INUS,Paraparaumu,PSM02582,1994
1766769.143,5470884.3255,13013801,KWWN003397,Wastewater,0.76,1.11,1.58,2.33,2.69,WWMH,,INUS,Paraparaumu,PSM02130,1978
1769137.666,5469879.5265,13013802,KWWN003964,Wastewater,7.29,7.64,0.73,8.02,8.37,WWMH,,INUS,Paraparaumu,PSM02766,1986
1768907.983,5468730.4125,13013803,KWWN003283,Wastewater,,,,,,WWMH,,PRV,Paraparaumu,PSM01674,1975
1768146.378,5471781.3395,13013804,KWWN003855,Wastewater,4.4,4.75,1.45,5.85,6.2,WWMH,,INUS,Paraparaumu,PSM02644,1979
1767874.267,5472522.6815,13013805,KWWN003788,Wastewater,0.49,0.85,1.75,2.24,2.6,WWMH,,INUS,Paraparaumu,PSM02493,1988
1768052.521,5472033.7775,13013806,KWWN003628,Wastewater,5.44,5.8,2,7.44,7.8,WWMH,,INUS,Paraparaumu,PSM02532,1979
1769028.857,5469308.8025,13013807,KWWN003265,Wastewater,5.9,6.25,1.84,7.74,8.09,WWMH,,INUS,Paraparaumu,PSM01655,1977
1769439.198,5470190.1245,13013808,KWWN003937,Wastewater,9.69,10.04,1.23,10.92,11.27,WWMH,,INUS,Paraparaumu,PSM02738,1986
1767711.075,5470627.1155,13013809,KWWN003581,Wastewater,2.65,3,1.56,4.21,4.56,WWMH,,INUS,Paraparaumu,PSM02334,1988
1767573.872,5470613.3285,13013810,KWWN003144,Wastewater,3.95,4.3,0.9,4.85,5.2,WWMH,,PRV,Paraparaumu,PSM01520,1993
1766644.268,5470189.5395,13013811,KWWN003322,Wastewater,2.26,2.62,2.25,4.51,4.87,WWMH,,INUS,Paraparaumu,PSM02033,1978
1768868.073,5469223.3215,13013812,KWWN003244,Wastewater,2.46,2.81,4.85,7.31,7.66,WWMH,,INUS,Paraparaumu,PSM01632,1974
1768804.945,5469175.6325,13013813,KWWN003253,Wastewater,6.29,6.64,1.15,7.44,7.79,WWMH,,INUS,Paraparaumu,PSM01642,1976
1766711.131,5470163.3695,13013814,KWWN003324,Wastewater,4.55,4.9,1.5,6.05,6.4,WWMH,,INUS,Paraparaumu,PSM02035,1978
1768607.207,5472333.6275,13013815,KWWN003650,Wastewater,2.86,3.21,1.52,4.38,4.73,WWMH,,INUS,Paraparaumu,PSM02554,1979
1766550.225,5470176.2355,13013816,KWWN003310,Wastewater,1.29,1.65,3.03,4.32,4.68,WWMH,,INUS,Paraparaumu,PSM02017,1978
1767194.952,5471120.1015,13013817,KWWN003433,Wastewater,2.54,2.89,2.47,5.01,5.36,WWMH,,INUS,Paraparaumu,PSM02174,1979
1768237.091,5470960.8715,13013818,KWWN003186,Wastewater,3.01,3.36,0.84,3.85,4.2,WWMH,,INUS,Paraparaumu,PSM01563,1980
1768336.341,5470581.1815,13013819,KWWN003600,Wastewater,4.19,4.54,0.95,5.14,5.5,WWMH,,INUS,Paraparaumu,PSM02362,1988
1768787.071,5472193.2195,13013820,KWWN003817,Wastewater,2.85,3.21,1.82,4.67,5.03,WWMH,,INUS,Paraparaumu,PSM02601,1988
1768015.701,5472159.2665,13013821,KWWN003869,Wastewater,4.46,4.82,1.78,6.24,6.6,WWMH,,INUS,Paraparaumu,PSM02661,1979
1766925.509,5470840.1885,13013822,KWWN003420,Wastewater,1.9,2.25,2.47,4.37,4.72,WWMH,,INUS,Paraparaumu,PSM02158,1978
1767077.307,5470906.9515,13013823,KWWN003426,Wastewater,2.8,3.16,1.88,4.68,5.04,WWMH,,INUS,Paraparaumu,PSM02166,1978
1768360.128,5470671.9365,13013824,KWWN003603,Wastewater,5.14,5.49,0.8,5.94,6.29,WWMH,,INUS,Paraparaumu,PSM02365,1990
1769195.089,5470500.2425,13013825,KWWN004431,Wastewater,11.42,11.77,1.01,12.43,12.78,WWMH,,INUS,Paraparaumu,PSM05191,1997
1768057.071,5470862.1195,13013826,KWWN003167,Wastewater,0.1,0.45,3.6,3.7,4.05,WWMH,,INUS,Paraparaumu,PSM01543,1990
1769015.157,5472031.4325,13013827,KWWN003828,Wastewater,2.69,3.04,0.96,3.65,4,WWMH,,PRV,Paraparaumu,PSM02612,1980
1768332.97,5472122.5015,13013828,KWWN003644,Wastewater,2.77,3.13,1.98,4.75,5.11,WWMH,,INUS,Paraparaumu,PSM02548,1979
1768183.031,5472143.6865,13013829,KWWN003621,Wastewater,1.32,1.68,2.79,4.11,4.47,WWMH,,INUS,Paraparaumu,PSM02526,1989
1768132.688,5472684.3875,13013830,KWWN003794,Wastewater,0.15,0.51,1.9,2.05,2.41,WWMH,,INUS,Paraparaumu,PSM02499,1979
1769398.032,5470224.1305,13013831,KWWN003975,Wastewater,9.54,9.89,1.71,11.24,11.59,WWMH,,INUS,Paraparaumu,PSM02778,1987
1767682.727,5472422.4195,13013832,KWWN003830,Wastewater,-0.05,0.3,2.68,2.63,2.98,WWMH,,INUS,Paraparaumu,PSM02614,1979
1767408.318,5472461.4075,13013833,KWWN003706,Wastewater,1.52,1.88,1.63,3.15,3.51,WWMH,,INUS,Paraparaumu,PSM02400,1979
1770161.612,5470150.3955,13013834,KWWN003236,Wastewater,10.58,10.94,1.39,11.97,12.33,WWMH,,PRV,Paraparaumu,PSM01623,1994
1767006.443,5471691.6895,13013835,KWWN003543,Wastewater,1.9,2.26,1.7,3.6,3.96,WWMH,,INUS,Paraparaumu,PSM02294,1979
1766935.965,5471249.0155,13013836,KWWN003553,Wastewater,4.04,4.4,1.45,5.49,5.85,WWMH,,INUS,Paraparaumu,PSM02304,1978
1769007.217,5471964.9475,13013837,KWWN004422,Wastewater,2.38,2.73,1.16,3.54,3.9,WWMH,,INUS,Paraparaumu,PSM05182,1996
1767732.514,5470382.9655,13013838,KWWN003174,Wastewater,5.1,5.46,1.12,6.22,6.58,WWMH,,INUS,Paraparaumu,PSM01550,1989
1768042.4,5472181.3485,13013839,KWWN003870,Wastewater,5.66,6.02,2.2,7.86,8.22,WWMH,,INUS,Paraparaumu,PSM02662,1979
1768358.844,5472762.4755,13013840,KWWN003773,Wastewater,2.83,3.19,0.77,3.6,3.96,WWMH,,INUS,Paraparaumu,PSM02477,1979
1768671.31,5471834.8755,13013841,KWWN003901,Wastewater,0.14,0.49,3.96,4.1,4.45,WWMH,,INUS,Paraparaumu,PSM02697,1980
1767965.691,5470275.3355,13013842,KWWN003608,Wastewater,4.17,4.53,2.16,6.33,6.68,WWMH,,INUS,Paraparaumu,PSM02373,1980
1768089.534,5471067.7345,13013843,KWWN004427,Wastewater,5.52,5.87,0.93,6.45,6.8,WWMH,,INUS,Paraparaumu,PSM05187,1996
1767292.067,5471096.9475,13013844,KWWN003432,Wastewater,0.04,0.4,2.42,2.46,2.82,WWMH,,INUS,Paraparaumu,PSM02172,1979
1769575.108,5470173.8985,13013845,KWWN003933,Wastewater,10.75,11.1,1.13,11.88,12.23,WWMH,,INUS,Paraparaumu,PSM02734,1978
1766881.429,5471276.2505,13013846,KWWN003551,Wastewater,2.62,2.97,1.43,4.05,4.4,WWMH,,INUS,Paraparaumu,PSM02302,1978
1768309.759,5471691.5325,13013847,KWWN003885,Wastewater,3.9,4.25,1.33,5.22,5.58,WWMH,,INUS,Paraparaumu,PSM02680,1979
1766954.422,5470646.2625,13013848,KWWN003370,Wastewater,6.22,6.58,1,7.22,7.58,WWCE,,INUS,Paraparaumu,PSM02085,1978
1768254.166,5472417.4455,13013849,KWWN003296,Wastewater,-2.02,-1.67,4.68,2.65,3.01,WWMH,,INUS,Paraparaumu,PSM01693,1979
1766563.373,5470100.2835,13013850,KWWN003306,Wastewater,1.92,2.27,2,3.91,4.27,WWMH,,INUS,Paraparaumu,PSM02013,1978
1769039.124,5471265.0715,13013851,KWWN003915,Wastewater,3.01,3.37,0.71,3.72,4.08,WWCE,,INUS,Paraparaumu,PSM02712,1980
1769281.168,5470907.5885,13013852,KWWN003917,Wastewater,3.35,3.7,2.05,5.4,5.75,WWMH,,INUS,Paraparaumu,PSM02715,1983
1769089.099,5470560.6735,13013853,KWWN004433,Wastewater,5.4,5.75,2.26,7.65,8.01,WWMH,,INUS,Paraparaumu,PSM05523,1995
1766782.794,5471083.4025,13013854,KWWN003403,Wastewater,2.2,2.56,0.89,3.09,3.44,WWMH,,INUS,Paraparaumu,PSM02136,1978
1768415.992,5472492.1525,13013855,KWWN003656,Wastewater,0.4,0.76,2.28,2.68,3.04,WWMH,,INUS,Paraparaumu,PSM02560,1979
1766970.488,5471443.3255,13013856,KWWN003533,Wastewater,1.18,1.53,0.98,2.16,2.51,WWMH,,INUS,Paraparaumu,PSM02283,1979
1767412.379,5471858.0265,13013857,KWWN003525,Wastewater,1.33,1.68,3.44,4.77,5.12,WWMH,,INUS,Paraparaumu,PSM02275,1979
1767762.37,5470747.9865,13013858,KWWN003159,Wastewater,3.32,3.67,0.96,4.28,4.63,WWMH,,PRV,Paraparaumu,PSM01535,1993
1768750.924,5471493.9595,13013859,KWWN003081,Wastewater,4.83,5.19,0.6,5.43,5.79,WWMH,,INUS,Paraparaumu,PSM01390,1990
1769505.808,5469140.0065,13013860,KWWN004233,Wastewater,10.3,10.66,1.29,11.59,11.95,WWMH,,INUS,Paraparaumu,PSM03157,1975
1769594.395,5469044.4705,13013861,KWWN004231,Wastewater,12.75,13.1,1.67,14.42,14.77,WWMH,,INUS,Paraparaumu,PSM03155,1975
1767413.546,5471139.7655,13013862,KWWN003437,Wastewater,1.42,1.78,2.4,3.82,4.18,WWMH,,INUS,Paraparaumu,PSM02178,1979
1767406.577,5471997.2605,13013863,KWWN003724,Wastewater,3.49,3.84,1.76,5.25,5.6,WWMH,,INUS,Paraparaumu,PSM02420,1979
1767690.516,5470560.7895,13013864,KWWN003183,Wastewater,3.61,3.96,0.85,4.46,4.81,WWMH,,INUS,Paraparaumu,PSM01560,1980
1768704.401,5472615.7945,13013865,KWWN003665,Wastewater,3.51,3.87,1.59,5.1,5.46,WWMH,,INUS,Paraparaumu,PSM02569,1994
1768801.343,5469212.3925,13013866,KWWN003252,Wastewater,5.91,6.26,1.6,7.51,7.86,WWMH,,INUS,Paraparaumu,PSM01641,1976
1767013.644,5471323.7255,13013867,KWWN003564,Wastewater,0.33,0.68,1.51,1.84,2.19,WWMH,,INUS,Paraparaumu,PSM02317,1979
1767986.76,5470388.9465,13013868,KWWN003592,Wastewater,4.44,4.79,2.15,6.59,6.94,WWMH,,INUS,Paraparaumu,PSM02354,1993
1767787.6,5471216.1715,13013869,KWWN003500,Wastewater,1.65,2,1.35,3,3.35,WWMH,,INUS,Paraparaumu,PSM02249,1979
1767930.672,5471185.9345,13013870,KWWN003511,Wastewater,1.09,1.44,2.77,3.86,4.21,WWMH,,INUS,Paraparaumu,PSM02260,1979
1768236.613,5472899.2005,13013871,KWWN003768,Wastewater,2.73,3.09,1.22,3.95,4.31,WWMH,,INUS,Paraparaumu,PSM02471,1975
1766841.824,5471207.8425,13013872,KWWN003041,Wastewater,2.13,2.48,2.01,4.14,4.49,WWMH,,INUS,Paraparaumu,PSM01450,1978
1767558.496,5471113.4115,13013873,KWWN003479,Wastewater,4.66,5.01,1.78,6.44,6.79,WWMH,,INUS,Paraparaumu,PSM02228,1979
1766796.595,5470981.5945,13013874,KWWN003399,Wastewater,0.03,0.39,1.97,2,2.36,WWMH,,INUS,Paraparaumu,PSM02132,1978
1767533.436,5470834.0225,13013875,KWWN003129,Wastewater,3.48,3.83,0.68,4.16,4.51,WWMH,,PRV,Paraparaumu,PSM01505,1985
1767341.049,5472005.2065,13013876,KWWN003729,Wastewater,2.99,3.35,1.01,4,4.36,WWMH,,INUS,Paraparaumu,PSM02425,1990
1767583.404,5472539.2415,13013877,KWWN003832,Wastewater,0.85,1.21,1.85,2.7,3.06,WWMH,,INUS,Paraparaumu,PSM02618,1979
1767650.497,5472292.6815,13013878,KWWN003850,Wastewater,1.61,1.97,0.94,2.55,2.91,WWMH,,INUS,Paraparaumu,PSM02639,1979
1769453.646,5468858.2285,13013879,KWWN004434,Wastewater,7.34,7.7,2.26,9.6,9.96,WWMH,,INUS,Paraparaumu,PSM05194,1975
1768307.333,5471913.1925,13013880,KWWN003858,Wastewater,1.85,2.21,4.5,6.35,6.71,WWMH,,INUS,Paraparaumu,PSM02647,1979
1768156.196,5471344.3155,13013881,KWWN003120,Wastewater,1.44,1.79,1.86,3.3,3.65,WWMH,,INUS,Paraparaumu,PSM01493,1991
1769247.845,5469887.0205,13013882,KWWN003965,Wastewater,6.78,7.13,2.05,8.83,9.18,WWMH,,INUS,Paraparaumu,PSM02768,1983
1766994.985,5471017.3365,13013883,KWWN003472,Wastewater,3.58,3.93,1.5,5.07,5.43,WWMH,,INUS,Paraparaumu,PSM02220,1978
1767596.577,5470773.8405,13013884,KWWN003151,Wastewater,4.05,4.4,0.81,4.86,5.21,WWMH,,PRV,Paraparaumu,PSM01527,1993
1767614.744,5470787.0815,13013885,KWWN003138,Wastewater,4.18,4.54,0.66,4.84,5.2,WWMH,,PRV,Paraparaumu,PSM01514,1993
1767592.877,5470814.8285,13013886,KWWN003132,Wastewater,4.04,4.39,0.62,4.66,5.01,WWMH,,PRV,Paraparaumu,PSM01508,1985
1766860.869,5470449.2815,13013887,KWWN003364,Wastewater,4.15,4.51,1.93,6.09,6.44,WWMH,,INUS,Paraparaumu,PSM02079,1978
1769479.731,5468755.4285,13013888,KWWN004438,Wastewater,9.05,9.4,2.1,11.15,11.5,WWMH,,INUS,Paraparaumu,PSM05197,1998
1766794.996,5470495.4605,13013889,KWWN003371,Wastewater,1,1.35,2.53,3.52,3.88,WWMH,,INUS,Paraparaumu,PSM02088,1978
1768733.346,5471702.3125,13013890,KWWN003077,Wastewater,2.38,2.73,3.3,5.68,6.03,WWMH,,INUS,Paraparaumu,PSM01386,1986
1768523.932,5471741.9595,13013891,KWWN003880,Wastewater,0.64,0.99,2.87,3.51,3.86,WWMH,,INUS,Paraparaumu,PSM02675,1979
1768329.612,5471515.0375,13013892,KWWN003876,Wastewater,6.47,6.82,1.62,8.09,8.44,WWMH,,INUS,Paraparaumu,PSM02670,1979
1766581.417,5470446.7955,13013893,KWWN003317,Wastewater,-0.49,-0.13,4.4,3.91,4.27,WWMH,,INUS,Paraparaumu,PSM02027,1978
1768102.717,5471294.3145,13013894,KWWN003117,Wastewater,1.38,1.73,2.15,3.53,3.88,WWMH,,INUS,Paraparaumu,PSM01490,1991
1767920.131,5470714.0765,13013895,KWWN003588,Wastewater,1.03,1.39,2.99,4.02,4.38,WWMH,,INUS,Paraparaumu,PSM02341,1980
1767119.764,5471733.8265,13013896,KWWN003557,Wastewater,5.79,6.15,1.49,7.28,7.64,WWMH,,INUS,Paraparaumu,PSM02308,1979
1767169.383,5471957.2815,13013897,KWWN003734,Wastewater,0.66,1.01,1.5,2.16,2.51,WWMH,,INUS,Paraparaumu,PSM02431,1979
1768507.56,5470352.7765,13013898,KWWN003193,Wastewater,4.15,4.5,1.01,5.16,5.51,WWMH,,INUS,Paraparaumu,PSM01572,1993
1769634.762,5470372.1315,13013899,KWWN003926,Wastewater,8.98,9.33,0.78,9.76,10.11,WWMH,,INUS,Paraparaumu,PSM02727,1979
1767501.14,5472499.6075,13013900,KWWN003746,Wastewater,2.86,3.22,0.89,3.75,4.11,WWMH,,INUS,Paraparaumu,PSM02448,1979
1766823.528,5471172.6615,13013901,KWWN003042,Wastewater,1.9,2.26,1.18,3.08,3.44,WWMH,,INUS,Paraparaumu,PSM01452,1978
1767724.693,5472292.1005,13013902,KWWN003854,Wastewater,1.97,2.33,0.31,2.28,2.64,WWMH,,INUS,Paraparaumu,PSM02643,1977
1768079.217,5470829.1525,13013903,KWWN003166,Wastewater,2.71,3.06,1.31,4.02,4.37,WWMH,,INUS,Paraparaumu,PSM01542,1990
1767826.461,5470653.1225,13013904,KWWN003585,Wastewater,1.66,2.01,2.79,4.45,4.8,WWMH,,INUS,Paraparaumu,PSM02338,1988
1769658.498,5468999.6185,13013905,KWWN004230,Wastewater,14.13,14.48,1.49,15.62,15.97,WWMH,,INUS,Paraparaumu,PSM03154,1975
1767099.328,5470779.6175,13013906,KWWN003469,Wastewater,2.5,2.86,1.46,3.97,4.32,WWMH,,INUS,Paraparaumu,PSM02217,1978
1766709.361,5470542.0765,13013907,KWWN003351,Wastewater,3.56,3.92,1.45,5.01,5.37,WWMH,,INUS,Paraparaumu,PSM02065,1978
1768707.671,5470420.3695,13013908,KWWN003196,Wastewater,4.56,4.92,2.01,6.57,6.93,WWMH,,INUS,Paraparaumu,PSM01575,1996
1769410.153,5470279.6545,13013909,KWWN003977,Wastewater,10.64,10.99,0.67,11.31,11.66,WWMH,,INUS,Paraparaumu,PSM02780,1987
1768656.678,5471897.4595,13013910,KWWN003899,Wastewater,-0.49,-0.14,4.44,3.95,4.3,WWMH,,INUS,Paraparaumu,PSM02695,1988
1767563.602,5470859.8345,13013911,KWWN003130,Wastewater,3.73,4.08,0.81,4.53,4.89,WWMH,,PRV,Paraparaumu,PSM01506,1985
1769437.226,5471224.3225,13013912,KWWN004416,Wastewater,5.04,5.39,1.29,6.33,6.68,WWMH,,PRV,Paraparaumu,PSM05176,1985
1766970.339,5471336.7755,13013913,KWWN003044,Wastewater,6.64,7,1.2,7.84,8.2,WWCE,,INUS,Paraparaumu,PSM01455,1979
1768674.322,5471418.1465,13013914,KWWN003092,Wastewater,2.23,2.58,2.71,4.94,5.29,WWMH,,INUS,Paraparaumu,PSM01404,1995
1767235.271,5472191.4015,13013915,KWWN003701,Wastewater,-2.05,-1.69,4.98,2.93,3.29,WWMH,,INUS,Paraparaumu,PSM02394,1979
1766793.291,5471159.4765,13013916,KWWN003035,Wastewater,1.98,2.33,1.65,3.63,3.98,WWMH,,INUS,Paraparaumu,PSM01442,1978
1769023.597,5471508.9385,13013917,KWWN003088,Wastewater,2.89,3.24,1.03,3.92,4.27,WWMH,,INUS,Paraparaumu,PSM01399,1995
1766640.08,5469867.6535,13013918,KWWN003299,Wastewater,7.61,7.96,1.08,8.69,9.04,WWMH,,INUS,Paraparaumu,PSM02003,1979
1768296.723,5471383.4685,13013919,KWWN003110,Wastewater,2.93,3.29,1.21,4.14,4.5,WWMH,,INUS,Paraparaumu,PSM01483,1980
1768257.306,5472838.6435,13013920,KWWN003765,Wastewater,2.31,2.67,1.19,3.5,3.86,WWMH,,INUS,Paraparaumu,PSM02468,1979
1766936.153,5471428.6995,13013921,KWWN003547,Wastewater,-2.6,-2.24,4.45,1.85,2.21,WWMH,,INUS,Paraparaumu,PSM02298,1979
1769253.633,5470581.5575,13013922,KWWN004429,Wastewater,8.43,8.79,1.19,9.62,9.97,WWMH,,INUS,Paraparaumu,PSM05189,1997
1766754.079,5470758.8365,13013923,KWWN003393,Wastewater,2.14,2.5,3.77,5.91,6.27,WWMH,,INUS,Paraparaumu,PSM02126,1978
1769190.57,5469846.3255,13013924,KWWN003962,Wastewater,6.32,6.67,1.87,8.19,8.54,WWMH,,INUS,Paraparaumu,PSM02764,1983
1768724.743,5472483.2635,13013925,KWWN003670,Wastewater,4.12,4.48,1.59,5.71,6.07,WWMH,,INUS,Paraparaumu,PSM02576,1979
1767483.223,5471870.7775,13013926,KWWN003527,Wastewater,3.2,3.55,1.41,4.61,4.96,WWMH,,INUS,Paraparaumu,PSM02277,1979
1769231.668,5470700.2405,13013927,KWWN003233,Wastewater,5.75,6.1,2.23,7.98,8.33,WWMH,,INUS,Paraparaumu,PSM01620,1995
1768291.12,5472966.8955,13013928,KWWN003762,Wastewater,1.08,1.43,1.55,2.63,2.98,WWCE,,INUS,Paraparaumu,PSM02465,1979
1766653.017,5469995.8895,13013929,KWWN003304,Wastewater,6.68,7.04,0.99,7.67,8.03,WWMH,,INUS,Paraparaumu,PSM02009,1979
1768456.809,5471818.1775,13013930,KWWN003889,Wastewater,0.88,1.23,2.34,3.22,3.57,WWMH,,INUS,Paraparaumu,PSM02684,1979
1767431.549,5470687.2945,13013931,KWWN003571,Wastewater,2.85,3.2,2.65,5.5,5.85,WWMH,,INUS,Paraparaumu,PSM02324,1979
1768530.967,5471462.8255,13013932,KWWN003912,Wastewater,3.76,4.11,1.32,5.08,5.43,WWMH,,INUS,Paraparaumu,PSM02709,1988
1767155.359,5472050.6615,13013933,KWWN003698,Wastewater,-0.22,0.14,2.77,2.55,2.9,WWMH,,INUS,Paraparaumu,PSM02391,1979
1768050.881,5471170.4435,13013934,KWWN004425,Wastewater,2.62,2.97,3.02,5.64,5.99,WWMH,,INUS,Paraparaumu,PSM05185,1996
1768536.55,5471410.2235,13013935,KWWN003098,Wastewater,2.58,2.93,2.8,5.38,5.73,WWMH,,INUS,Paraparaumu,PSM01410,1995
1769019.304,5469749.1585,13013936,KWWN003951,Wastewater,5.36,5.71,2.14,7.5,7.85,WWMH,,INUS,Paraparaumu,PSM02753,1983
1766977.914,5470734.0515,13013937,KWWN003423,Wastewater,4.21,4.57,3.66,7.88,8.23,WWMH,,INUS,Paraparaumu,PSM02161,1978
1769609.037,5469296.5855,13013938,KWWN004239,Wastewater,9.06,9.41,0.7,9.76,10.11,WWMH,,INUS,Paraparaumu,PSM03165,1979
1768572.762,5472294.0295,13013939,KWWN003649,Wastewater,2.38,2.74,1.69,4.07,4.43,WWMH,,INUS,Paraparaumu,PSM02553,1979
1766904.676,5470175.6385,13013940,KWWN003384,Wastewater,1.81,2.16,1.61,3.42,3.77,WWMH,,INUS,Paraparaumu,PSM02115,1978
1768574.192,5472554.5295,13013941,KWWN003780,Wastewater,2.13,2.48,1.97,4.1,4.45,WWMH,,INUS,Paraparaumu,PSM02484,1989
1769452.008,5470032.2425,13013942,KWWN003968,Wastewater,8.32,8.67,1.26,9.58,9.93,WWMH,,INUS,Paraparaumu,PSM02771,1986
1768127.097,5470203.9185,13013943,KWWN003614,Wastewater,3.45,3.8,2.23,5.68,6.03,WWMH,,INUS,Paraparaumu,PSM02379,1990
1768479.699,5472236.5815,13013944,KWWN003647,Wastewater,3.43,3.79,1.05,4.48,4.84,WWMH,,INUS,Paraparaumu,PSM02551,1979
1768323.423,5471976.0585,13013945,KWWN003626,Wastewater,3.66,4.01,1.62,5.28,5.63,WWMH,,INUS,Paraparaumu,PSM02530,1979
1766993.888,5470816.3145,13013946,KWWN003422,Wastewater,3.81,4.17,1.94,5.75,6.11,WWMH,,INUS,Paraparaumu,PSM02160,1978
1766707.441,5471006.8265,13013947,KWWN003415,Wastewater,1.07,1.43,2.34,3.41,3.77,WWMH,,INUS,Paraparaumu,PSM02153,1978
1769596.567,5470247.6825,13013948,KWWN003930,Wastewater,9.36,9.71,1.07,10.43,10.78,WWMH,,INUS,Paraparaumu,PSM02731,1978
1769050.091,5472242.9545,13013949,KWWN003058,Wastewater,3,3.36,1.03,4.03,4.39,WWMH,,INUS,Paraparaumu,PSM01359,1994
1768226.247,5471599.0395,13013950,KWWN003834,Wastewater,3.89,4.24,3.38,7.27,7.62,WWMH,,INUS,Paraparaumu,PSM02620,1979
1768295.813,5472702.4975,13013951,KWWN003804,Wastewater,-1.17,-0.81,4,2.83,3.19,WWMH,,INUS,Paraparaumu,PSM02510,1979
1767973.553,5472661.2655,13013952,KWWN003792,Wastewater,-0.73,-0.37,2.71,1.98,2.34,WWMH,,INUS,Paraparaumu,PSM02497,1979
1767454.955,5470900.0315,13013953,KWWN003450,Wastewater,2.87,3.22,2.91,5.77,6.13,WWMH,,INUS,Paraparaumu,PSM02193,1979
1767809.331,5470701.0225,13013954,KWWN003587,Wastewater,2.28,2.63,1.52,3.8,4.15,WWMH,,INUS,Paraparaumu,PSM02340,1990
1768719.133,5469195.0275,13013955,KWWN003260,Wastewater,6.4,6.75,0.77,7.17,7.52,WWMH,,INUS,Paraparaumu,PSM01649,1976
1768796.751,5472035.4735,13013956,KWWN003822,Wastewater,0.85,1.21,2.81,3.66,4.01,WWMH,,INUS,Paraparaumu,PSM02606,1988
1769460.784,5470354.4945,13013957,KWWN003983,Wastewater,11.09,11.44,1.1,12.19,12.54,WWMH,,INUS,Paraparaumu,PSM02786,1987
1766682.132,5470300.0325,13013958,KWWN003338,Wastewater,8.73,9.09,1.31,10.04,10.4,WWMH,,INUS,Paraparaumu,PSM02052,1978
1768381.682,5472271.1035,13013959,KWWN003638,Wastewater,1.12,1.47,2.61,3.73,4.08,WWMH,,INUS,Paraparaumu,PSM02542,1979
1768601.578,5470477.6285,13013960,KWWN003200,Wastewater,0.67,1.02,4.31,4.98,5.33,WWMH,,INUS,Paraparaumu,PSM01579,1996
1767481.29,5472234.5405,13013961,KWWN003716,Wastewater,0.6,0.96,2.48,3.08,3.44,WWMH,,INUS,Paraparaumu,PSM02410,1979
1767579.6,5470631.4085,13013962,KWWN003142,Wastewater,3.84,4.2,0.89,4.73,5.09,WWMH,,PRV,Paraparaumu,PSM01518,1993
1768578.038,5470392.0775,13013963,KWWN003201,Wastewater,2.56,2.91,2.75,5.31,5.66,WWMH,,INUS,Paraparaumu,PSM01580,1980
1767520.39,5472260.0735,13013964,KWWN003050,Wastewater,0.92,1.27,1.86,2.78,3.13,WWMH,,INUS,Paraparaumu,PSM01462,1979
1767427.728,5470929.0555,13013965,KWWN003448,Wastewater,6.37,6.72,0.88,7.25,7.6,WWMH,,INUS,Paraparaumu,PSM02191,1979
1768859.202,5468568.6415,13013966,KWWN003272,Wastewater,,,,,,WWMH,,PRV,Paraparaumu,PSM01662,1975
1768269.298,5470562.5475,13013967,KWWN003598,Wastewater,3.64,3.99,1.45,5.09,5.44,WWMH,,INUS,Paraparaumu,PSM02360,1988
1767064.826,5470533.9465,13013968,KWWN003226,Wastewater,3.65,4,1.24,4.88,5.24,WWMH,,INUS,Paraparaumu,PSM01613,1978
1767002.835,5471469.4145,13013969,KWWN003534,Wastewater,2.4,2.75,1.68,4.08,4.43,WWMH,,INUS,Paraparaumu,PSM02284,1979
1766980.501,5470287.3115,13013970,KWWN003382,Wastewater,1.42,1.77,1.51,2.92,3.28,WWMH,,INUS,Paraparaumu,PSM02112,1978
1767740.758,5470995.5275,13013971,KWWN003483,Wastewater,2.69,3.04,2.28,4.97,5.32,WWMH,,INUS,Paraparaumu,PSM02232,1979
1768256.594,5471753.5895,13013972,KWWN003886,Wastewater,3.19,3.54,1.19,4.38,4.74,WWMH,,INUS,Paraparaumu,PSM02681,1979
1767477.886,5472474.4135,13013973,KWWN003745,Wastewater,2.78,3.13,1.05,3.83,4.18,WWMH,,INUS,Paraparaumu,PSM02447,1979
1767037.666,5471349.8195,13013974,KWWN003563,Wastewater,-1.47,-1.11,3.52,2.06,2.41,WWMH,,INUS,Paraparaumu,PSM02314,1979
1769575.989,5470876.7755,13013975,KWWN003923,Wastewater,3.68,4.03,1.69,5.37,5.72,WWMH,,INUS,Paraparaumu,PSM02723,1982
1767381.079,5470960.7275,13013976,KWWN003446,Wastewater,2.35,2.7,1.38,3.73,4.08,WWMH,,INUS,Paraparaumu,PSM02189,1979
1766759.165,5470273.5105,13013977,KWWN003349,Wastewater,8.73,9.09,1.48,10.21,10.57,WWMH,,INUS,Paraparaumu,PSM02063,1978
1767693.03,5471042.8715,13013978,KWWN003482,Wastewater,3.14,3.49,2.36,5.5,5.85,WWMH,,INUS,Paraparaumu,PSM02231,1979
1767928.542,5471190.8455,13013979,KWWN003510,Wastewater,1.05,1.4,1.94,2.99,3.34,WWMH,,INUS,Paraparaumu,PSM02259,1979
1766899.803,5471411.9925,13013980,KWWN003548,Wastewater,0.58,0.94,2.17,2.75,3.1,WWMH,,INUS,Paraparaumu,PSM02299,1979
1767929.421,5471934.9215,13013981,KWWN003840,Wastewater,4.49,4.84,2.15,6.64,6.99,WWMH,,INUS,Paraparaumu,PSM02629,1979
1768813.949,5468389.0765,13013982,KWWN003288,Wastewater,8.08,8.44,1.94,10.03,10.38,WWMH,,PRV,Paraparaumu,PSM01680,1990
1768957.474,5471487.2945,13013983,KWWN003086,Wastewater,3.41,3.77,0.84,4.25,4.61,WWMH,,INUS,Paraparaumu,PSM01396,1995
1768398.414,5470353.6865,13013984,KWWN003692,Wastewater,5.05,5.4,2.13,7.18,7.53,WWMH,,INUS,Paraparaumu,PSM02385,1991
1768151.405,5471958.8045,13013985,KWWN003864,Wastewater,2.94,3.29,2.05,4.99,5.34,WWMH,,INUS,Paraparaumu,PSM02655,1979
1768299.315,5472237.1085,13013986,KWWN003631,Wastewater,1.11,1.47,2.52,3.63,3.99,WWMH,,INUS,Paraparaumu,PSM02535,1979
1767519.032,5470703.1315,13013987,KWWN003147,Wastewater,3.5,3.85,1.11,4.61,4.96,WWMH,,PRV,Paraparaumu,PSM01523,1993
1768663.763,5471665.3305,13013988,KWWN003907,Wastewater,1.92,2.28,2.97,4.89,5.25,WWMH,,INUS,Paraparaumu,PSM02704,1988
1767626.777,5472669.6095,13013989,KWWN003749,Wastewater,0.05,0.41,3.09,3.14,3.5,WWMH,,INUS,Paraparaumu,PSM02451,1979
1766682.045,5470324.9955,13013990,KWWN003345,Wastewater,6.85,7.21,1.69,8.54,8.9,WWMH,,INUS,Paraparaumu,PSM02059,1978
1766812.494,5470609.2155,13013991,KWWN003359,Wastewater,3.98,4.33,1,4.97,5.33,WWMH,,INUS,Paraparaumu,PSM02074,1978
1768043.924,5470790.5575,13013992,KWWN003169,Wastewater,2.73,3.08,1.47,4.2,4.55,WWMH,,INUS,Paraparaumu,PSM01545,1990
1768214.807,5472011.4715,13013993,KWWN003865,Wastewater,3.38,3.74,1.48,4.86,5.22,WWMH,,INUS,Paraparaumu,PSM02656,1979
1768691.863,5471778.3275,13013994,KWWN003904,Wastewater,0.52,0.87,3.95,4.47,4.82,WWMH,,INUS,Paraparaumu,PSM02700,1980
1767844.36,5470227.0355,13013995,KWWN003579,Wastewater,5.61,5.96,0.75,6.36,6.71,WWMH,,INUS,Paraparaumu,PSM02332,1987
1768252.46,5472607.3385,13013996,KWWN003633,Wastewater,-1.46,-1.1,3.92,2.46,2.82,WWMH,,INUS,Paraparaumu,PSM02537,1979
1768349.925,5471950.8385,13013997,KWWN003068,Wastewater,1.9,2.25,4.03,5.93,6.28,WWMH,,INUS,Paraparaumu,PSM01374,1977
1767280.301,5472273.5565,13013998,KWWN003702,Wastewater,-1.44,-1.08,4.35,2.91,3.27,WWMH,,INUS,Paraparaumu,PSM02396,1979
1767662.468,5470756.2465,13013999,KWWN003154,Wastewater,4.54,4.89,0.34,4.88,5.23,WWMH,,PRV,Paraparaumu,PSM01530,1993
1767809.76,5471178.2845,13014000,KWWN003497,Wastewater,2.34,2.7,5.14,7.48,7.84,WWMH,,INUS,Paraparaumu,PSM02246,1979
1768846.364,5468581.3315,13014001,KWWN003273,Wastewater,,,,,,WWMH,,PRV,Paraparaumu,PSM01663,1975
1766915.792,5471508.9295,13014002,KWWN003539,Wastewater,0.6,0.96,2.61,3.21,3.57,WWMH,,INUS,Paraparaumu,PSM02290,1979
1767346.536,5472026.8995,13014003,KWWN003730,Wastewater,5.96,6.32,0.94,6.9,7.26,WWMH,,INUS,Paraparaumu,PSM02426,1990
1768806.737,5471480.7535,13014004,KWWN003082,Wastewater,4.74,5.09,1.14,5.88,6.23,WWMH,,INUS,Paraparaumu,PSM01391,1990
1768250.988,5471299.9735,13014005,KWWN003115,Wastewater,0.88,1.24,2.51,3.39,3.75,WWMH,,INUS,Paraparaumu,PSM01488,1991
1768299.772,5471422.4375,13014006,KWWN003875,Wastewater,3.31,3.66,1.14,4.45,4.8,WWMH,,INUS,Paraparaumu,PSM02669,1980
1769362.579,5470262.1415,13014007,KWWN003974,Wastewater,10.09,10.44,1,11.09,11.44,WWMH,,INUS,Paraparaumu,PSM02777,1987
1768495.998,5472559.5515,13014008,KWWN003778,Wastewater,1.58,1.94,2.04,3.62,3.98,WWMH,,INUS,Paraparaumu,PSM02482,1989
1767539.188,5470566.9195,13014009,KWWN003573,Wastewater,3.67,4.03,1.45,5.12,5.47,WWMH,,INUS,Paraparaumu,PSM02326,1980
1766755.265,5470536.2425,13014010,KWWN003354,Wastewater,1.63,1.99,1.38,3.01,3.37,WWMH,,INUS,Paraparaumu,PSM02068,1978
1768337.376,5471806.2675,13014011,KWWN003892,Wastewater,1.19,1.54,2.1,3.29,3.64,WWMH,,INUS,Paraparaumu,PSM02688,1979
1768782.313,5472165.9795,13014012,KWWN003816,Wastewater,2.47,2.83,1.9,4.37,4.72,WWMH,,INUS,Paraparaumu,PSM02599,1988
1767092.38,5470418.2915,13014013,KWWN003380,Wastewater,0.61,0.97,2.36,2.98,3.33,WWMH,,INUS,Paraparaumu,PSM02110,1978
1767537.429,5471928.7295,13014014,KWWN003528,Wastewater,3.82,4.17,2.49,6.31,6.67,WWMH,,INUS,Paraparaumu,PSM02278,1979
1767348.401,5471924.0535,13014015,KWWN003732,Wastewater,6.75,7.11,1.16,7.91,8.27,WWMH,,INUS,Paraparaumu,PSM02428,1979
1766698.944,5470078.6215,13014016,KWWN003223,Wastewater,4.15,4.51,1.75,5.9,6.26,WWMH,,INUS,Paraparaumu,PSM01608,1978
1768035.982,5470847.2025,13014017,KWWN003168,Wastewater,0.3,0.65,3.45,3.75,4.1,WWMH,,INUS,Paraparaumu,PSM01544,1990
1768623.977,5468864.2285,13014018,KWWN003259,Wastewater,,,,,,WWMH,,INUS,Paraparaumu,PSM01648,1979
1768251.128,5472886.6355,13014019,KWWN003767,Wastewater,2.56,2.92,1.37,3.93,4.29,WWMH,,INUS,Paraparaumu,PSM02470,1979
1766637.66,5469923.3425,13014020,KWWN003300,Wastewater,6.98,7.33,1.1,8.08,8.43,WWMH,,INUS,Paraparaumu,PSM02004,1979
1768301.641,5472914.6615,13014021,KWWN003771,Wastewater,2.75,3.1,0.74,3.49,3.84,WWMH,,INUS,Paraparaumu,PSM02475,1979
1767731.809,5472540.5905,13014022,KWWN003782,Wastewater,-0.62,-0.26,3.22,2.6,2.96,WWMH,,INUS,Paraparaumu,PSM02487,1979
1768594.482,5471835.5895,13014023,KWWN003882,Wastewater,0.07,0.42,2.67,2.74,3.09,WWMH,,INUS,Paraparaumu,PSM02677,1979
1768278.316,5472537.3835,13014024,KWWN003634,Wastewater,0.22,0.57,1.95,2.17,2.52,WWMH,,INUS,Paraparaumu,PSM02538,1979
1768967.179,5469874.4255,13014025,KWWN003959,Wastewater,7.07,7.42,0.94,8.01,8.36,WWMH,,INUS,Paraparaumu,PSM02761,1988
1768148.006,5471473.0035,13014026,KWWN003507,Wastewater,4.71,5.06,1.52,6.23,6.58,WWMH,,INUS,Paraparaumu,PSM02256,1979
1768868.528,5469309.5245,13014027,KWWN003268,Wastewater,6.52,6.87,1.05,7.57,7.92,WWMH,,INUS,Paraparaumu,PSM01658,1974
1769141.685,5468847.2185,13014028,KWWN003240,Wastewater,7.75,8.1,1.51,9.26,9.61,WWMH,,INUS,Paraparaumu,PSM01627,1975
1766701.307,5470498.3085,13014029,KWWN003350,Wastewater,5.95,6.3,1,6.95,7.3,WWCE,,INUS,Paraparaumu,PSM02064,1978
1766813.048,5471149.0565,13014030,KWWN003036,Wastewater,1.71,2.07,1.36,3.07,3.43,WWMH,,INUS,Paraparaumu,PSM01443,1978
1768390.952,5472558.7875,13014031,KWWN003658,Wastewater,-0.1,0.26,2.55,2.45,2.81,WWMH,,INUS,Paraparaumu,PSM02562,1979
1766781.193,5470459.8315,13014032,KWWN003224,Wastewater,0.77,1.13,2.13,2.9,3.26,WWMH,,INUS,Paraparaumu,PSM01611,1978
1767674.044,5470899.5605,13014033,KWWN003135,Wastewater,4.66,5.01,0.7,5.36,5.71,WWMH,,PRV,Paraparaumu,PSM01511,1985
1768588.268,5471385.0825,13014034,KWWN003096,Wastewater,1.77,2.13,3.06,4.83,5.18,WWMH,,INUS,Paraparaumu,PSM01408,1995
1770190.086,5470115.5745,13014035,KWWN003235,Wastewater,12.61,12.96,1,13.61,13.96,WWMH,,PRV,Paraparaumu,PSM01622,1994
1768080.121,5470179.3245,13014036,KWWN003615,Wastewater,3.81,4.16,2.13,5.94,6.29,WWMH,,INUS,Paraparaumu,PSM02380,1998
1767523.15,5470674.5095,13014037,KWWN003146,Wastewater,3.78,4.13,0.78,4.56,4.91,WWMH,,PRV,Paraparaumu,PSM01522,1993
1767840.789,5470661.9505,13014038,KWWN003586,Wastewater,1.52,1.87,2.73,4.25,4.6,WWMH,,INUS,Paraparaumu,PSM02339,1990
1766885.383,5471008.8115,13014039,KWWN003406,Wastewater,1.92,2.27,2.15,4.07,4.42,WWMH,,INUS,Paraparaumu,PSM02140,1978
1769274.395,5470770.1755,13014040,KWWN003987,Wastewater,4.59,4.94,1.5,6.09,6.44,WWMH,,INUS,Paraparaumu,PSM02791,1989
1768694.129,5472600.4535,13014041,KWWN003664,Wastewater,3.15,3.51,1.09,4.24,4.6,WWMH,,INUS,Paraparaumu,PSM02568,1990
1767093.375,5471688.1895,13014042,KWWN003556,Wastewater,4.36,4.71,3.07,7.43,7.78,WWMH,,INUS,Paraparaumu,PSM02307,1979
1767413.478,5470948.9595,13014043,KWWN003447,Wastewater,5.72,6.07,1.72,7.44,7.79,WWMH,,INUS,Paraparaumu,PSM02190,1979
1768811.203,5468530.6505,13014044,KWWN003276,Wastewater,,,,,,WWMH,,PRV,Paraparaumu,PSM01666,1975
1766675.588,5470335.7655,13014045,KWWN003339,Wastewater,,,,7.82,8.17,WWMH,,INUS,Paraparaumu,PSM02053,1978
1767024.374,5470493.3835,13014046,KWWN003335,Wastewater,0.45,0.81,3.7,4.15,4.51,WWMH,,INUS,Paraparaumu,PSM02046,1978
1767592.48,5470708.2935,13014047,KWWN003153,Wastewater,3.99,4.34,0.84,4.83,5.18,WWMH,,PRV,Paraparaumu,PSM01529,1993
1767724.676,5472752.3665,13014048,KWWN003751,Wastewater,1.06,1.42,1.85,2.91,3.27,WWMH,,INUS,Paraparaumu,PSM02453,1979
1767985.702,5471978.8135,13014049,KWWN003627,Wastewater,,,,7.01,7.36,WWMH,,INUS,Paraparaumu,PSM02531,1979
1766964.84,5471356.8215,13014050,KWWN003043,Wastewater,5,5.35,1.17,6.17,6.52,WWMH,,INUS,Paraparaumu,PSM01454,1979
1767545.632,5472600.8245,13014051,KWWN003747,Wastewater,0.41,0.77,3.16,3.57,3.93,WWMH,,INUS,Paraparaumu,PSM02449,1979
1770070.812,5472728.6175,13014052,KWWN004360,Wastewater,0.42,0.78,3.36,3.78,4.13,WWMH,,INUS,Paraparaumu,PSM05004,1981
1767817.283,5469213.9405,13014053,KWWN004659,Wastewater,4.47,4.83,2.21,6.68,7.04,WWMH,,INUS,Paraparaumu,PSM05362,2000
1768905.435,5468605.5975,13014054,KWWN004141,Wastewater,9.38,9.74,1.17,10.55,10.91,WWMH,,PRV,Paraparaumu,PSM02982,1975
1769862.171,5472131.9775,13014055,KWWN004778,Wastewater,,,,,,WWCON,,INUS,Paraparaumu,PSC00035,1980
1767438.652,5467150.6475,13014056,KWWN004635,Wastewater,4.92,5.27,1.53,6.45,6.8,WWMH,,INUS,Paraparaumu,PSM05536,1999
1768325.705,5467933.6005,13014057,KWWN004336,Wastewater,4.56,4.91,2.51,7.07,7.42,WWMH,,INUS,Paraparaumu,PSM03292,1980
1769257.062,5468892.2065,13014058,KWWN004178,Wastewater,6.67,7.02,3.36,10.03,10.38,WWMH,,INUS,Paraparaumu,PSM03045,1975
1769988.25,5472788.4975,13014059,KWWN004367,Wastewater,-0.39,-0.03,4.15,3.76,4.12,WWMH,,INUS,Paraparaumu,PSM05027,1981
1769333.811,5468098.8975,13014060,KWWN004294,Wastewater,29.49,29.83,1.4,30.89,31.23,WWMH,,INUS,Paraparaumu,PSM03239,1975
1769962.889,5472736.2055,13014061,KWWN004368,Wastewater,0.04,0.4,2.99,3.03,3.39,WWMH,,INUS,Paraparaumu,PSM05031,1981
1766474.75,5467390.9675,13014062,KWWN005054,Wastewater,10.06,10.41,0.7,10.76,11.12,WWMH,,INUS,Paraparaumu,PSM00346,1978
1769079.605,5468395.9055,13014063,KWWN004702,Wastewater,14.74,15.09,0.89,15.63,15.98,WWMH,,INUS,Paraparaumu,PSM05537,1999
1770254.146,5472043.2685,13014064,KWWN004946,Wastewater,,,,,,WWMH,,INUS,Paraparaumu,,
1769540.625,5468344.5165,13014065,KWWN004331,Wastewater,22.78,23.13,1.56,24.34,24.69,WWMH,,INUS,Paraparaumu,PSM03282,1963
1769607.254,5472664.0245,13014066,KWWN004380,Wastewater,-0.64,-0.28,3.52,2.88,3.24,WWMH,,INUS,Paraparaumu,PSM05065,1981
1768839.241,5469410.7565,13014067,KWWN004021,Wastewater,2.61,2.97,3.77,6.38,6.74,WWMH,,INUS,Paraparaumu,PSM02830,1975
1768852.237,5472910.5545,13014068,KWWN004792,Wastewater,0.72,1.08,2.58,3.3,3.66,WWMH,,INUS,Paraparaumu,PSC00041,1980
1767361.703,5467058.8265,13014069,KWWN004633,Wastewater,9.47,9.82,1.59,11.06,11.41,WWMH,,INUS,Paraparaumu,PSM05342,2000
1768890.444,5468931.9075,13014070,KWWN004125,Wastewater,5.9,6.25,0.75,6.65,7,WWMH,,INUS,Paraparaumu,PSM02959,1975
1768743.274,5468914.4925,13014071,KWWN004156,Wastewater,5.79,6.14,0.96,6.75,7.1,WWMH,,INUS,Paraparaumu,PSM03006,1979
1768266.349,5471076.3745,13014072,KWWN004647,Wastewater,3.39,3.74,0.91,4.3,4.65,WWMH,,INUS,Paraparaumu,PSM05357,2000
1781497.204,5485268.6585,13014073,KWWN004983,Wastewater,11.77,12.15,0.91,12.68,13.06,WWMH,,INUS,Otaki,OSM00850,2020
1769722.753,5469729.2415,13014074,KWWN004065,Wastewater,10.36,10.71,1.12,11.48,11.83,WWMH,,INUS,Paraparaumu,PSM02887,1977
1775281.265,5473911.1915,13014075,KWWN004570,Wastewater,75.91,76.26,1.55,77.46,77.81,WWMH,,INUS,Waikanae,WSM01290,1978
1780096.988,5485551.6175,13014076,KWWN004729,Wastewater,,,,,,WWMH,,INUS,Otaki,OSC00015,1979
1769344.651,5468918.6445,13014077,KWWN004201,Wastewater,5.72,6.07,3.48,9.2,9.55,WWMH,,INUS,Paraparaumu,PSM03092,1975
1779960.476,5485536.5885,13014078,KWWN004735,Wastewater,,,,,,WWMH,,INUS,Otaki,OSC00021,1979
1769009.284,5469065.8405,13014079,KWWN004111,Wastewater,4.47,4.82,4.43,8.9,9.25,WWMH,,INUS,Paraparaumu,PSM02943,1986
1768728.506,5468135.4565,13014080,KWWN004195,Wastewater,,,,8.08,8.43,WWMH,,INUS,Paraparaumu,PSM03083,1980
1766591.039,5469162.7955,13014081,KWWN005108,Wastewater,,,,,,WWMH,,INUS,Paraparaumu,PSM00801,1980
1769601.017,5469927.5425,13014082,KWWN004092,Wastewater,6.48,6.83,0.72,7.2,7.55,WWMH,,INUS,Paraparaumu,PSM02919,1977
1773866.888,5474381.3005,13014083,KWWN004488,Wastewater,7.28,7.63,1.51,8.79,9.14,WWMH,,INUS,Waikanae,WSM01286,1988
1769704.77,5469362.5625,13014084,KWWN004248,Wastewater,6.41,6.76,2.45,8.86,9.21,WWMH,,INUS,Paraparaumu,PSM03179,1986
1769507.439,5469812.5805,13014085,KWWN004097,Wastewater,5.37,5.72,2.66,8.03,8.38,WWMH,,INUS,Paraparaumu,PSM02924,1976
1767882.409,5470521.4945,13014086,KWWN004686,Wastewater,4.19,4.54,0.84,5.03,5.38,WWMH,,INUS,Paraparaumu,PSM05378,2000
1769049.926,5467589.6175,13014087,KWWN004261,Wastewater,35.38,35.73,1.83,37.21,37.56,WWMH,,INUS,Paraparaumu,PSM03193,1979
1768693.711,5471274.5465,13014088,KWWN004865,Wastewater,,,,,,WWWW,,INUS,Paraparaumu,PSP00009,1980
1768876.738,5472338.3965,13014089,KWWN004614,Wastewater,6.8,7.16,1.44,8.24,8.6,WWMH,,INUS,Paraparaumu,PSM05321,1999
1769303.204,5469351.3235,13014090,KWWN004561,Wastewater,,,,,,WWMH,,INUS,Paraparaumu,PSM05284,1979
1767337.365,5466999.8325,13014091,KWWN004688,Wastewater,14.65,14.99,1.55,16.2,16.54,WWMH,,INUS,Paraparaumu,PSM05386,2000
1769273.453,5468225.8565,13014092,KWWN004289,Wastewater,23.61,23.96,1.85,25.46,25.81,WWMH,,INUS,Paraparaumu,PSM03233,1975
1770056.724,5470417.7675,13014093,KWWN004836,Wastewater,,,,,,WWCON,,INUS,Paraparaumu,,
1772941.111,5473255.4005,13014094,KWWN004786,Wastewater,,,,,,WWMH,,INUS,Waikanae,WSC00003,1979
1770014.572,5472242.5395,13014095,KWWN004396,Wastewater,8.91,9.27,1.59,10.5,10.86,WWMH,,INUS,Paraparaumu,PSM05120,1978
1770694.677,5473735.5935,13014096,KWWN004470,Wastewater,8.01,8.37,5.74,13.75,14.11,WWMH,,INUS,Waikanae,WSM01272,1996
1768687.316,5469370.7105,13014097,KWWN004031,Wastewater,3.7,4.05,2.96,6.66,7.01,WWMH,,INUS,Paraparaumu,PSM02843,1975
1767165.112,5467318.0465,13014098,KWWN004667,Wastewater,9.42,9.78,0.93,10.35,10.71,WWMH,,INUS,Paraparaumu,PSM05368,1979
1769200.168,5471161.8615,13014099,KWWN004413,Wastewater,4.68,5.03,3.24,7.92,8.27,WWMH,,INUS,Paraparaumu,PSM05167,1981
1767953.273,5471906.9425,13014100,KWWN004755,Wastewater,,,,,,WWMH,,INUS,Paraparaumu,PSC00008,1980
1767724.414,5469308.7545,13014101,KWWN004641,Wastewater,3.58,3.93,2.06,5.64,5.99,WWMH,,INUS,Paraparaumu,PSM05351,2000
1766788.038,5470983.4185,13014102,KWWN004889,Wastewater,,,,,,WWWW,,INUS,Paraparaumu,PSP00036,1979
1769484.475,5469678.9075,13014103,KWWN004082,Wastewater,5.81,6.17,2.1,7.91,8.27,WWMH,,INUS,Paraparaumu,PSM02907,1977
1769729.422,5469746.9635,13014104,KWWN004067,Wastewater,10.11,10.46,2,12.11,12.46,WWMH,,INUS,Paraparaumu,PSM02889,1977
1768910.234,5469667.8585,13014105,KWWN004005,Wastewater,5.37,5.72,1.98,7.35,7.7,WWMH,,INUS,Paraparaumu,PSM02811,1975
1769521.354,5469759.9285,13014106,KWWN004071,Wastewater,4.5,4.85,3.25,7.75,8.1,WWMH,,INUS,Paraparaumu,PSM02894,1977
1767161.603,5466924.4785,13014107,KWWN004997,Wastewater,,,,,,WWMH,,INUS,Paraparaumu,PSM00016,1979
1769040.197,5467525.9605,13014108,KWWN004259,Wastewater,,,,,,WWMH,,INUS,Paraparaumu,PSM03191,1979
1768851.736,5469623.3355,13014109,KWWN004009,Wastewater,6.76,7.12,0.8,7.56,7.92,WWMH,,INUS,Paraparaumu,PSM02815,1975
1768682.788,5468614.9425,13014110,KWWN004186,Wastewater,7.82,8.17,0.97,8.79,9.14,WWMH,,INUS,Paraparaumu,PSM03066,1975
1769011.012,5472074.0675,13014111,KWWN004780,Wastewater,,,,,,WWMH,,PRV,Paraparaumu,PSC00037,1980
1780585.844,5485856.8675,13014112,KWWN004975,Wastewater,7.33,7.7,1.41,8.74,9.11,WWMH,,INUS,Otaki,OSM00848,1979
1769102.751,5468393.4175,13014113,KWWN004697,Wastewater,14.54,14.89,1.2,15.74,16.09,WWMH,,INUS,Paraparaumu,PSM05538,1999
1771860.465,5475644.3595,13014114,KWWN004714,Wastewater,3.16,3.51,1.06,4.21,4.57,WWMH,,INUS,Waikanae,WSM01316,2000
1769883.126,5472675.7485,13014115,KWWN004370,Wastewater,0.6,0.96,1.3,1.9,2.26,WWMH,,INUS,Paraparaumu,PSM05033,1981
1769163.444,5471055.0265,13014116,KWWN004759,Wastewater,,,,,,WWVA,,INUS,Paraparaumu,PSC00013,1980
1766738.52,5469013.5795,13014117,KWWN004721,Wastewater,11.52,11.88,2.2,13.72,14.08,WWMH,,INUS,Paraparaumu,PSM05400,1980
1769716.945,5469782.3315,13014118,KWWN004068,Wastewater,8.04,8.39,1.22,9.25,9.61,WWMH,,INUS,Paraparaumu,PSM02890,1977
1768804.023,5468050.5115,13014119,KWWN004275,Wastewater,56.75,57.1,0.9,57.65,58,WWMH,,INUS,Paraparaumu,PSM03213,1966
1766736.185,5469102.0515,13014120,KWWN004726,Wastewater,13.33,13.69,0.86,14.19,14.55,WWMH,,INUS,Paraparaumu,PSM05405,1980
1766622.731,5469805.5375,13014121,KWWN004888,Wastewater,,,,,,WWCON,,INUS,Paraparaumu,,
1780585.64,5486202.2555,13014122,KWWN004971,Wastewater,,,,,,WWCE,,INUS,Otaki,OSM00870,1979
1769050.129,5467658.3435,13014123,KWWN004283,Wastewater,31.82,32.16,1.32,33.14,33.48,WWMH,,INUS,Paraparaumu,PSM03227,1979
1768029.806,5467622.7675,13014124,KWWN005119,Wastewater,,,,,,WWCE,,INUS,Paraparaumu,PSM00904,1980
1769057.855,5468727.0635,13014125,KWWN004170,Wastewater,8.71,9.06,1.19,9.9,10.25,WWMH,,INUS,Paraparaumu,PSM03037,1975
1766573.39,5468251.4205,13014126,KWWN005066,Wastewater,,,,6,6.35,WWCE,,INUS,Paraparaumu,PSM00432,1979
1780650.292,5486368.5145,13014127,KWWN004743,Wastewater,,,,,,WWMH,,INUS,Otaki,OSC00001,1979
1769567.487,5468778.8575,13014128,KWWN004212,Wastewater,10.81,11.16,1.56,12.37,12.72,WWMH,,INUS,Paraparaumu,PSM03128,1975
1768529.239,5469482.4675,13014129,KWWN004015,Wastewater,6.17,6.52,0.98,7.15,7.5,WWMH,,INUS,Paraparaumu,PSM02822,1975
1769658.551,5473855.9065,13014130,KWWN004949,Wastewater,,,,,,WWWW,,INUS,Waikanae,WSP00004,1979
1769791.009,5469484.5695,13014131,KWWN004246,Wastewater,7.47,7.82,0.94,8.41,8.76,WWMH,,INUS,Paraparaumu,PSM03176,1986
1769203.923,5468673.1395,13014132,KWWN004198,Wastewater,9.33,9.69,3.32,12.65,13.01,WWMH,,INUS,Paraparaumu,PSM03089,1975
1766640.622,5470170.5095,13014133,KWWN004640,Wastewater,2.79,3.14,1.03,3.81,4.17,WWMH,,PRV,Paraparaumu,PSM05350,1999
1770023.136,5472326.8465,13014134,KWWN004395,Wastewater,2.94,3.3,1.57,4.51,4.87,WWMH,,INUS,Paraparaumu,PSM05119,1978
1766702.89,5469092.5385,13014135,KWWN004727,Wastewater,13.6,13.96,0.9,14.5,14.86,WWMH,,INUS,Paraparaumu,PSM05406,1980
1769804.734,5469158.0255,13014136,KWWN004253,Wastewater,11.64,11.99,1.26,13,13.35,WWMH,,INUS,Paraparaumu,PSM03184,2023
1768974.024,5467593.3845,13014137,KWWN004264,Wastewater,35.52,35.86,1.65,37.17,37.51,WWMH,,INUS,Paraparaumu,PSM03196,1979
1768964.54,5470537.7755,13014138,KWWN004543,Wastewater,9.69,10.04,0.92,10.61,10.96,WWMH,,INUS,Paraparaumu,PSM05263,1999
1769432.97,5469653.7935,13014139,KWWN004083,Wastewater,6.19,6.55,1.85,8.04,8.4,WWMH,,INUS,Paraparaumu,PSM02908,1977
1768104.39,5470036.1305,13014140,KWWN004822,Wastewater,,,,,,WWWW,,PRV,Paraparaumu,PSP00113,1980
1766628.804,5468693.5325,13014141,KWWN004900,Wastewater,,,,,,WWWW,,INUS,Paraparaumu,,
1768961.887,5468372.6975,13014142,KWWN004193,Wastewater,10.95,11.3,2.31,13.26,13.61,WWMH,,INUS,Paraparaumu,PSM03076,1975
1769398.139,5467812.5575,13014143,KWWN004305,Wastewater,46.53,46.88,1.35,47.88,48.23,WWMH,,INUS,Paraparaumu,PSM03253,1975
1767309.599,5467077.8785,13014144,KWWN004630,Wastewater,11.57,11.91,1.6,13.17,13.51,WWMH,,INUS,Paraparaumu,PSM05344,1999
1775317.404,5473920.7875,13014145,KWWN004573,Wastewater,80.64,80.99,0.95,81.59,81.94,WWMH,,INUS,Waikanae,,1978
1769503.157,5468989.5415,13014146,KWWN004346,Wastewater,7.44,7.79,1.59,9.03,9.38,WWMH,,INUS,Paraparaumu,PSM03306,1975
1769836.432,5469148.8335,13014147,KWWN004254,Wastewater,12.68,13.03,1.83,14.5,14.86,WWMH,,INUS,Paraparaumu,PSM03185,1986
1767956.506,5468171.4935,13014148,KWWN004351,Wastewater,1.16,1.51,3.04,4.21,4.55,WWMH,,INUS,Paraparaumu,PSM03312,1980
1769107.623,5469725.7255,13014149,KWWN004000,Wastewater,4.97,5.32,3.17,8.14,8.49,WWMH,,INUS,Paraparaumu,PSM02806,1977
1769156.592,5467719.4265,13014150,KWWN004328,Wastewater,37.65,38,2.08,39.73,40.08,WWMH,,INUS,Paraparaumu,PSM03276,1975
1770824.438,5473720.8725,13014151,KWWN004474,Wastewater,9.02,9.38,2.92,11.94,12.3,WWMH,,INUS,Waikanae,WSM01276,1996
1768880.066,5470506.0465,13014152,KWWN004542,Wastewater,9.46,9.81,0.43,9.89,10.24,WWMH,,INUS,Paraparaumu,PSM05264,1999
1767848.751,5472162.3395,13014153,KWWN004039,Wastewater,5.8,6.16,1.31,7.11,7.47,WWMH,,INUS,Paraparaumu,PSM02855,1979
1768252.299,5471096.4915,13014154,KWWN004646,Wastewater,3.02,3.37,0.88,3.9,4.25,WWMH,,INUS,Paraparaumu,PSM05356,2000
1780162.773,5485515.1485,13014155,KWWN004731,Wastewater,,,,,,WWMH,,INUS,Otaki,OSC00017,1979
1770790.944,5473717.4115,13014156,KWWN004473,Wastewater,8.79,9.15,2.3,11.09,11.45,WWMH,,INUS,Waikanae,WSM01275,1996
1769731.942,5469219.5765,13014157,KWWN004252,Wastewater,7.91,8.26,1.5,9.41,9.76,WWMH,,INUS,Paraparaumu,PSM03183,1986
1767917.547,5470548.2655,13014158,KWWN004684,Wastewater,4.18,4.54,0.87,5.05,5.41,WWMH,,INUS,Paraparaumu,PSM05379,2000
1768691.932,5471325.9595,13014159,KWWN004706,Wastewater,3.33,3.68,1.72,5.05,5.4,WWMH,,INUS,Paraparaumu,PSM05389,1980
1768985.625,5468888.8155,13014160,KWWN004130,Wastewater,5.23,5.58,2.05,7.28,7.63,WWMH,,INUS,Paraparaumu,PSM02964,1975
1769321.392,5468949.6945,13014161,KWWN004345,Wastewater,5.98,6.33,3.11,9.09,9.44,WWMH,,INUS,Paraparaumu,PSM03305,1975
1771013.94,5474111.7415,13014162,KWWN004952,Wastewater,,,,,,WWCON,,INUS,Waikanae,,2014
1768602.832,5470667.5285,13014163,KWWN004482,Wastewater,1.8,2.16,3.11,4.91,5.27,WWMH,,INUS,Paraparaumu,PSM05214,1981
1774210.307,5472902.5565,13014164,KWWN004785,Wastewater,,,,,,WWMH,,INUS,Waikanae,WSC00002,1979
1766738.864,5470015.5705,13014165,KWWN004552,Wastewater,3.62,3.97,1.39,5.01,5.36,WWMH,,INUS,Paraparaumu,PSM05274,1998
1769688.955,5469806.2235,13014166,KWWN004074,Wastewater,7.27,7.62,0.82,8.09,8.44,WWMH,,INUS,Paraparaumu,PSM02898,1977
1766508.85,5467750.1815,13014167,KWWN005002,Wastewater,1.25,1.6,1.41,2.66,3.01,WWMH,,INUS,Paraparaumu,PSM00029,1978
1768877.256,5468642.8875,13014168,KWWN004139,Wastewater,9.03,9.38,0.55,9.57,9.93,WWMH,,PRV,Paraparaumu,PSM02975,1975
1768896.026,5472751.8745,13014169,KWWN004957,Wastewater,,,,,,WWWW,,INUS,Paraparaumu,PSP00015,1996
1772909.879,5472604.2155,13014170,KWWN004787,Wastewater,,,,,,WWMH,,INUS,Waikanae,WSC00004,1979
1769606.589,5470078.6215,13014171,KWWN003991,Wastewater,7.4,7.75,1.17,8.57,8.92,WWMH,,INUS,Paraparaumu,PSM02796,1977
1768296.75,5467609.1955,13014172,KWWN005122,Wastewater,6.77,7.12,1.47,8.24,8.59,WWCE,,INUS,Paraparaumu,PSM00928,1980
1766583.539,5469214.6265,13014173,KWWN004896,Wastewater,,,,,,WWCON,,INUS,Paraparaumu,,
1768039.038,5469250.1915,13014174,KWWN004451,Wastewater,8.43,8.79,1.29,9.72,10.08,WWMH,,INUS,Paraparaumu,PSM05206,1997
1768948.041,5468695.2985,13014175,KWWN004150,Wastewater,,,,9.48,9.84,WWMH,,PRV,Paraparaumu,PSM02991,1975
1768919.698,5467763.2755,13014176,KWWN004270,Wastewater,47.26,47.61,1.82,49.08,49.43,WWMH,,INUS,Paraparaumu,PSM03206,1979
1767357.22,5466973.8085,13014177,KWWN004692,Wastewater,7.64,7.99,1.61,9.26,9.6,WWMH,,INUS,Paraparaumu,PSM05544,2000
1768734.133,5470524.4225,13014178,KWWN004501,Wastewater,3.04,3.4,1.66,4.71,5.06,WWMH,,INUS,Paraparaumu,PSM05550,1997
1769719.336,5471665.4875,13014179,KWWN004401,Wastewater,5.83,6.18,1.33,7.16,7.51,WWMH,,INUS,Paraparaumu,PSM05135,1981
1769480.155,5467500.4375,13014180,KWWN004320,Wastewater,60.44,60.78,1.83,62.27,62.62,WWMH,,INUS,Paraparaumu,PSM03268,1975
1768896.854,5472406.9795,13014181,KWWN004615,Wastewater,6.61,6.97,3.04,9.65,10.01,WWMH,,INUS,Paraparaumu,PSM05320,1999
1768410.899,5471076.3395,13014182,KWWN004520,Wastewater,3.25,3.61,0.95,4.2,4.56,WWMH,,INUS,Paraparaumu,PSM05239,1998
1766848.78,5469097.9985,13014183,KWWN004899,Wastewater,,,,,,WWCON,,INUS,Paraparaumu,,
1768135.135,5471295.7165,13014184,KWWN004876,Wastewater,,,,,,WWWW,,INUS,Paraparaumu,PSP00022,1980
1768935.369,5468714.7105,13014185,KWWN004148,Wastewater,8.05,8.4,0.79,8.84,9.19,WWMH,,PRV,Paraparaumu,PSM02989,1975
1769273.116,5467664.3155,13014186,KWWN004324,Wastewater,43.84,44.18,1.95,45.79,46.13,WWMH,,INUS,Paraparaumu,PSM03272,1975
1767397.545,5468729.0955,13014187,KWWN004904,Wastewater,,,,,,WWCON,,INUS,Paraparaumu,,
1768419.761,5471104.4625,13014188,KWWN004519,Wastewater,2.49,2.85,1.66,4.15,4.51,WWMH,,INUS,Paraparaumu,PSM05240,1998
1769851.734,5470624.8225,13014189,KWWN004857,Wastewater,,,,,,WWCON,,INUS,Paraparaumu,,
1768391.675,5471247.5395,13014190,KWWN004625,Wastewater,3.77,4.13,0.73,4.5,4.86,WWMH,,INUS,Paraparaumu,PSM05338,2000
1768165.944,5471489.4965,13014191,KWWN004765,Wastewater,,,,,,WWCON,,INUS,Paraparaumu,PSC00019,1980
1769670.111,5472494.8715,13014192,KWWN004382,Wastewater,0.34,0.7,2.62,2.96,3.32,WWMH,,INUS,Paraparaumu,PSM05071,1981
1768754.014,5468686.3235,13014193,KWWN004137,Wastewater,7.03,7.38,1.52,8.55,8.9,WWMH,,INUS,Paraparaumu,PSM02971,1975
1766580.402,5467012.5255,13014194,KWWN004928,Wastewater,,,,,,WWWW,,INUS,Paraparaumu,PSP00075,1979
1769590.704,5470047.9745,13014195,KWWN003993,Wastewater,7.46,7.81,1.36,8.82,9.17,WWMH,,INUS,Paraparaumu,PSM02798,1983
1769079.673,5467402.7655,13014196,KWWN004819,Wastewater,,,,,,WWBE,,PRV,Paraparaumu,PSC00067,1979
1769156.203,5467942.9535,13014197,KWWN004299,Wastewater,33.91,34.26,1.44,35.35,35.7,WWMH,,INUS,Paraparaumu,PSM03244,1975
1769517.161,5468813.6305,13014198,KWWN004211,Wastewater,8.8,9.15,1.74,10.54,10.89,WWMH,,INUS,Paraparaumu,PSM03120,1975
1780557.562,5485855.9775,13014199,KWWN004976,Wastewater,7.07,7.44,1.43,8.5,8.87,WWMH,,INUS,Otaki,OSM00849,1979
1767293.079,5467279.2105,13014200,KWWN004497,Wastewater,4.62,4.97,1.96,6.58,6.93,WWMH,,INUS,Paraparaumu,PSM05215,1980
1768146.948,5471033.7465,13014201,KWWN004718,Wastewater,3.02,3.37,1.22,4.23,4.59,WWMH,,INUS,Paraparaumu,PSM05397,2000
1768550.175,5471337.9325,13014202,KWWN004507,Wastewater,2.88,3.23,1.64,4.52,4.87,WWMH,,INUS,Paraparaumu,PSM05230,1997
1769034.559,5471484.1225,13014203,KWWN004516,Wastewater,1.95,2.3,2.17,4.12,4.47,WWVA,,INUS,Paraparaumu,PSM01400,1995
1769053.04,5468618.2835,13014204,KWWN004185,Wastewater,10.05,10.4,2.66,12.71,13.06,WWMH,,INUS,Paraparaumu,PSM03058,1975
1769932.093,5470625.1045,13014205,KWWN004805,Wastewater,,,,,,WWMH,,INUS,Paraparaumu,PSC00056,1979
1772723.708,5473995.6655,13014206,KWWN004847,Wastewater,,,,,,WWCON,,INUS,Waikanae,,
1768614.114,5470726.6905,13014207,KWWN004637,Wastewater,2.35,2.71,2.85,5.21,5.56,WWMH,,INUS,Paraparaumu,PSM05347,2000
1770756.929,5473741.3755,13014208,KWWN004472,Wastewater,8.45,8.8,3.96,12.41,12.76,WWMH,,INUS,Waikanae,WSM01274,1996
1766665.144,5469702.7855,13014209,KWWN004627,Wastewater,6.78,7.13,1,7.78,8.13,WWMH,,INUS,Paraparaumu,PSM05535,1979
1769878.097,5469600.6615,13014210,KWWN004773,Wastewater,,,,,,UNK,,PRV,Paraparaumu,PSC00028,1979
1769962.321,5470580.2255,13014211,KWWN004808,Wastewater,,,,,,WWMH,,INUS,Paraparaumu,PSC00054,1979
1780818.755,5485451.2235,13014212,KWWN004741,Wastewater,,,,,,WWMH,,INUS,Otaki,OSC00011,1979
1773850.527,5474219.8965,13014213,KWWN004483,Wastewater,11.97,12.32,1.66,13.63,13.98,WWMH,,INUS,Waikanae,WSM01281,1989
1768732.262,5470577.8595,13014214,KWWN004502,Wastewater,3.49,3.84,1.15,4.64,4.99,WWMH,,INUS,Paraparaumu,PSM05226,1997
1767182.453,5470877.7265,13014215,KWWN004761,Wastewater,,,,,,WWMH,,INUS,Paraparaumu,PSC00015,1979
1768671.197,5469235.5455,13014216,KWWN004020,Wastewater,5.41,5.76,1.2,6.61,6.96,WWMH,,INUS,Paraparaumu,PSM02829,1975
1778430.455,5486235.0265,13014217,KWWN004828,Wastewater,,,,,,WWWW,,INUS,Otaki,OSP00015,1979
1774235.177,5472904.0745,13014218,KWWN004814,Wastewater,,,,,,WWMH,,INUS,Waikanae,WSC00012,1998
1769314.236,5468159.3975,13014219,KWWN004288,Wastewater,25.06,25.41,2.04,27.1,27.45,WWMH,,INUS,Paraparaumu,PSM03232,1975
1768935.494,5468724.7765,13014220,KWWN004147,Wastewater,8.11,8.46,0.69,8.8,9.15,WWMH,,PRV,Paraparaumu,PSM02988,1975
1767528.963,5472139.3115,13014221,KWWN004763,Wastewater,,,,,,WWMH,,INUS,Paraparaumu,PSC00017,1980
1768422.909,5469890.7775,13014222,KWWN004158,Wastewater,4.59,4.95,2.32,6.92,7.27,WWMH,,INUS,Paraparaumu,PSM03009,1979
1769737.125,5471678.7025,13014223,KWWN004400,Wastewater,5.96,6.31,1.47,7.43,7.78,WWMH,,INUS,Paraparaumu,PSM05134,1981
1769868.992,5472139.0775,13014224,KWWN004777,Wastewater,,,,,,WWCON,,INUS,Paraparaumu,PSC00034,1980
1775239.309,5474024.0295,13014225,KWWN004564,Wastewater,59.85,60.2,0.84,60.69,61.04,WWMH,,INUS,Waikanae,WSM01292,1996
1769979.691,5472153.9575,13014226,KWWN004394,Wastewater,11.65,12.01,1.89,13.54,13.9,WWMH,,INUS,Paraparaumu,PSM05117,1978
1769002.732,5469598.0305,13014227,KWWN004343,Wastewater,4.1,4.45,3.5,7.6,7.95,WWMH,,INUS,Paraparaumu,PSM03303,1975
1768427.108,5469859.5225,13014228,KWWN004154,Wastewater,4.26,4.61,2.57,6.83,7.18,WWMH,,INUS,Paraparaumu,PSM02996,1979
1769105.074,5471940.6395,13014229,KWWN004782,Wastewater,,,,,,WWCE,,PRV,Paraparaumu,PSC00039,1996
1768230.984,5471069.3125,13014230,KWWN004963,Wastewater,,,,,,WWWW,,INUS,Paraparaumu,,2000
1769052.253,5467633.6415,13014231,KWWN004282,Wastewater,,,2.3,,,WWMH,,INUS,Paraparaumu,PSM03226,1979
1769841.898,5472854.0715,13014232,KWWN004373,Wastewater,2.26,2.62,1.66,3.92,4.28,WWMH,,INUS,Paraparaumu,PSM05041,1981
1781449.485,5485046.1755,13014233,KWWN004985,Wastewater,,,,,,WWMH,,INUS,Otaki,OSM00863,1979
1768379.119,5471080.9235,13014234,KWWN004518,Wastewater,2.17,2.52,2.38,4.55,4.9,WWMH,,INUS,Paraparaumu,PSM05237,1998
1770087.015,5472769.9055,13014235,KWWN004359,Wastewater,-1.46,-1.11,3.16,1.7,2.05,WWMH,,INUS,Paraparaumu,PSM05002,1981
1779184.098,5488381.6255,13014236,KWWN004745,Wastewater,,,,,,WWCON,,INUS,Otaki,OSC00005,1979
1768808.985,5469593.4975,13014237,KWWN004010,Wastewater,6.45,6.8,1.25,7.7,8.05,WWMH,,INUS,Paraparaumu,PSM02816,1975
1769382.966,5469191.1415,13014238,KWWN004055,Wastewater,7.6,7.95,2.62,10.22,10.57,WWMH,,INUS,Paraparaumu,PSM02876,1977
1766838.628,5469879.6205,13014239,KWWN004767,Wastewater,,,,,,WWMH,,INUS,Paraparaumu,PSC00022,1979
1780720.206,5486697.7175,13014240,KWWN004839,Wastewater,,,,,,WWWW,,INUS,Otaki,OSP00009,1979
1768274.181,5469543.2955,13014241,KWWN004887,Wastewater,,,,,,WWCON,,INUS,Paraparaumu,,
1769927.129,5472819.2105,13014242,KWWN004811,Wastewater,,,,,,WWCON,,INUS,Paraparaumu,PSC00061,2000
1769030.275,5469012.2685,13014243,KWWN004121,Wastewater,4.66,5.01,4.5,9.16,9.51,WWMH,,INUS,Paraparaumu,PSM02952,1975
1766382.603,5466441.0645,13014244,KWWN004919,Wastewater,,,,,,WWWW,,INUS,Paraparaumu,PSP00066,1979
1768139.284,5467446.2705,13014245,KWWN004642,Wastewater,6.5,6.85,1.25,7.76,8.1,WWMH,,INUS,Paraparaumu,PSM05353,2000
1768933.205,5468726.2715,13014246,KWWN004146,Wastewater,8.08,8.44,0.79,8.88,9.23,WWMH,,PRV,Paraparaumu,PSM02987,1975
1769589.923,5472726.2425,13014247,KWWN004862,Wastewater,,,,,,WWWW,,INUS,Paraparaumu,PSP00006,1980
1771542.74,5473551.6885,13014248,KWWN004788,Wastewater,,,,,,WWCON,,INUS,Waikanae,WSC00006,1980
1772139.051,5475730.3955,13014249,KWWN004458,Wastewater,3.17,3.53,1.03,4.2,4.56,WWMH,,INUS,Waikanae,WSM01261,1997
1769453.368,5467471.3705,13014250,KWWN004319,Wastewater,59.16,59.51,1.99,61.15,61.5,WWMH,,INUS,Paraparaumu,PSM03267,1975
1769209.905,5467704.5785,13014251,KWWN004326,Wastewater,41.2,41.55,1.29,42.49,42.84,WWMH,,INUS,Paraparaumu,PSM03274,1975
1769668.585,5469363.0195,13014252,KWWN004114,Wastewater,8.33,8.68,0.76,9.09,9.44,WWMH,,INUS,Paraparaumu,PSM05530,1980
1769834.113,5472808.3235,13014253,KWWN004372,Wastewater,3.31,3.67,1.26,4.57,4.93,WWMH,,INUS,Paraparaumu,PSM05040,1981
1769341.953,5471336.4315,13014254,KWWN004860,Wastewater,,,,,,WWWW,,INUS,Paraparaumu,PSP00004,1980
1770328.491,5473205.2335,13014255,KWWN004964,Wastewater,,,,,,WWCON,,INUS,Waikanae,,
1768768.202,5468020.7345,13014256,KWWN004276,Wastewater,,,,,,WWCE,,INUS,Paraparaumu,PSM03214,2019
1768254.48,5467876.8765,13014257,KWWN005123,Wastewater,5.05,5.4,1.3,6.35,6.7,WWCE,,INUS,Paraparaumu,PSM00930,1980
1768218.312,5471170.0575,13014258,KWWN004465,Wastewater,4.04,4.39,0.76,4.8,5.15,WWMH,,INUS,Paraparaumu,PSM05209,1998
1770377.677,5473227.1515,13014259,KWWN004651,Wastewater,1.63,1.99,2.25,3.88,4.24,WWMH,,INUS,Waikanae,WSM01304,1999
1768882.962,5468409.9445,13014260,KWWN004208,Wastewater,9.97,10.32,1.58,11.55,11.9,WWMH,,INUS,Paraparaumu,PSM03101,1977
1769335.28,5467904.9355,13014261,KWWN004309,Wastewater,40.32,40.66,1.29,41.61,41.95,WWMH,,INUS,Paraparaumu,PSM03257,1975
1767258.099,5467343.7935,13014262,KWWN004493,Wastewater,6.24,6.59,1.29,7.53,7.88,WWMH,,INUS,Paraparaumu,PSM05532,1979
1766986.965,5469557.3975,13014263,KWWN005105,Wastewater,,,,,,WWMH,,INUS,Paraparaumu,PSM00781,1980
1778065.006,5487077.3155,13014264,KWWN004587,Wastewater,2.05,2.42,2.51,4.56,4.93,WWMH,,INUS,Otaki,OSM00106,1978
1766688.498,5469706.1325,13014265,KWWN005112,Wastewater,,,,,,WWMH,,INUS,Paraparaumu,PSM00825,1979
1768314.372,5468252.9985,13014266,KWWN004932,Wastewater,,,,,,WWCON,,INUS,Paraparaumu,,
1772462.645,5475938.5435,13014267,KWWN004956,Wastewater,,,,,,WWCON,,INUS,Waikanae,,2001
1768073.228,5470258.3695,13014268,KWWN004531,Wastewater,4.63,4.98,0.88,5.51,5.86,WWMH,,PRV,Paraparaumu,PSM05252,1998
1767230.535,5471892.2015,13014269,KWWN004562,Wastewater,1.27,1.62,1.33,2.6,2.95,WWMH,,INUS,Paraparaumu,PSM02433,1979
1768900.803,5468384.9535,13014270,KWWN004209,Wastewater,,,,,,WWCON,,INUS,Paraparaumu,PSM03102,1979
1767884.355,5467807.2595,13014271,KWWN005121,Wastewater,3.72,4.06,1.02,4.74,5.08,WWCE,,INUS,Paraparaumu,PSM00917,1980
1768727.379,5467942.7545,13014272,KWWN004278,Wastewater,,,,,,WWCE,,INUS,Paraparaumu,PSM03216,1979
1767258.278,5467242.2485,13014273,KWWN004574,Wastewater,5.52,5.88,0.94,6.46,6.82,WWMH,,INUS,Paraparaumu,PSM05291,1998
1769354.604,5469597.1675,13014274,KWWN004085,Wastewater,6.94,7.29,1.42,8.36,8.71,WWMH,,INUS,Paraparaumu,PSM02910,1977
1767846.008,5469241.0185,13014275,KWWN004663,Wastewater,4.88,5.23,2.64,7.52,7.87,WWMH,,INUS,Paraparaumu,PSM05364,2000
1769084.88,5469524.8245,13014276,KWWN004032,Wastewater,6.42,6.77,0.94,7.36,7.71,WWMH,,INUS,Paraparaumu,PSM02847,1987
1769904.472,5472609.2305,13014277,KWWN004371,Wastewater,1.27,1.63,1.06,2.33,2.69,WWMH,,INUS,Paraparaumu,PSM05038,1981
1769072.178,5468644.0175,13014278,KWWN004184,Wastewater,9.02,9.38,3.24,12.26,12.62,WWMH,,INUS,Paraparaumu,PSM03057,1975
1772723.268,5473993.0155,13014279,KWWN004853,Wastewater,,,,,,WWCON,,INUS,Waikanae,,
1766132.888,5465577.7815,13014280,KWWN004923,Wastewater,,,,,,WWWW,,INUS,Paraparaumu,PSP00070,1979
1769620.118,5469872.7915,13014281,KWWN004091,Wastewater,6.17,6.53,1.04,7.21,7.57,WWMH,,INUS,Paraparaumu,PSM02918,1977
1772130.209,5475683.2195,13014282,KWWN004457,Wastewater,3.51,3.87,1.05,4.56,4.92,WWMH,,INUS,Waikanae,WSM01260,1997
1767890.53,5468217.5085,13014283,KWWN004350,Wastewater,0.98,1.33,3.76,4.74,5.09,WWMH,,INUS,Paraparaumu,PSM03311,1980
1769476.058,5468422.8495,13014284,KWWN005135,Wastewater,17.35,17.7,0.65,18,18.35,WWCE,,INUS,Paraparaumu,PSM01103,1975
1768346.038,5471358.7025,13014285,KWWN004619,Wastewater,2.64,2.99,1.32,3.96,4.31,WWMH,,INUS,Paraparaumu,PSM05334,1999
1769689.873,5469317.1325,13014286,KWWN004250,Wastewater,7,7.35,2.81,9.81,10.16,WWMH,,INUS,Paraparaumu,PSM03181,1986
1767885.034,5472271.6585,13014287,KWWN004045,Wastewater,3.88,4.24,0.82,4.7,5.06,WWMH,,INUS,Paraparaumu,PSM02866,1979
1768412.951,5471207.8875,13014288,KWWN004626,Wastewater,3.5,3.85,0.74,4.24,4.59,WWMH,,INUS,Paraparaumu,PSM05337,2000
1768862.864,5469122.0375,13014289,KWWN004103,Wastewater,3.3,3.65,3.34,6.64,6.99,WWMH,,INUS,Paraparaumu,PSM02931,1975
1769372.587,5467715.1615,13014290,KWWN004313,Wastewater,41.32,41.67,1.25,42.57,42.92,WWMH,,INUS,Paraparaumu,PSM03261,1975
1767739.159,5466739.5855,13014291,KWWN005127,Wastewater,,,,,,WWMH,,INUS,Paraparaumu,PSM00982,1980
1768942.292,5468839.5375,13014292,KWWN004128,Wastewater,5.41,5.77,1.7,7.11,7.47,WWMH,,INUS,Paraparaumu,PSM02962,1975
1768222.838,5471075.6765,13014293,KWWN004816,Wastewater,,,,,,WWMH,,INUS,Paraparaumu,PSC05358,1980
1768181.747,5471204.3045,13014294,KWWN004463,Wastewater,3.77,4.12,1.45,5.22,5.57,WWMH,,INUS,Paraparaumu,PSM05208,1998
1768315.712,5468253.7015,13014295,KWWN004921,Wastewater,,,,,,WWCON,,INUS,Paraparaumu,,
1768772.487,5469431.1745,13014296,KWWN004030,Wastewater,3.21,3.56,3.48,6.69,7.04,WWMH,,INUS,Paraparaumu,PSM02842,1975
1766500.166,5466243.1165,13014297,KWWN004926,Wastewater,,,,,,WWWW,,INUS,Paraparaumu,PSP00073,1979
1780183.186,5485666.6725,13014298,KWWN004850,Wastewater,,,,,,WWCON,,INUS,Otaki,,
1767350.975,5467257.5545,13014299,KWWN004580,Wastewater,4.7,5.04,1.87,6.57,6.92,WWMH,,INUS,Paraparaumu,PSM05286,1980
1769402.483,5469381.4085,13014300,KWWN004059,Wastewater,9.55,9.9,2.49,12.04,12.39,WWMH,,INUS,Paraparaumu,PSM02881,1977
1767323.286,5466980.3585,13014301,KWWN004689,Wastewater,17.75,18.1,1.83,19.58,19.93,WWMH,,INUS,Paraparaumu,PSM05387,2000
1766544.909,5467783.4145,13014302,KWWN004355,Wastewater,4.48,4.83,2.94,7.42,7.77,WWMH,,INUS,Paraparaumu,PSM03317,1978
1767857.019,5470344.1175,13014303,KWWN004879,Wastewater,,,,,,WWCON,,INUS,Paraparaumu,,
1768983.012,5469636.4115,13014304,KWWN004002,Wastewater,6.37,6.72,2.01,8.38,8.73,WWMH,,INUS,Paraparaumu,PSM02808,1977
1780837.235,5486003.0675,13014305,KWWN004973,Wastewater,8.23,8.6,1.08,9.31,9.68,WWMH,,INUS,Otaki,OSM00845,1979
1768326.137,5471382.2065,13014306,KWWN004620,Wastewater,3.33,3.68,1.27,4.6,4.95,WWMH,,INUS,Paraparaumu,PSM05335,1999
1768276.407,5471126.8885,13014307,KWWN004650,Wastewater,3.29,3.64,0.85,4.14,4.49,WWMH,,INUS,Paraparaumu,PSM05354,2000
1768221.168,5472322.5525,13014308,KWWN004781,Wastewater,,,,,,WWMH,,INUS,Paraparaumu,PSC00038,1980
1766742.494,5467918.3555,13014309,KWWN005067,Wastewater,,,,,,WWMH,,INUS,Paraparaumu,PSM00436,1979
1770055.693,5470418.1715,13014310,KWWN004835,Wastewater,,,,,,WWCON,,INUS,Paraparaumu,,
1767968.786,5472261.8035,13014311,KWWN004042,Wastewater,4.18,4.54,1.64,5.82,6.18,WWMH,,INUS,Paraparaumu,PSM02862,1978
1768226.518,5471078.7985,13014312,KWWN004648,Wastewater,2.27,2.62,1.51,3.78,4.13,WWMH,,INUS,Paraparaumu,PSM05358,2000
1768701.893,5468922.0705,13014313,KWWN004099,Wastewater,5.35,5.7,0.94,6.29,6.64,WWMH,,INUS,Paraparaumu,PSM02926,1979
1768983.699,5470589.6605,13014314,KWWN004540,Wastewater,4,4.35,1.08,5.08,5.43,WWMH,,INUS,Paraparaumu,PSM05265,1999
1775286.939,5473910.2035,13014315,KWWN004571,Wastewater,75.68,76.03,2.34,78.02,78.37,WWMH,,INUS,Waikanae,WSM01289,2001
1769360.567,5468919.8535,13014316,KWWN004943,Wastewater,,,,,,WWCON,,INUS,Paraparaumu,,
1769550.51,5468616.3545,13014317,KWWN004214,Wastewater,12.96,13.31,1.66,14.62,14.97,WWMH,,INUS,Paraparaumu,PSM03132,1975
1768277.081,5471168.8095,13014318,KWWN004591,Wastewater,3.26,3.61,1,4.26,4.61,WWMH,,INUS,Paraparaumu,PSM05302,1999
1769191.167,5469098.3285,13014319,KWWN004117,Wastewater,7.45,7.8,1.39,8.84,9.19,WWMH,,INUS,Paraparaumu,PSM02948,1975
1769131.599,5468442.5045,13014320,KWWN004292,Wastewater,13.96,14.31,2.23,16.19,16.54,WWMH,,INUS,Paraparaumu,PSM03237,1975
1781412.688,5485359.6205,13014321,KWWN004984,Wastewater,,,,,,WWMH,,INUS,Otaki,OSM00861,1979
1769032.614,5468344.5905,13014322,KWWN005126,Wastewater,13.66,14.01,0.75,14.41,14.76,WWMH,,INUS,Paraparaumu,PSM00962,1979
1768587.182,5469437.9745,13014323,KWWN004013,Wastewater,4.95,5.3,1.74,6.69,7.04,WWMH,,INUS,Paraparaumu,PSM02820,1975
1769254.734,5469353.2315,13014324,KWWN004050,Wastewater,5.85,6.2,3.4,9.25,9.6,WWMH,,INUS,Paraparaumu,PSM02871,1977
1768882.912,5468697.9425,13014325,KWWN004138,Wastewater,6.47,6.83,2.16,8.63,8.99,WWMH,,INUS,Paraparaumu,PSM02972,1975
1768278.123,5467847.1265,13014326,KWWN004335,Wastewater,4.6,4.95,2.09,6.69,7.04,WWMH,,INUS,Paraparaumu,PSM03291,1980
1767899.539,5469427.0825,13014327,KWWN004533,Wastewater,4.01,4.37,1.88,5.89,6.25,WWMH,,INUS,Paraparaumu,PSM05254,1999
1768568.066,5469975.2115,13014328,KWWN004886,Wastewater,,,,,,WWCON,,INUS,Paraparaumu,,
1768953.151,5468688.5755,13014329,KWWN004149,Wastewater,8.85,9.2,0.57,9.42,9.77,WWMH,,PRV,Paraparaumu,PSM02990,1975
1768745.124,5469288.2795,13014330,KWWN004019,Wastewater,4.8,5.15,1.88,6.68,7.03,WWMH,,INUS,Paraparaumu,PSM02828,1975
1780890.456,5486486.8825,13014331,KWWN004840,Wastewater,,,,,,WWWW,,INUS,Otaki,OSP00006,1979
1771827.935,5475699.1555,13014332,KWWN004715,Wastewater,2.56,2.92,1.39,3.95,4.31,WWMH,,INUS,Waikanae,WSM01317,1979
1768228.317,5471076.3245,13014333,KWWN004649,Wastewater,2.25,2.6,1.68,3.93,4.28,WWMH,,INUS,Paraparaumu,PSM05359,1980
1766707.992,5467887.3765,13014334,KWWN005068,Wastewater,,,,,,WWMH,,INUS,Paraparaumu,PSM00444,1979
1780225.071,5486135.0715,13014335,KWWN004969,Wastewater,,,,,,WWMH,,INUS,Otaki,OSM00844,1979
1767718.073,5469391.5765,13014336,KWWN004583,Wastewater,2.54,2.89,2.46,5,5.35,WWMH,,INUS,Paraparaumu,PSM05297,1999
1770617.599,5473751.9665,13014337,KWWN004466,Wastewater,8.01,8.37,4.38,12.39,12.75,WWMH,,INUS,Waikanae,WSM01268,1996
1769207.606,5468010.7385,13014338,KWWN004296,Wastewater,31.18,31.52,1.31,32.49,32.83,WWMH,,INUS,Paraparaumu,PSM03241,1975
1768153.228,5470320.1435,13014339,KWWN004884,Wastewater,,,,,,WWWW,,INUS,Paraparaumu,,
1769077.528,5467682.7665,13014340,KWWN004285,Wastewater,28.11,28.46,3.42,31.53,31.88,WWMH,,INUS,Paraparaumu,PSM03229,1979
1770717.448,5473747.6215,13014341,KWWN004471,Wastewater,8.23,8.59,5.55,13.78,14.14,WWMH,,INUS,Waikanae,WSM01273,1996
1768026.947,5470238.3465,13014342,KWWN004530,Wastewater,4.29,4.65,1.35,5.64,6,WWMH,,PRV,Paraparaumu,PSM05250,1998
1769434.346,5468672.0405,13014343,KWWN004347,Wastewater,13.86,14.21,1.72,15.58,15.93,WWMH,,INUS,Paraparaumu,PSM03307,1975
1768836.439,5472862.4515,13014344,KWWN004446,Wastewater,0.35,0.7,3.19,3.54,3.89,WWMH,,INUS,Paraparaumu,PSM01424,1996
1779947.433,5485531.6855,13014345,KWWN004736,Wastewater,,,,,,WWMH,,INUS,Otaki,OSC00022,1979
1768010.462,5469332.4755,13014346,KWWN004452,Wastewater,5.1,5.46,1.58,6.68,7.04,WWMH,,INUS,Paraparaumu,PSM05203,1997
1769494.879,5471469.8955,13014347,KWWN004405,Wastewater,3.94,4.29,2.03,5.97,6.32,WWMH,,INUS,Paraparaumu,PSM05147,1981
1766975.761,5466546.3995,13014348,KWWN004996,Wastewater,,,,,,WWMH,,PRV,Paraparaumu,PSM00012,1979
1767256.577,5467137.8225,13014349,KWWN004579,Wastewater,5.99,6.34,1.01,7,7.35,WWMH,,INUS,Paraparaumu,PSM05294,1998
1771014.822,5474112.6735,13014350,KWWN004954,Wastewater,,,,,,WWWW,,INUS,Waikanae,WSP00009,1979
1769483.721,5469470.4495,13014351,KWWN004060,Wastewater,13.49,13.84,1.27,14.76,15.11,WWMH,,INUS,Paraparaumu,PSM02882,1977
1769844.079,5470679.7655,13014352,KWWN004807,Wastewater,,,,,,WWMH,,INUS,Paraparaumu,PSC00055,1979
1767357.512,5467311.8305,13014353,KWWN004492,Wastewater,4.22,4.56,1.63,5.85,6.19,WWMH,,INUS,Paraparaumu,PSM05217,1979
1769073.817,5468519.4965,13014354,KWWN004190,Wastewater,12.82,13.17,1.54,14.36,14.71,WWMH,,INUS,Paraparaumu,PSM03073,1975
1766512.752,5467223.1325,13014355,KWWN004912,Wastewater,,,,,,WWWW,,INUS,Paraparaumu,PSP00059,1979
1768839.039,5470478.2375,13014356,KWWN004505,Wastewater,8.9,9.25,0.64,9.54,9.89,WWMH,,INUS,Paraparaumu,PSM05222,1997
1773922.61,5472750.9785,13014357,KWWN004675,Wastewater,27.96,28.31,0.89,28.85,29.2,WWMH,,INUS,Waikanae,WSM01310,1979
1774274.737,5473060.2985,13014358,KWWN004672,Wastewater,29.74,30.09,1.22,30.96,31.31,WWMH,,INUS,Waikanae,WSM01307,1979
1780066.922,5485502.8135,13014359,KWWN004732,Wastewater,,,,,,WWMH,,INUS,Otaki,OSC00018,1979
1769014.05,5469913.8895,13014360,KWWN004665,Wastewater,7.35,7.7,0.52,7.87,8.22,WWMH,,PRV,Paraparaumu,PSM05367,1979
1768150.137,5471126.5565,13014361,KWWN004464,Wastewater,4.37,4.72,2.08,6.45,6.8,WWMH,,INUS,Paraparaumu,PSM05210,1998
1769850.88,5470622.0735,13014362,KWWN004776,Wastewater,,,,,,WWMH,,INUS,Paraparaumu,PSC00032,1979
1769088.014,5468952.3395,13014363,KWWN004122,Wastewater,6.96,7.31,2.95,9.91,10.26,WWMH,,INUS,Paraparaumu,PSM02953,1975
1768276.545,5471142.7355,13014364,KWWN004801,Wastewater,,,,,,WWMH,,INUS,Paraparaumu,PSC00051,1999
1768315.172,5468254.1825,13014365,KWWN004914,Wastewater,,,,,,WWCON,,INUS,Paraparaumu,,
1768301.339,5467830.9445,13014366,KWWN004334,Wastewater,,,2.78,,,WWMH,,INUS,Paraparaumu,PSM03290,1980
1769340.726,5467535.6885,13014367,KWWN004317,Wastewater,50.17,50.51,1.43,51.6,51.94,WWMH,,INUS,Paraparaumu,PSM03265,1975
1770180.833,5472728.8675,13014368,KWWN004361,Wastewater,2.8,3.16,3.47,6.27,6.63,WWMH,,INUS,Paraparaumu,PSM05009,1981
1766760.826,5469984.5085,13014369,KWWN004549,Wastewater,3.27,3.63,1.37,4.64,5,WWMH,,INUS,Paraparaumu,PSM05273,1998
1767934.93,5469424.9035,13014370,KWWN004797,Wastewater,,,,,,WWMH,,INUS,Paraparaumu,PSC00044,1980
1768745.846,5469548.6085,13014371,KWWN004011,Wastewater,5.4,5.75,2.01,7.41,7.76,WWMH,,INUS,Paraparaumu,PSM02817,1975
1768530.102,5471290.4675,13014372,KWWN004509,Wastewater,3.54,3.89,1.29,4.83,5.18,WWMH,,INUS,Paraparaumu,PSM05228,1997
1767855.315,5470342.1645,13014373,KWWN004881,Wastewater,,,,,,WWCON,,INUS,Paraparaumu,,
1769248.141,5467677.8865,13014374,KWWN004325,Wastewater,43.31,43.65,1.04,44.35,44.69,WWMH,,INUS,Paraparaumu,PSM03273,1975
1768479.056,5469897.1535,13014375,KWWN004162,Wastewater,3.84,4.19,2.77,6.61,6.96,WWMH,,INUS,Paraparaumu,PSM03015,1979
1780711.598,5486129.8485,13014376,KWWN004979,Wastewater,7.17,7.54,1.24,8.41,8.78,WWMH,,INUS,Otaki,OSM00860,1979
1771013.804,5474111.0165,13014377,KWWN004950,Wastewater,,,,,,WWCON,,INUS,Waikanae,,2014
1766793.357,5469025.8125,13014378,KWWN004723,Wastewater,7.58,7.93,2.11,9.69,10.04,WWMH,,INUS,Paraparaumu,PSM05402,1980
1768752.763,5470464.0495,13014379,KWWN004498,Wastewater,1.95,2.3,2.52,4.47,4.82,WWMH,,INUS,Paraparaumu,PSM05219,1997
1769545.211,5468595.9995,13014380,KWWN004216,Wastewater,13.48,13.84,1.5,14.98,15.34,WWMH,,INUS,Paraparaumu,PSM03134,1975
1767449.015,5467291.1315,13014381,KWWN004491,Wastewater,6.55,6.89,1.48,8.03,8.37,WWMH,,INUS,Paraparaumu,PSM05218,1979
1778064.796,5486863.1715,13014382,KWWN004966,Wastewater,1.84,2.21,1.36,3.2,3.57,WWMH,,INUS,Otaki,OSM00854,1979
1768581.154,5471370.6185,13014383,KWWN004506,Wastewater,2.52,2.88,2.08,4.6,4.96,WWMH,,INUS,Paraparaumu,PSM05231,1997
1767178.679,5468699.8755,13014384,KWWN004903,Wastewater,,,,,,WWCON,,INUS,Paraparaumu,,
1768857.96,5472793.0905,13014385,KWWN004445,Wastewater,-0.03,0.33,3.77,3.74,4.09,WWMH,,INUS,Paraparaumu,PSM01425,1996
1769059.633,5469638.6375,13014386,KWWN004003,Wastewater,4.45,4.8,3.37,7.82,8.17,WWMH,,INUS,Paraparaumu,PSM02809,1977
1766708.475,5469467.6645,13014387,KWWN004895,Wastewater,,,,,,WWCON,,INUS,Paraparaumu,,
1769877.026,5469602.3215,13014388,KWWN004772,Wastewater,,,,,,WWCON,,PRV,Paraparaumu,PSC00027,1979
1767491.238,5468026.4725,13014389,KWWN005073,Wastewater,,,,,,WWCE,,INUS,Paraparaumu,PSM00489,1979
1779306.332,5488057.3975,13014390,KWWN004827,Wastewater,,,,,,WWCON,,INUS,Otaki,,
1767234.709,5467287.8495,13014391,KWWN004582,Wastewater,5.56,5.91,1.32,6.88,7.23,WWMH,,INUS,Paraparaumu,PSM05289,1980
1768771.992,5468300.5435,13014392,KWWN004556,Wastewater,,,,,,WWMH,,PRV,Paraparaumu,PSM05281,1979
1766496.993,5467589.4515,13014393,KWWN005061,Wastewater,,,,,,WWCE,,INUS,Paraparaumu,PSM00412,1978
1768324.952,5469665.0285,13014394,KWWN004151,Wastewater,6.02,6.38,2.18,8.21,8.56,WWMH,,INUS,Paraparaumu,PSM02993,1979
1766841.469,5469737.4125,13014395,KWWN004893,Wastewater,,,,,,WWCON,,INUS,Paraparaumu,,
1769340.093,5468099.7805,13014396,KWWN004293,Wastewater,29.4,29.75,1.46,30.86,31.21,WWMH,,INUS,Paraparaumu,PSM03238,1975
1768823.911,5468756.0405,13014397,KWWN004135,Wastewater,5.97,6.32,2.05,8.02,8.37,WWMH,,INUS,Paraparaumu,PSM02969,1975
1769163.055,5471053.9205,13014398,KWWN004754,Wastewater,,,,,,WWCON,,INUS,Paraparaumu,PSC00007,1980
1769197.536,5469435.6955,13014399,KWWN004049,Wastewater,5.53,5.88,3.45,8.98,9.33,WWMH,,INUS,Paraparaumu,PSM02870,1977
1769894.633,5472836.4415,13014400,KWWN004374,Wastewater,1.31,1.67,1.04,2.35,2.71,WWMH,,INUS,Paraparaumu,PSM05044,1981
1767370.005,5467231.2365,13014401,KWWN004800,Wastewater,,,,,,WWMH,,INUS,Paraparaumu,PSC00046,1979
1766530.332,5467871.5185,13014402,KWWN005063,Wastewater,,,,,,WWCE,,INUS,Paraparaumu,PSM00423,1979
1769676.117,5469362.5515,13014403,KWWN004942,Wastewater,,,,,,WWCON,,INUS,Paraparaumu,,
1769405.519,5467859.1865,13014404,KWWN004306,Wastewater,42.37,42.72,2.48,44.85,45.2,WWMH,,INUS,Paraparaumu,PSM03254,1975
1767841.8,5471233.5245,13014405,KWWN004874,Wastewater,,,,,,WWCON,,INUS,Paraparaumu,,
1769228.792,5468971.1785,13014406,KWWN004174,Wastewater,7.11,7.47,2.09,9.2,9.56,WWMH,,INUS,Paraparaumu,PSM03041,1975
1769120.277,5469081.9345,13014407,KWWN004118,Wastewater,8,8.35,1.62,9.62,9.97,WWMH,,INUS,Paraparaumu,PSM02949,1975
1769345.139,5467849.8605,13014408,KWWN004307,Wastewater,42.79,43.14,1.61,44.4,44.75,WWMH,,INUS,Paraparaumu,PSM03255,1975
1782062.915,5485615.9145,13014409,KWWN004987,Wastewater,,,1.27,,,WWMH,,INUS,Otaki,OSM00862,
1780184.639,5485664.5905,13014410,KWWN004958,Wastewater,,,,,,WWCON,,INUS,Otaki,,
1769247.567,5468735.7365,13014411,KWWN004197,Wastewater,8.95,9.3,3.42,12.37,12.72,WWMH,,INUS,Paraparaumu,PSM03088,1975
1769763.088,5469888.6075,13014412,KWWN004078,Wastewater,8.02,8.37,0.88,8.9,9.25,WWMH,,INUS,Paraparaumu,PSM02903,1977
1768897.649,5467633.4755,13014413,KWWN004269,Wastewater,34.8,35.15,0.8,35.6,35.95,WWMH,,INUS,Paraparaumu,PSM03205,1993
1766744.739,5469278.9855,13014414,KWWN005106,Wastewater,,,1.16,,,WWMH,,INUS,Paraparaumu,PSM00790,1980
1769313.373,5467476.3645,13014415,KWWN004321,Wastewater,50.32,50.67,0.61,50.93,51.28,WWMH,,INUS,Paraparaumu,PSM03269,1976
1769078.555,5471520.2605,13014416,KWWN004514,Wastewater,3.14,3.49,1.27,4.41,4.76,WWMH,,INUS,Paraparaumu,PSM05234,1997
1769022.385,5467533.9625,13014417,KWWN004258,Wastewater,37.32,37.66,1.14,38.46,38.8,WWMH,,INUS,Paraparaumu,PSM03190,1979
1768775.096,5469507.4335,13014418,KWWN004024,Wastewater,4.68,5.04,3.1,7.78,8.14,WWMH,,INUS,Paraparaumu,PSM02833,1975
1770244.518,5473196.4175,13014419,KWWN004653,Wastewater,1.53,1.89,2.43,3.96,4.32,WWMH,,INUS,Waikanae,WSM01301,1999
1767842.191,5471234.9155,13014420,KWWN004875,Wastewater,,,,,,WWCON,,INUS,Paraparaumu,,
1769494.62,5471480.8815,13014421,KWWN004404,Wastewater,4.34,4.69,1.83,6.17,6.52,WWMH,,INUS,Paraparaumu,PSM05146,1981
1769558.65,5468701.9295,13014422,KWWN004213,Wastewater,11.31,11.66,1.28,12.59,12.94,WWMH,,INUS,Paraparaumu,PSM03131,1975
1772724.078,5473996.4285,13014423,KWWN004845,Wastewater,5.64,6,2.2,7.84,8.2,WWWW,,INUS,Waikanae,,
1769542.338,5468554.8555,13014424,KWWN004344,Wastewater,13.72,14.07,1.63,15.35,15.7,WWMH,,INUS,Paraparaumu,PSM03304,1975
1768870.849,5472527.0335,13014425,KWWN004609,Wastewater,6.66,7.01,1.4,8.05,8.41,WWMH,,INUS,Paraparaumu,PSM05312,1999
1767633.93,5469223.4025,13014426,KWWN004817,Wastewater,4.26,4.61,1.85,6.11,6.46,WWMH,,INUS,Paraparaumu,PSC00064,1980
1771909.88,5475733.2705,13014427,KWWN004710,Wastewater,3.09,3.45,1.36,4.45,4.81,WWMH,,INUS,Waikanae,WSM01312,1979
1767225.728,5472156.6985,13014428,KWWN004553,Wastewater,1.39,1.75,1.29,2.68,3.04,WWMH,,INUS,Paraparaumu,PSM05275,1999
1768203.982,5468006.8085,13014429,KWWN005130,Wastewater,5.75,6.1,2.5,8.25,8.6,WWCE,,INUS,Paraparaumu,PSM01010,1981
1767931.026,5472230.6835,13014430,KWWN004041,Wastewater,4.65,5.01,1.29,5.94,6.3,WWMH,,INUS,Paraparaumu,PSM02860,1979
1769900.244,5472153.5065,13014431,KWWN004390,Wastewater,,,,,,WWCE,,INUS,Paraparaumu,PSM05113,1978
1769672.172,5469354.8135,13014432,KWWN004939,Wastewater,,,,,,WWMH,,INUS,Paraparaumu,,
1768397.625,5471093.2775,13014433,KWWN004517,Wastewater,2.28,2.63,1.84,4.12,4.47,WWMH,,INUS,Paraparaumu,PSM05238,1998
1768367.147,5469951.6745,13014434,KWWN004159,Wastewater,5.23,5.58,2.02,7.25,7.61,WWMH,,INUS,Paraparaumu,PSM03011,1986
1769298.831,5469092.8585,13014435,KWWN004056,Wastewater,9.7,10.05,1.04,10.74,11.09,WWMH,,INUS,Paraparaumu,PSM02878,1977
1773826.835,5474325.8725,13014436,KWWN004487,Wastewater,7.82,8.17,1.55,9.37,9.72,WWMH,,INUS,Waikanae,WSM01285,1988
1770309.979,5473201.3925,13014437,KWWN004652,Wastewater,0.95,1.3,3.02,3.97,4.32,WWMH,,INUS,Waikanae,WSM01303,1999
1768894.522,5468976.0915,13014438,KWWN004124,Wastewater,8.43,8.78,1.32,9.75,10.1,WWMH,,INUS,Paraparaumu,PSM02958,1975
1780799.225,5485477.1955,13014439,KWWN004742,Wastewater,,,,,,WWMH,,INUS,Otaki,OSC00012,1979
1768498.467,5469947.2285,13014440,KWWN004163,Wastewater,4.2,4.55,1.94,6.14,6.49,WWMH,,INUS,Paraparaumu,PSM03016,1979
1768894.661,5467881.3645,13014441,KWWN004272,Wastewater,62.55,62.89,2.29,64.83,65.18,WWMH,,INUS,Paraparaumu,PSM03208,1979
1769137.778,5468370.9175,13014442,KWWN004700,Wastewater,14.65,15.01,1.91,16.56,16.92,WWMH,,INUS,Paraparaumu,PSM05388,1999
1772462.58,5475943.2955,13014443,KWWN004936,Wastewater,,,,,,WWCON,,INUS,Waikanae,,2001
1768951.331,5469560.5825,13014444,KWWN004342,Wastewater,3.81,4.17,4.32,8.13,8.48,WWMH,,INUS,Paraparaumu,PSM03302,1975
1769675.476,5469362.9985,13014445,KWWN004941,Wastewater,,,,,,WWCON,,INUS,Paraparaumu,,
1767274.019,5467203.7225,13014446,KWWN004577,Wastewater,5.39,5.74,0.85,6.24,6.59,WWMH,,INUS,Paraparaumu,PSM05292,1998
1766458.465,5467415.8795,13014447,KWWN004911,Wastewater,,,,,,WWWW,,INUS,Paraparaumu,PSP00058,1978
1769711.415,5472764.7195,13014448,KWWN004377,Wastewater,1.76,2.12,1.56,3.32,3.68,WWMH,,INUS,Paraparaumu,PSM05059,1981
1780386.253,5486082.8875,13014449,KWWN004977,Wastewater,6.2,6.57,1.12,7.32,7.69,WWMH,,INUS,Otaki,OSM00852,1979
1769323.462,5468219.9235,13014450,KWWN004287,Wastewater,23.86,24.2,1.53,25.39,25.73,WWMH,,INUS,Paraparaumu,PSM03231,1975
1768913.254,5472461.3245,13014451,KWWN004613,Wastewater,5.72,6.08,1.04,6.76,7.12,WWMH,,INUS,Paraparaumu,PSM05314,1999
1780190.808,5486024.0795,13014452,KWWN004833,Wastewater,,,,,,WWWW,,INUS,Otaki,OSP00011,1979
1767015.411,5468313.8225,13014453,KWWN004902,Wastewater,,,,,,WWWW,,INUS,Paraparaumu,,
1767719.912,5469273.8075,13014454,KWWN004661,Wastewater,3.45,3.8,2.28,5.73,6.08,WWMH,,INUS,Paraparaumu,PSM05360,2000
1769269.956,5469219.4075,13014455,KWWN004057,Wastewater,7.44,7.79,1.48,8.92,9.28,WWMH,,INUS,Paraparaumu,PSM02879,1977
1767778.72,5469443.9495,13014456,KWWN004537,Wastewater,3.12,3.47,2.08,5.2,5.55,WWMH,,INUS,Paraparaumu,PSM05259,1999
1768356.411,5469617.6685,13014457,KWWN004166,Wastewater,6.38,6.73,2.03,8.41,8.76,WWMH,,INUS,Paraparaumu,PSM03025,1979
1769659.345,5469368.3045,13014458,KWWN004112,Wastewater,8.66,9.01,0.49,9.15,9.5,WWMH,,INUS,Paraparaumu,PSM05529,1986
1779034.889,5486288.0075,13014459,KWWN004967,Wastewater,,,,,,WWMH,,INUS,Otaki,OSM00855,1979
1768757.231,5468900.3935,13014460,KWWN004157,Wastewater,5.6,5.95,1.57,7.17,7.52,WWMH,,INUS,Paraparaumu,PSM03007,1979
1768251.863,5470547.3575,13014461,KWWN004882,Wastewater,,,,,,WWWW,,INUS,Paraparaumu,PSP00028,1980
1771921.151,5475737.8835,13014462,KWWN004711,Wastewater,3.22,3.58,1.52,4.74,5.1,WWMH,,INUS,Waikanae,WSM01313,2000
1766970.582,5470692.8225,13014463,KWWN004768,Wastewater,,,,,,WWMH,,INUS,Paraparaumu,PSC00023,1979
1768231.427,5467509.7525,13014464,KWWN004938,Wastewater,,,,,,WWWW,,INUS,Paraparaumu,PSP00085,1980
1780543.875,5486132.0805,13014465,KWWN004972,Wastewater,6.48,6.85,1.08,7.56,7.93,WWCE,,INUS,Otaki,OSM00842,1979
1769505.949,5471468.7725,13014466,KWWN004406,Wastewater,4.57,4.92,1.11,5.68,6.03,WWMH,,INUS,Paraparaumu,SPSM05148,1981
1769280.212,5469043.6985,13014467,KWWN004175,Wastewater,8.22,8.57,1.87,10.09,10.44,WWMH,,INUS,Paraparaumu,PSM03042,1975
1767809.183,5469370.1785,13014468,KWWN004585,Wastewater,11.15,11.5,1.26,12.41,12.76,WWMH,,INUS,Paraparaumu,PSM05296,1999
1767180.03,5467309.9925,13014469,KWWN004666,Wastewater,14.1,14.45,1.14,15.24,15.59,WWMH,,PRV,Paraparaumu,PSM05369,1979
1768855.186,5469311.5025,13014470,KWWN004944,Wastewater,,,,,,WWCON,,INUS,Paraparaumu,,
1767670.724,5469231.1485,13014471,KWWN004662,Wastewater,3.93,4.29,2.16,6.09,6.45,WWMH,,INUS,Paraparaumu,PSM05365,2000
1769318.938,5467579.3765,13014472,KWWN004316,Wastewater,49.63,49.97,2.16,51.79,52.13,WWMH,,INUS,Paraparaumu,PSM03264,1975
1769163.363,5469765.3585,13014473,KWWN003999,Wastewater,5.51,5.87,3,8.51,8.87,WWMH,,INUS,Paraparaumu,PSM02805,1977
1767258.849,5467284.1735,13014474,KWWN004496,Wastewater,5.1,5.46,1.62,6.72,7.08,WWMH,,INUS,Paraparaumu,PSM05534,1980
1769697.565,5469801.6575,13014475,KWWN004079,Wastewater,7.42,7.77,1.12,8.54,8.89,WWMH,,INUS,Paraparaumu,PSM02904,1977
1768779.486,5470499.8265,13014476,KWWN004499,Wastewater,2.24,2.59,2.62,4.86,5.21,WWMH,,INUS,Paraparaumu,PSM05220,1997
1771015.542,5474111.4405,13014477,KWWN004953,Wastewater,,,,,,WWCON,,INUS,Waikanae,,2014
1769498.836,5468361.3195,13014478,KWWN004330,Wastewater,19.88,20.24,1.16,21.04,21.4,WWMH,,INUS,Paraparaumu,PSM03280,1963
1769154.871,5467961.6465,13014479,KWWN004298,Wastewater,33.11,33.45,1.23,34.34,34.68,WWMH,,INUS,Paraparaumu,PSM03243,1975
1769111.399,5470648.7795,13014480,KWWN004588,Wastewater,5.36,5.72,1.37,6.73,7.09,WWMH,,INUS,Paraparaumu,PSM05300,1999
1768742.54,5467987.4735,13014481,KWWN004277,Wastewater,55.68,56.03,2.16,57.84,58.19,WWCE,,INUS,Paraparaumu,PSM03215,1966
1768083.951,5467712.0985,13014482,KWWN005118,Wastewater,,,,,,WWCON,,INUS,Paraparaumu,PSM00900,1980
1767369.078,5467105.6855,13014483,KWWN004632,Wastewater,5.52,5.87,2.18,7.7,8.05,WWMH,,INUS,Paraparaumu,PSM05341,1999
1769281.613,5467840.1245,13014484,KWWN004308,Wastewater,43.18,43.52,1.07,44.25,44.59,WWMH,,INUS,Paraparaumu,PSM03256,1975
1769048.582,5471491.6875,13014485,KWWN004515,Wastewater,2.68,3.03,1.24,3.92,4.27,WWMH,,INUS,Paraparaumu,PSM05233,1997
1768550.634,5469276.4885,13014486,KWWN004774,Wastewater,,,,7,7.35,WWVA,,INUS,Paraparaumu,,2020
1767199.256,5467364.5915,13014487,KWWN004494,Wastewater,6.81,7.16,1.33,8.14,8.49,WWMH,,INUS,Paraparaumu,PSM05531,1979
1768463.879,5471249.4835,13014488,KWWN004621,Wastewater,3.57,3.92,1.19,4.76,5.11,WWMH,,INUS,Paraparaumu,PSM05329,1999
1780759.825,5485144.3925,13014489,KWWN004831,Wastewater,,,,,,WWWW,,INUS,Otaki,OSP00004,1979
1766726.216,5468795.5485,13014490,KWWN004664,Wastewater,13.08,13.44,1.96,15.04,15.39,WWMH,,INUS,Paraparaumu,PSM05366,1980
1770712.44,5473659.5155,13014491,KWWN004476,Wastewater,9.64,10,2.1,11.74,12.1,WWMH,,INUS,Waikanae,WSM01278,1979
1766193.044,5465922.9165,13014492,KWWN004922,Wastewater,,,,,,WWWW,,INUS,Paraparaumu,PSP00069,1979
1769783.589,5472856.1555,13014493,KWWN004375,Wastewater,2.06,2.41,1.02,3.08,3.43,WWMH,,INUS,Paraparaumu,PSM05050,1981
1769427.427,5470758.5525,13014494,KWWN004756,Wastewater,,,,,,WWMH,,INUS,Paraparaumu,PSC00010,1980
1767826.808,5469241.7985,13014495,KWWN004658,Wastewater,4.76,5.11,2.52,7.28,7.63,WWMH,,INUS,Paraparaumu,PSM05363,2000
1768608.603,5468093.5915,13014496,KWWN004750,Wastewater,,,,,,WWMH,,INUS,Paraparaumu,PSC00003,1979
1768996.854,5467736.6215,13014497,KWWN004267,Wastewater,27.59,27.93,1.28,28.87,29.21,WWMH,,INUS,Paraparaumu,PSM03203,1980
1770239.943,5473284.9755,13014498,KWWN004655,Wastewater,2.12,2.48,2.22,4.34,4.7,WWMH,,INUS,Waikanae,WSM01302,1999
1770143.217,5472653.7225,13014499,KWWN004364,Wastewater,0.94,1.3,1.63,2.57,2.93,WWMH,,INUS,Paraparaumu,PSM05018,1981
1767324.15,5467319.9505,13014500,KWWN004959,Wastewater,,,,,,WWWW,,INUS,Paraparaumu,PSP00093,1999
1769179.206,5470642.6235,13014501,KWWN004589,Wastewater,7.01,7.37,1.16,8.17,8.53,WWMH,,INUS,Paraparaumu,PSM05301,1999
1769426.856,5470752.1545,13014502,KWWN004858,Wastewater,,,,,,WWWW,,INUS,Paraparaumu,PSP00002,1980
1767812.783,5469314.5335,13014503,KWWN004586,Wastewater,11.69,12.04,1.49,13.18,13.53,WWMH,,INUS,Paraparaumu,PSM05295,1999
1768311.681,5469685.2415,13014504,KWWN004152,Wastewater,5.86,6.21,2.42,8.28,8.63,WWMH,,INUS,Paraparaumu,PSM02994,1979
1768384.278,5471360.9815,13014505,KWWN004623,Wastewater,2.61,2.97,1.2,3.81,4.17,WWMH,,INUS,Paraparaumu,PSM05331,1999
1766910.625,5468989.3285,13014506,KWWN004337,Wastewater,0.68,1.03,1.9,2.58,2.93,WWMH,,INUS,Paraparaumu,PSM03293,1981
1768066.734,5472273.0905,13014507,KWWN004563,Wastewater,1.63,1.99,1.39,3.02,3.38,WWMH,,INUS,Paraparaumu,PSM05285,1999
1766542.64,5467788.6905,13014508,KWWN004354,Wastewater,4.7,5.05,2.21,6.91,7.26,WWMH,,INUS,Paraparaumu,PSM05548,1978
1775291.464,5473958.4005,13014509,KWWN004569,Wastewater,76.73,77.08,0.91,77.64,77.99,WWMH,,INUS,Waikanae,WSM01297,1996
1769500.089,5468458.5635,13014510,KWWN004242,Wastewater,16.31,16.66,0.79,17.1,17.45,WWMH,,INUS,Paraparaumu,PSM03171,1975
1766524.947,5468032.4145,13014511,KWWN005003,Wastewater,,,,,,WWMH,,INUS,Paraparaumu,PSM00032,1979
1768791.421,5468346.2455,13014512,KWWN004555,Wastewater,7.72,8.07,0.9,8.62,8.97,WWMH,,PRV,Paraparaumu,PSM05279,1979
1769111.375,5468694.4215,13014513,KWWN004182,Wastewater,8.26,8.61,2.53,10.79,11.14,WWMH,,INUS,Paraparaumu,PSM03055,1975
1769444.346,5471428.0715,13014514,KWWN004407,Wastewater,3.88,4.24,2.39,6.27,6.63,WWMH,,INUS,Paraparaumu,PSM05151,1981
1768531.793,5470610.6475,13014515,KWWN004599,Wastewater,1.95,2.3,3.08,5.03,5.38,WWMH,,INUS,Paraparaumu,PSM05311,1999
1769547.394,5468597.2535,13014516,KWWN004215,Wastewater,13.22,13.58,1.8,15.02,15.38,WWMH,,INUS,Paraparaumu,PSM03133,1975
1768234.04,5471218.8645,13014517,KWWN004594,Wastewater,3.91,4.26,0.76,4.67,5.02,WWMH,,INUS,Paraparaumu,PSM05307,1999
1769643.021,5472569.9445,13014518,KWWN004381,Wastewater,-0.09,0.27,2.89,2.8,3.16,WWMH,,INUS,Paraparaumu,PSM05068,1981
1770877.29,5473762.6595,13014519,KWWN004475,Wastewater,18.18,18.54,1.55,19.73,20.09,WWMH,,INUS,Waikanae,WSM01277,1996
1767409.281,5467046.7245,13014520,KWWN004691,Wastewater,6.7,7.04,1.49,8.19,8.53,WWMH,,INUS,Paraparaumu,PSM05542,2000
1768145.846,5467569.1725,13014521,KWWN004748,Wastewater,,,,,,WWMH,,INUS,Paraparaumu,PSC00001,1980
1769218.911,5469805.6055,13014522,KWWN003998,Wastewater,5.88,6.23,3.09,8.97,9.32,WWMH,,INUS,Paraparaumu,PSM02804,1977
1769439.628,5468385.6315,13014523,KWWN004255,Wastewater,16.66,17.01,2.33,18.99,19.34,WWMH,,INUS,Paraparaumu,PSM03186,1975
1768794.648,5468273.3475,13014524,KWWN004558,Wastewater,6.91,7.26,2.76,9.67,10.02,WWMH,,PRV,Paraparaumu,PSM05282,1979
1767879.091,5469388.2795,13014525,KWWN004532,Wastewater,6.82,7.18,1.76,8.58,8.94,WWMH,,INUS,Paraparaumu,PSM05255,1999
1769427.034,5470756.6935,13014526,KWWN004757,Wastewater,,,,,,WWMH,,INUS,Paraparaumu,PSC00011,1980
1767346.345,5467116.5205,13014527,KWWN004631,Wastewater,5.8,6.15,1.86,7.66,8.01,WWMH,,INUS,Paraparaumu,PSM05343,1999
1768677.471,5469116.3185,13014528,KWWN004101,Wastewater,6.11,6.46,1.39,7.5,7.85,WWMH,,INUS,Paraparaumu,PSM02929,1975
1770348.53,5473277.2405,13014529,KWWN004656,Wastewater,1.96,2.31,1.72,3.68,4.03,WWMH,,INUS,Waikanae,WSM01305,1999
1768008.613,5471839.4865,13014530,KWWN004905,Wastewater,,,,,,WWCE,,INUS,Paraparaumu,,2006
1766722.788,5469710.9105,13014531,KWWN005111,Wastewater,,,,,,WWCE,,INUS,Paraparaumu,PSM00823,1979
1768935.967,5469162.7365,13014532,KWWN004038,Wastewater,3.68,4.03,3.52,7.19,7.55,WWMH,,INUS,Paraparaumu,PSM02853,1975
1768081.976,5470224.2405,13014533,KWWN004529,Wastewater,5,5.35,0.8,5.8,6.15,WWMH,,PRV,Paraparaumu,PSM05247,1998
1767771.668,5470509.9675,13014534,KWWN004820,Wastewater,,,,,,WWMH,,INUS,Paraparaumu,PSC00068,2000
1767897.463,5470594.5345,13014535,KWWN004681,Wastewater,4.38,4.73,1.37,5.75,6.1,WWMH,,INUS,Paraparaumu,PSM05382,2000
1767896.195,5469356.7665,13014536,KWWN004535,Wastewater,8.09,8.45,1.84,9.94,10.29,WWMH,,INUS,Paraparaumu,PSM05256,1999
1770652.93,5473703.7625,13014537,KWWN004468,Wastewater,7.33,7.68,4.32,11.65,12.01,WWMH,,INUS,Waikanae,WSM01270,1996
1768606.668,5471336.8965,13014538,KWWN004511,Wastewater,3.41,3.76,1.4,4.81,5.16,WWMH,,INUS,Paraparaumu,PSM05232,1997
1769033.683,5469672.6925,13014539,KWWN004001,Wastewater,5.13,5.49,3.01,8.14,8.49,WWMH,,INUS,Paraparaumu,PSM02807,1977
1769259.433,5468047.6005,13014540,KWWN004295,Wastewater,30.4,30.75,1.78,32.18,32.53,WWMH,,INUS,Paraparaumu,PSM03240,1975
1769529.887,5470033.6395,13014541,KWWN003995,Wastewater,7.99,8.34,1.87,9.86,10.21,WWMH,,INUS,Paraparaumu,PSM02800,1983
1771438.191,5473548.5585,13014542,KWWN004790,Wastewater,,,,,,WWMH,,PRV,Waikanae,WSC00009,1980
1766515.38,5467726.9025,13014543,KWWN004908,Wastewater,,,,,,WWWW,,INUS,Paraparaumu,PSP00055,1978
1766311.554,5465762.3625,13014544,KWWN004994,Wastewater,,,,,,WWMH,,INUS,Paraparaumu,PSM00008,1979
1769123.898,5467712.6205,13014545,KWWN004329,Wastewater,33.28,33.62,1.77,35.05,35.39,WWMH,,INUS,Paraparaumu,PSM03277,1975
1768879.573,5469206.7185,13014546,KWWN004107,Wastewater,2.56,2.92,4.67,7.23,7.59,WWMH,,INUS,Paraparaumu,PSM02936,1976
1770055.025,5472620.4525,13014547,KWWN004365,Wastewater,1.98,2.34,2.92,4.9,5.26,WWMH,,INUS,Paraparaumu,PSM05022,1981
1769108.744,5468799.8765,13014548,KWWN004171,Wastewater,8.24,8.59,0.88,9.12,9.47,WWMH,,INUS,Paraparaumu,PSM03038,1975
1768788.29,5472851.1095,13014549,KWWN004791,Wastewater,1.59,1.95,2.52,4.11,4.47,WWMH,,INUS,Paraparaumu,PSC00040,2011
1768748.858,5468209.2405,13014550,KWWN004559,Wastewater,6.05,6.4,2.45,8.5,8.85,WWMH,,PRV,Paraparaumu,PSM05283,1979
1782171.433,5485711.2645,13014551,KWWN004986,Wastewater,,,,,,WWMH,,INUS,Otaki,OSM00851,1979
1769304.401,5468961.9805,13014552,KWWN004176,Wastewater,6.13,6.49,2.98,9.12,9.47,WWMH,,INUS,Paraparaumu,PSM03043,1975
1768810.6,5472349.9865,13014553,KWWN004606,Wastewater,8.62,8.98,1.2,9.82,10.18,WWMH,,INUS,Paraparaumu,PSM05319,1999
1769587.637,5469691.3675,13014554,KWWN004072,Wastewater,7.13,7.48,1.48,8.61,8.96,WWMH,,INUS,Paraparaumu,PSM02896,1977
1768696.6,5468935.1125,13014555,KWWN004098,Wastewater,5.17,5.52,0.97,6.14,6.49,WWMH,,INUS,Paraparaumu,PSM02925,1975
1780009.52,5485751.9725,13014556,KWWN004738,Wastewater,,,,,,WWMH,,INUS,Otaki,OSC00024,1979
1769203.916,5468817.1085,13014557,KWWN004179,Wastewater,8.28,8.64,1.87,10.15,10.51,WWMH,,INUS,Paraparaumu,PSM03046,1975
1771031.869,5474835.1065,13014558,KWWN004947,Wastewater,,,,,,WWWW,,INUS,Waikanae,WSP00002,1979
1770066.171,5472754.0655,13014559,KWWN004358,Wastewater,0.05,0.41,2.74,2.79,3.15,WWMH,,INUS,Paraparaumu,PSM05001,1981
1780185.714,5485666.2325,13014560,KWWN004854,Wastewater,,,,,,WWCON,,INUS,Otaki,,
1769749.039,5472301.1965,13014561,KWWN004385,Wastewater,1.39,1.75,2.52,3.91,4.26,WWMH,,INUS,Paraparaumu,PSM05083,1981
1783167.076,5485846.7105,13014562,KWWN004990,Wastewater,,,,,,WWCE,,INUS,Otaki,OSM00857,1979
1767062.269,5466897.8325,13014563,KWWN004998,Wastewater,,,,,,WWMH,,PRV,Paraparaumu,PSM00018,1987
1769652.199,5469623.0865,13014564,KWWN004063,Wastewater,9.12,9.47,2.18,11.3,11.65,WWMH,,INUS,Paraparaumu,PSM02885,1977
1775226.765,5473979.6655,13014565,KWWN004565,Wastewater,63.37,63.72,0.82,64.19,64.54,WWMH,,INUS,Waikanae,WSM01293,1996
1769418.632,5467939.5605,13014566,KWWN004303,Wastewater,36.13,36.47,2.97,39.1,39.44,WWMH,,INUS,Paraparaumu,PSM03251,1975
1769133.838,5468411.5425,13014567,KWWN004701,Wastewater,14.24,14.6,2.57,16.81,17.17,WWMH,,INUS,Paraparaumu,PSM05541,1999
1770756.072,5473597.4915,13014568,KWWN004478,Wastewater,15.02,15.38,2.06,17.08,17.44,WWMH,,INUS,Waikanae,WSM01280,1979
1768469.326,5469896.4225,13014569,KWWN004207,Wastewater,3.9,4.25,2.61,6.51,6.86,WWMH,,INUS,Paraparaumu,PSM03100,1979
1766739.262,5468538.5985,13014570,KWWN004340,Wastewater,1.43,1.78,1.63,3.06,3.41,WWMH,,INUS,Paraparaumu,PSM03297,1980
1769285.762,5468935.0955,13014571,KWWN004177,Wastewater,6.5,6.85,3.2,9.7,10.05,WWMH,,INUS,Paraparaumu,PSM03044,1975
1768750.553,5468123.4295,13014572,KWWN004194,Wastewater,8.42,8.77,3.74,12.16,12.51,WWMH,,INUS,Paraparaumu,PSM03082,1980
1780236.84,5486750.6715,13014573,KWWN004962,Wastewater,,,,,,WWMH,,PRV,Otaki,OSP00040,1979
1769229.426,5469161.9735,13014574,KWWN004058,Wastewater,8.17,8.52,2.06,10.23,10.58,WWMH,,INUS,Paraparaumu,PSM02880,1977
1768108.189,5472596.4305,13014575,KWWN004046,Wastewater,-2.66,-2.3,4.73,2.07,2.43,WWMH,,INUS,Paraparaumu,PSM02867,1977
1766492.684,5467474.6525,13014576,KWWN005058,Wastewater,,,,,,WWCE,,INUS,Paraparaumu,PSM00395,1978
1769565.425,5469829.4935,13014577,KWWN004095,Wastewater,5.74,6.09,2.1,7.84,8.19,WWMH,,INUS,Paraparaumu,PSM02922,1976
1769369.364,5469607.9935,13014578,KWWN004084,Wastewater,6.76,7.11,1.6,8.36,8.71,WWMH,,INUS,Paraparaumu,PSM02909,1977
1769734.481,5472700.1505,13014579,KWWN004378,Wastewater,3.82,4.17,2.28,6.1,6.45,WWMH,,INUS,Paraparaumu,PSM05060,1981
1767253.569,5467190.2385,13014580,KWWN004578,Wastewater,5.55,5.9,0.75,6.3,6.65,WWMH,,INUS,Paraparaumu,PSM05293,1998
1766499.075,5467687.8145,13014581,KWWN004560,Wastewater,3.26,3.61,1.26,4.52,4.87,WWMH,,INUS,Paraparaumu,PSM03315,1977
1767352.338,5467235.9695,13014582,KWWN004581,Wastewater,4.94,5.29,1.81,6.75,7.1,WWMH,,INUS,Paraparaumu,PSM05287,1980
1768828.845,5472435.0445,13014583,KWWN004611,Wastewater,7.01,7.37,1.21,8.22,8.58,WWMH,,INUS,Paraparaumu,PSM05516,1999
1769089.572,5469123.0215,13014584,KWWN004115,Wastewater,6.34,6.69,2.4,8.74,9.09,WWMH,,INUS,Paraparaumu,PSM02945,1975
1769353.196,5467665.6865,13014585,KWWN004315,Wastewater,44.83,45.18,1.38,46.21,46.56,WWMH,,INUS,Paraparaumu,PSM03263,1975
1766785.424,5468091.4575,13014586,KWWN005069,Wastewater,,,,,,WWCE,,INUS,Paraparaumu,PSM00446,1979
1780222.425,5486465.1395,13014587,KWWN004739,Wastewater,,,,,,WWMH,,INUS,Otaki,OSC00002,1979
1769616.573,5469935.6515,13014588,KWWN004093,Wastewater,6.59,6.94,0.56,7.15,7.5,WWMH,,INUS,Paraparaumu,PSM02920,1977
1766723.649,5469951.3255,13014589,KWWN004551,Wastewater,3.79,4.15,1.35,5.14,5.5,WWMH,,INUS,Paraparaumu,PSM05271,1998
1767358.456,5467043.9695,13014590,KWWN004696,Wastewater,10.98,11.32,1.01,11.99,12.33,WWMH,,INUS,Paraparaumu,PSM05385,2000
1770056.764,5470419.7275,13014591,KWWN004832,Wastewater,,,,,,WWWW,,INUS,Paraparaumu,,
1780668.148,5486522.3015,13014592,KWWN004982,Wastewater,5.85,6.22,1.02,6.87,7.24,WWMH,,INUS,Otaki,OSM00869,1979
1767277.138,5467101.6405,13014593,KWWN004629,Wastewater,14.09,14.44,1.43,15.52,15.87,WWMH,,INUS,Paraparaumu,PSM05345,1999
1769637.975,5469849.7535,13014594,KWWN004080,Wastewater,5.58,5.93,1.59,7.17,7.52,WWMH,,INUS,Paraparaumu,PSM02905,1977
1768921.767,5470505.5885,13014595,KWWN004541,Wastewater,7.46,7.81,1.63,9.09,9.44,WWMH,,INUS,Paraparaumu,PSM05262,1999
1768746.213,5467848.9815,13014596,KWWN004280,Wastewater,76.05,76.39,1.51,77.56,77.91,WWMH,,INUS,Paraparaumu,PSM03221,1966
1770462.891,5473275.1615,13014597,KWWN004657,Wastewater,2.8,3.16,2.52,5.33,5.68,WWMH,,INUS,Waikanae,WSM01306,1999
1767915.595,5468452.4525,13014598,KWWN004869,Wastewater,,,,,,WWCON,,INUS,Paraparaumu,,
1769238.955,5469765.1045,13014599,KWWN004758,Wastewater,,,,,,WWMH,,INUS,Paraparaumu,PSC00012,1979
1768052.734,5472576.8165,13014600,KWWN004047,Wastewater,-2.42,-2.06,5,2.58,2.94,WWMH,,INUS,Paraparaumu,PSM02868,1977
1767065.02,5471529.0455,13014601,KWWN004762,Wastewater,,,,,,WWMH,,INUS,Paraparaumu,PSC00016,1980
1767960.969,5470633.4655,13014602,KWWN004682,Wastewater,4.44,4.79,0.86,5.3,5.65,WWMH,,INUS,Paraparaumu,PSM05383,2000
1767840.713,5471234.5025,13014603,KWWN004871,Wastewater,,,,,,WWCON,,INUS,Paraparaumu,,
1770157.084,5472001.2165,13014604,KWWN004388,Wastewater,7.5,7.86,1.51,9.01,9.37,WWMH,,INUS,Paraparaumu,PSM05108,1980
1769290.939,5471299.2865,13014605,KWWN004411,Wastewater,3.58,3.94,2.53,6.11,6.46,WWMH,,INUS,Paraparaumu,PSM05162,1981
1768328.435,5471258.0375,13014606,KWWN004592,Wastewater,2.43,2.79,0.99,3.42,3.78,WWMH,,INUS,Paraparaumu,PSM05305,1999
1769676.169,5469363.2805,13014607,KWWN004933,Wastewater,,,,,,WWWW,,INUS,Paraparaumu,,1978
1768916.642,5468743.1565,13014608,KWWN004144,Wastewater,7.5,7.86,0.83,8.33,8.69,WWMH,,INUS,Paraparaumu,PSM02985,1975
1780556.834,5486733.4185,13014609,KWWN004981,Wastewater,4.65,5.02,1.9,6.55,6.92,WWMH,,INUS,Otaki,OSM00868,1979
1769358.386,5469755.2585,13014610,KWWN004522,Wastewater,7.47,7.83,1.34,8.81,9.17,WWMH,,INUS,Paraparaumu,PSM05245,1998
1768059.367,5470192.7305,13014611,KWWN004528,Wastewater,3.92,4.28,2.09,6.01,6.37,WWMH,,INUS,Paraparaumu,PSM05248,1998
1766722.791,5469878.0355,13014612,KWWN004544,Wastewater,4.17,4.53,1.8,5.97,6.33,WWMH,,INUS,Paraparaumu,PSM05267,1998
1767911.181,5469417.2895,13014613,KWWN004536,Wastewater,4.14,4.49,1.81,5.95,6.3,WWMH,,INUS,Paraparaumu,PSM05253,1999
1769309.403,5469752.2715,13014614,KWWN004525,Wastewater,6.73,7.09,2.6,9.33,9.69,WWMH,,INUS,Paraparaumu,PSM05520,1977
1767163.476,5469179.2205,13014615,KWWN004898,Wastewater,,,,,,WWCON,,INUS,Paraparaumu,,
1768049.21,5469407.3365,13014616,KWWN004453,Wastewater,5.54,5.89,2.12,7.66,8.01,WWMH,,INUS,Paraparaumu,PSM05204,1997
1780480.185,5486451.1605,13014617,KWWN004851,Wastewater,,,,,,WWCON,,INUS,Otaki,,
1769950.015,5472191.1355,13014618,KWWN004392,Wastewater,11.31,11.67,1.6,12.91,13.27,WWMH,,INUS,Paraparaumu,PSM05115,1978
1767989.941,5472276.8235,13014619,KWWN004043,Wastewater,2.66,3.02,2.44,5.1,5.46,WWMH,,INUS,Paraparaumu,PSM02864,1979
1767876.455,5470540.0385,13014620,KWWN004685,Wastewater,4.1,4.45,0.83,4.93,5.28,WWMH,,INUS,Paraparaumu,PSM05377,2000
1766684.319,5467530.2175,13014621,KWWN005055,Wastewater,10.11,10.46,3.18,13.29,13.64,WWCE,,INUS,Paraparaumu,PSM00370,1978
1769738.183,5469233.5475,13014622,KWWN004251,Wastewater,7.48,7.83,1.67,9.15,9.5,WWMH,,INUS,Paraparaumu,PSM03182,1986
1767772.344,5470564.4205,13014623,KWWN004769,Wastewater,,,,,,WWMH,,INUS,Paraparaumu,PSC00024,2000
1768229.788,5470961.5195,13014624,KWWN004770,Wastewater,,,,,,WWMH,,INUS,Paraparaumu,PSC00025,1980
1768930.474,5469589.7635,13014625,KWWN004027,Wastewater,4.51,4.86,3.5,8.01,8.36,WWMH,,INUS,Paraparaumu,PSM02839,1975
1767289.583,5466917.5555,13014626,KWWN004695,Wastewater,13.95,14.3,0.7,14.65,15,WWMH,,INUS,Paraparaumu,PSM05392,2000
1770004.713,5471460.9795,13014627,KWWN004861,Wastewater,,,,,,WWWW,,INUS,Paraparaumu,PSP00005,1980
1768805.175,5468511.4715,13014628,KWWN004205,Wastewater,8.91,9.26,0.9,9.81,10.16,WWMH,,PRV,Paraparaumu,PSM03096,1975
1768827.278,5470540.0855,13014629,KWWN004500,Wastewater,2.75,3.11,2.27,5.02,5.38,WWMH,,INUS,Paraparaumu,PSM05223,1997
1768463.084,5470577.4465,13014630,KWWN004803,Wastewater,2.84,3.19,2.07,4.91,5.26,WWMH,,INUS,Paraparaumu,PSC00073,1999
1768627.376,5469386.5335,13014631,KWWN004018,Wastewater,4.34,4.69,2.47,6.81,7.16,WWMH,,INUS,Paraparaumu,PSM02826,1975
1770053.603,5469988.8425,13014632,KWWN004824,Wastewater,,,,,,WWWW,,PRV,Paraparaumu,PSP00096,1979
1769361.816,5468274.3675,13014633,KWWN004257,Wastewater,21.68,22.03,1.44,23.12,23.47,WWMH,,INUS,Paraparaumu,PSM03188,1975
1780855.526,5485997.1175,13014634,KWWN004980,Wastewater,8.26,8.63,1.04,9.3,9.67,WWMH,,INUS,Otaki,OSM00846,1979
1775274.209,5473954.0295,13014635,KWWN004568,Wastewater,,,,,,WWMH,,INUS,Waikanae,WSM01296,1996
1770113.999,5472680.7425,13014636,KWWN004366,Wastewater,0.67,1.03,2.98,3.65,4.01,WWMH,,INUS,Paraparaumu,PSM05024,1981
1766624.656,5469805.5375,13014637,KWWN004890,Wastewater,,,,,,WWCON,,INUS,Paraparaumu,,
1767262.876,5467316.9195,13014638,KWWN004495,Wastewater,5.64,5.99,1.28,6.92,7.27,WWMH,,INUS,Paraparaumu,PSM05533,1979
1769739.003,5472308.4025,13014639,KWWN004384,Wastewater,1.25,1.6,2.22,3.46,3.82,WWMH,,INUS,Paraparaumu,PSM05074,1981
1781979.875,5485492.2515,13014640,KWWN004988,Wastewater,,,,,,WWCE,,INUS,Otaki,OSM00864,1979
1768081.508,5468202.7235,13014641,KWWN005125,Wastewater,,,,,,WWCE,,INUS,Paraparaumu,PSM00955,1980
1766748.803,5469965.8455,13014642,KWWN004548,Wastewater,3.42,3.77,1.45,4.87,5.22,WWMH,,INUS,Paraparaumu,PSM05272,1998
1768637.858,5470152.6255,13014643,KWWN004169,Wastewater,4.27,4.62,1.17,5.44,5.79,WWMH,,INUS,Paraparaumu,PSM03031,1993
1773769.566,5474312.0255,13014644,KWWN004485,Wastewater,9.32,9.67,1.3,10.62,10.97,WWMH,,INUS,Waikanae,WSM01283,1988
1780276.183,5485989.1395,13014645,KWWN004968,Wastewater,5.2,5.57,1,6.2,6.57,WWMH,,INUS,Otaki,OSM00843,1979
1769831.452,5469539.3455,13014646,KWWN004245,Wastewater,7.85,8.21,0.97,8.82,9.18,WWMH,,INUS,Paraparaumu,PSM03175,1986
1766525.289,5466458.2495,13014647,KWWN004771,Wastewater,,,,,,WWCON,,INUS,Paraparaumu,PSC00026,1979
1769050.722,5468985.1245,13014648,KWWN004120,Wastewater,4.8,5.16,3.78,8.58,8.94,WWMH,,INUS,Paraparaumu,PSM02951,1975
1766698.68,5466393.1025,13014649,KWWN004931,Wastewater,,,,,,WWWW,,INUS,Paraparaumu,PSP00078,1979
1768872.288,5469503.3865,13014650,KWWN004028,Wastewater,3.23,3.58,4.14,7.37,7.72,WWMH,,INUS,Paraparaumu,PSM02840,1975
1766771.95,5469094.5465,13014651,KWWN004725,Wastewater,9.58,9.94,1.74,11.32,11.68,WWMH,,INUS,Paraparaumu,PSM05404,1980
1769564.633,5471538.8005,13014652,KWWN004403,Wastewater,4.94,5.29,1.58,6.52,6.87,WWMH,,INUS,Paraparaumu,PSM05143,1981
1769095.569,5468704.8915,13014653,KWWN004183,Wastewater,8.4,8.75,2.38,10.78,11.13,WWMH,,INUS,Paraparaumu,PSM03056,1975
1768771.945,5472427.2735,13014654,KWWN004616,Wastewater,5.83,6.19,2.05,7.88,8.24,WWMH,,INUS,Paraparaumu,PSM05317,1999
1772463.118,5475942.9505,13014655,KWWN004937,Wastewater,,,,,,WWCON,,INUS,Waikanae,,2001
1768662.11,5472301.8715,13014656,KWWN004601,Wastewater,3.31,3.67,1.85,5.16,5.52,WWMH,,INUS,Paraparaumu,PSM05326,1999
1767971.655,5470640.6925,13014657,KWWN004965,Wastewater,1.34,1.69,4,5.34,5.69,WWMH,,INUS,Paraparaumu,PSP00103,2000
1780480.491,5486452.6725,13014658,KWWN004852,Wastewater,,,,,,WWCON,,INUS,Otaki,,
1768779.832,5471379.5615,13014659,KWWN004705,Wastewater,3.65,4,1.57,5.22,5.57,WWMH,,INUS,Paraparaumu,PSM05547,1980
1766786.15,5469015.6275,13014660,KWWN004722,Wastewater,,,,,,WWMH,,INUS,Paraparaumu,PSM05401,1980
1768816.184,5468047.4265,13014661,KWWN004274,Wastewater,,,,61.65,62,WWMH,,INUS,Paraparaumu,PSM03212,1979
1768168.942,5467493.1375,13014662,KWWN005120,Wastewater,5.9,6.25,1.53,7.43,7.78,WWCE,,INUS,Paraparaumu,PSM00909,1980
1768735.697,5469144.3375,13014663,KWWN004134,Wastewater,5.13,5.48,1.59,6.72,7.07,WWMH,,INUS,Paraparaumu,PSM02968,1977
1769492.212,5468460.5165,13014664,KWWN004241,Wastewater,16,16.36,1.1,17.1,17.45,WWMH,,INUS,Paraparaumu,PSM03170,1975
1769913.522,5469977.1645,13014665,KWWN004136,Wastewater,7.25,7.6,1.59,8.84,9.19,WWMH,,INUS,Paraparaumu,,2007
1767730.741,5469217.6945,13014666,KWWN004660,Wastewater,3.85,4.2,1.77,5.62,5.97,WWMH,,INUS,Paraparaumu,PSM05361,2000
1769481.505,5469342.4325,13014667,KWWN004090,Wastewater,9.78,10.13,0.95,10.73,11.08,WWMH,,INUS,Paraparaumu,PSM02916,1980
1772119.624,5475875.5565,13014668,KWWN004460,Wastewater,2.16,2.52,1.08,3.24,3.6,WWMH,,INUS,Waikanae,WSM01263,1997
1769318.003,5467442.8595,13014669,KWWN004322,Wastewater,48.81,49.16,1,49.81,50.16,WWMH,,INUS,Paraparaumu,PSM03270,1976
1768722.81,5468904.1965,13014670,KWWN004155,Wastewater,,,0.94,,,WWMH,,INUS,Paraparaumu,PSM03005,1979
1769332.576,5471322.8185,13014671,KWWN004410,Wastewater,4.07,4.42,1.98,6.05,6.4,WWMH,,INUS,Paraparaumu,PSM05159,1985
1768821.226,5472374.5945,13014672,KWWN004607,Wastewater,8.92,9.28,1.32,10.24,10.6,WWMH,,INUS,Paraparaumu,PSM05318,1999
1768841.396,5469713.1115,13014673,KWWN004007,Wastewater,5.67,6.02,2.03,7.7,8.05,WWMH,,INUS,Paraparaumu,PSM02813,1975
1769158.226,5468608.1835,13014674,KWWN004189,Wastewater,10.79,11.14,3.18,13.97,14.32,WWMH,,INUS,Paraparaumu,PSM03072,1975
1766757.319,5469853.5175,13014675,KWWN004550,Wastewater,4.58,4.94,1.18,5.76,6.12,WWMH,,INUS,Paraparaumu,PSM05266,1998
1769370.867,5468917.3605,13014676,KWWN004200,Wastewater,6.15,6.5,3.37,9.52,9.87,WWMH,,INUS,Paraparaumu,PSM03091,1975
1768359.298,5469799.1995,13014677,KWWN004153,Wastewater,4.92,5.27,2.34,7.26,7.61,WWMH,,INUS,Paraparaumu,PSM02995,1979
1778631.927,5487692.6475,13014678,KWWN004677,Wastewater,1.72,2.09,0.93,2.65,3.02,WWMH,,INUS,Otaki,OSM00841,1989
1768915.084,5468620.2225,13014679,KWWN004140,Wastewater,9.04,9.39,1.29,10.33,10.68,WWMH,,PRV,Paraparaumu,PSM02981,1975
1766696.419,5469346.8045,13014680,KWWN005114,Wastewater,5.77,6.12,0.7,6.46,6.82,WWCE,,INUS,Paraparaumu,PSM00837,1989
1768196.333,5467331.3145,13014681,KWWN005124,Wastewater,,,,,,WWMH,,INUS,Paraparaumu,PSM00945,1980
1766662.667,5466813.1105,13014682,KWWN004639,Wastewater,4.62,4.97,1.29,5.91,6.26,WWMH,,INUS,Paraparaumu,PSM05348,1999
1767709.043,5469302.1645,13014683,KWWN004584,Wastewater,3.2,3.56,2.38,5.58,5.93,WWMH,,INUS,Paraparaumu,PSM05298,1999
1768543.956,5470607.7725,13014684,KWWN004481,Wastewater,1.85,2.2,3.16,5,5.36,WWMH,,INUS,Paraparaumu,PSM05213,1980
1767309.781,5467147.5935,13014685,KWWN004636,Wastewater,5.84,6.18,1.02,6.86,7.2,WWMH,,INUS,Paraparaumu,PSM05346,1999
1766806.201,5466972.0975,13014686,KWWN005070,Wastewater,,,,,,WWCE,,INUS,Paraparaumu,PSM00457,1979
1767848.906,5470516.6235,13014687,KWWN004678,Wastewater,2.88,3.23,2.12,5,5.35,WWMH,,INUS,Paraparaumu,PSM05376,2000
1774248.023,5472934.4705,13014688,KWWN004643,Wastewater,30.43,30.78,1.03,31.46,31.81,WWMH,,PRV,Waikanae,WSM01298,1998
1770584.155,5473749.7545,13014689,KWWN004467,Wastewater,6.67,7.03,4.5,11.17,11.53,WWMH,,INUS,Waikanae,WSM01269,1996
1782055.272,5485763.9855,13014690,KWWN004855,Wastewater,,,,,,WWWW,,INUS,Otaki,OSP00026,1979
1769698.314,5469666.6685,13014691,KWWN004064,Wastewater,11.06,11.41,1.08,12.14,12.49,WWMH,,INUS,Paraparaumu,PSM02886,1977
1769003.28,5467590.7495,13014692,KWWN004263,Wastewater,35.59,35.94,1.87,37.46,37.81,WWMH,,INUS,Paraparaumu,PSM03195,1979
1768740.451,5471360.4005,13014693,KWWN004703,Wastewater,3.01,3.37,1.83,4.84,5.2,WWMH,,INUS,Paraparaumu,PSM05390,1980
1768740.852,5468551.3925,13014694,KWWN004187,Wastewater,8.1,8.45,1.04,9.14,9.49,WWMH,,INUS,Paraparaumu,PSM03069,1975
1769176.716,5468373.0285,13014695,KWWN004291,Wastewater,17.64,17.99,2.48,20.12,20.47,WWMH,,INUS,Paraparaumu,PSM03236,1975
1766788.743,5467349.9785,13014696,KWWN004929,Wastewater,,,,,,WWWW,,INUS,Paraparaumu,PSP00076,1979
1769675.246,5469362.0755,13014697,KWWN004934,Wastewater,,,,,,WWCON,,INUS,Paraparaumu,,1980
1772117.132,5475654.1345,13014698,KWWN004456,Wastewater,3.75,4.1,0.98,4.72,5.08,WWMH,,INUS,Waikanae,WSM01259,1997
1768997.752,5467687.1225,13014699,KWWN004284,Wastewater,,,,,,WWMH,,INUS,Paraparaumu,PSM03228,1979
1768168.084,5469747.5595,13014700,KWWN004628,Wastewater,7.3,7.65,0.54,7.84,8.19,WWMH,,PRV,Paraparaumu,PSM05339,1997
1770687.231,5473692.0475,13014701,KWWN004469,Wastewater,7.66,8.01,3.07,10.73,11.08,WWMH,,INUS,Waikanae,WSM01271,1979
1767760.606,5471134.5365,13014702,KWWN004766,Wastewater,3.67,4.02,1.8,5.47,5.82,WWMH,,INUS,Paraparaumu,PSC00021,1980
1766362.055,5465787.9275,13014703,KWWN004993,Wastewater,,,,,,WWCE,,INUS,Paraparaumu,PSM00006,1979
1768274.677,5471364.5475,13014704,KWWN004764,Wastewater,,,,,,WWMH,,INUS,Paraparaumu,PSC00018,1980
1769589.028,5470015.5095,13014705,KWWN003996,Wastewater,7.16,7.51,1.04,8.2,8.55,WWMH,,INUS,Paraparaumu,PSM02802,1979
1769922.917,5472809.5725,13014706,KWWN004638,Wastewater,,,,,,WWMH,,INUS,Paraparaumu,PSM05349,2000
1766917.095,5469001.0585,13014707,KWWN004338,Wastewater,1.01,1.36,1.84,2.85,3.2,WWMH,,INUS,Paraparaumu,PSM03294,1981
1767228.968,5467994.1035,13014708,KWWN005072,Wastewater,5.23,5.58,1.46,6.69,7.04,WWMH,,INUS,Paraparaumu,PSM00477,1978
1768812.418,5472414.6035,13014709,KWWN004612,Wastewater,8.08,8.44,1.05,9.13,9.49,WWMH,,INUS,Paraparaumu,PSM05316,1999
1766529.313,5466516.1215,13014710,KWWN004927,Wastewater,,,,,,WWWW,,INUS,Paraparaumu,PSP00074,1982
1768954.563,5469253.3635,13014711,KWWN004108,Wastewater,5.41,5.76,1.97,7.38,7.73,WWMH,,INUS,Paraparaumu,PSM02939,1975
1770179.301,5473192.1085,13014712,KWWN004654,Wastewater,1.92,2.28,1.75,3.67,4.03,WWMH,,INUS,Waikanae,WSM01300,1988
1767309.061,5467222.2285,13014713,KWWN004576,Wastewater,5.03,5.38,1.04,6.07,6.42,WWMH,,INUS,Paraparaumu,PSM05288,1998
1768163.792,5467928.8285,13014714,KWWN005131,Wastewater,3.9,4.25,1.51,,,WWCE,,INUS,Paraparaumu,PSM01011,1980
1766793.498,5469077.0705,13014715,KWWN004724,Wastewater,9.13,9.48,1.07,10.2,10.55,WWMH,,INUS,Paraparaumu,PSM05403,1980
1769050.753,5469589.4025,13014716,KWWN004025,Wastewater,6.32,6.67,1.27,7.59,7.94,WWMH,,INUS,Paraparaumu,PSM02834,1987
1767036.907,5467203.0485,13014717,KWWN005075,Wastewater,,,,,,WWMH,,INUS,Paraparaumu,PSM00527,1979
1766623.733,5469805.7785,13014718,KWWN004891,Wastewater,,,,,,WWCON,,INUS,Paraparaumu,,
1769118.051,5468402.7855,13014719,KWWN004699,Wastewater,14.39,14.75,2.04,16.43,16.79,WWMH,,INUS,Paraparaumu,PSM05540,1999
1766804.839,5467289.4225,13014720,KWWN005129,Wastewater,,,,,,WWCE,,INUS,Paraparaumu,PSM01009,1979
1767766.957,5469481.5095,13014721,KWWN004538,Wastewater,4.1,4.45,1.33,5.43,5.78,WWMH,,INUS,Paraparaumu,PSM05260,1999
1769436.378,5469838.6865,13014722,KWWN004069,Wastewater,7.74,8.09,0.84,8.58,8.93,WWMH,,INUS,Paraparaumu,PSM02892,1977
1768904.568,5468731.4365,13014723,KWWN004145,Wastewater,7.19,7.55,1.01,8.21,8.56,WWMH,,INUS,Paraparaumu,PSM02986,1975
1767324.169,5467310.0095,13014724,KWWN004795,Wastewater,,,,,,WWCON,,INUS,Paraparaumu,PSC00050,1998
1768383.777,5469563.4625,13014725,KWWN004168,Wastewater,6.92,7.28,1.2,8.13,8.48,WWMH,,INUS,Paraparaumu,PSM03027,1979
1767313.006,5466966.2025,13014726,KWWN004690,Wastewater,17.98,18.32,1.26,19.24,19.58,WWMH,,INUS,Paraparaumu,PSM05543,2000
1774270.587,5472876.1015,13014727,KWWN004784,Wastewater,30.03,30.38,1.82,31.85,32.2,WWMH,,INUS,Waikanae,WSC00001,1979
1766444.11,5467482.7345,13014728,KWWN005057,Wastewater,7.02,7.37,0.65,7.67,8.02,WWCE,,INUS,Paraparaumu,PSM00393,1978
1766643.762,5467555.9335,13014729,KWWN005000,Wastewater,,,,,,WWCE,,INUS,Paraparaumu,PSM00023,1978
1768566.847,5469973.1585,13014730,KWWN004885,Wastewater,,,,,,WWCON,,INUS,Paraparaumu,,
1768831.601,5469006.0645,13014731,KWWN004105,Wastewater,5.63,5.99,2.08,7.71,8.07,WWMH,,INUS,Paraparaumu,PSM02934,1975
1780186.151,5485664.7415,13014732,KWWN004834,Wastewater,,,,,,WWWW,,INUS,Otaki,OSP00012,1979
1768498.644,5470627.3695,13014733,KWWN004597,Wastewater,2.23,2.58,2.58,4.81,5.17,WWMH,,INUS,Paraparaumu,PSM05309,1999
1769510.282,5469657.5305,13014734,KWWN004081,Wastewater,5.57,5.92,2.36,7.93,8.28,WWMH,,INUS,Paraparaumu,PSM02906,1977
1769601.497,5468289.5405,13014735,KWWN004333,Wastewater,30.88,31.22,1.32,32.2,32.54,WWMH,,INUS,Paraparaumu,PSM03285,1963
1767712.826,5469393.7935,13014736,KWWN004842,Wastewater,1.23,1.58,4.72,5.95,6.3,WWWW,,INUS,Paraparaumu,,1999
1770735.446,5473626.8845,13014737,KWWN004477,Wastewater,11.34,11.7,1.94,13.28,13.63,WWMH,,INUS,Waikanae,WSM01279,1979
1778524.021,5487844.0455,13014738,KWWN004826,Wastewater,,,,,,WWCON,,INUS,Otaki,,
1771015.405,5474110.7425,13014739,KWWN004951,Wastewater,,,,,,WWCON,,INUS,Waikanae,,2014
1771829.708,5475746.3885,13014740,KWWN004716,Wastewater,3.01,3.37,1.19,4.2,4.56,WWMH,,INUS,Waikanae,WSM01318,2000
1769140.003,5469147.7285,13014741,KWWN004116,Wastewater,6.72,7.07,1.53,8.25,8.6,WWMH,,INUS,Paraparaumu,PSM02947,1975
1779970.876,5485614.8615,13014742,KWWN004737,Wastewater,,,,,,WWMH,,INUS,Otaki,OSC00023,1979
1769932.25,5469497.9685,13014743,KWWN004244,Wastewater,10.48,10.83,1.1,11.58,11.93,WWMH,,INUS,Paraparaumu,PSM03174,1986
1766329.595,5466292.5425,13014744,KWWN004995,Wastewater,14.56,14.91,1.21,15.77,16.12,WWCE,,INUS,Paraparaumu,PSM00010,1979
1780605.39,5485517.4105,13014745,KWWN004740,Wastewater,6.08,6.45,1.41,7.49,7.86,WWMH,,INUS,Otaki,OSC00008,1979
1778888.34,5487226.6615,13014746,KWWN004744,Wastewater,,,,,,WWCON,,INUS,Otaki,OSC00003,
1766789.627,5468323.1645,13014747,KWWN004818,Wastewater,,,,,,WWMH,,INUS,Paraparaumu,PSC00066,1979
1766467.488,5465693.5265,13014748,KWWN004925,Wastewater,,,,,,WWWW,,INUS,Paraparaumu,PSP00072,1979
1769642.019,5471602.2385,13014749,KWWN004402,Wastewater,5.24,5.59,1.4,6.64,6.99,WWMH,,INUS,Paraparaumu,PSM05141,1981
1766845.884,5469019.5355,13014750,KWWN004720,Wastewater,1.6,1.96,1.42,3.02,3.38,WWMH,,INUS,Paraparaumu,PSM05399,1980
1767816.223,5467782.4925,13014751,KWWN005117,Wastewater,6.6,6.95,1.95,8.55,8.9,WWCE,,INUS,Paraparaumu,PSM00892,1981
1768364.203,5471352.3475,13014752,KWWN004618,Wastewater,2.39,2.74,1.41,3.8,4.15,WWMH,,INUS,Paraparaumu,PSM05332,1999
1770202.513,5472017.2725,13014753,KWWN004389,Wastewater,8.13,8.49,1.47,9.6,9.96,WWMH,,INUS,Paraparaumu,PSM05109,1980
1771231.586,5473254.6065,13014754,KWWN004955,Wastewater,,,,,,WWWW,,INUS,Waikanae,WSP00010,1979
1767840.125,5471232.9335,13014755,KWWN004877,Wastewater,,,,,,WWWW,,INUS,Paraparaumu,PSP00023,1980
1769429.906,5468107.6325,13014756,KWWN004301,Wastewater,29.14,29.49,0.78,29.92,30.27,WWMH,,INUS,Paraparaumu,PSM03246,1963
1769153.913,5467972.7085,13014757,KWWN004297,Wastewater,32.44,32.79,1.44,33.88,34.23,WWMH,,INUS,Paraparaumu,PSM03242,1975
1769196.522,5468815.1515,13014758,KWWN004180,Wastewater,7.53,7.88,2.44,9.97,10.32,WWMH,,INUS,Paraparaumu,PSM03047,1975
1769824.969,5472320.0555,13014759,KWWN004397,Wastewater,1.88,2.24,1.53,3.41,3.77,WWMH,,INUS,Paraparaumu,PSM05125,1981
1768890.41,5469337.2425,13014760,KWWN004023,Wastewater,2.41,2.76,5.28,7.69,8.04,WWMH,,INUS,Paraparaumu,PSM02832,1974
1769527.4,5468531.2585,13014761,KWWN004217,Wastewater,13.96,14.31,1.59,15.55,15.9,WWMH,,INUS,Paraparaumu,PSM03136,1975
1769386.562,5467769.3125,13014762,KWWN004312,Wastewater,44.83,45.17,1.48,46.31,46.65,WWMH,,INUS,Paraparaumu,PSM03260,1975
1768690.108,5470520.0375,13014763,KWWN004503,Wastewater,4.17,4.52,0.93,5.1,5.45,WWMH,,INUS,Paraparaumu,PSM05225,1997
1769929.12,5472703.6175,13014764,KWWN004369,Wastewater,0.35,0.71,2.15,2.5,2.86,WWMH,,INUS,Paraparaumu,PSM05032,1981
1768819.824,5467914.0255,13014765,KWWN004273,Wastewater,,,,,,WWMH,,INUS,Paraparaumu,PSM03210,1979
1768610.583,5469403.2155,13014766,KWWN004016,Wastewater,4.6,4.96,2.14,6.75,7.1,WWMH,,INUS,Paraparaumu,PSM02824,1975
1775290.339,5473885.4855,13014767,KWWN004572,Wastewater,81.53,81.88,1.25,82.78,83.13,WWMH,,INUS,Waikanae,WSM01288,2001
1769910.205,5472217.2895,13014768,KWWN004393,Wastewater,11.86,12.22,1.51,13.37,13.73,WWMH,,INUS,Paraparaumu,PSM05116,1978
1767220.199,5467979.5995,13014769,KWWN005071,Wastewater,6.42,6.77,0.24,6.66,7.01,WWCE,,INUS,Paraparaumu,PSM00476,1978
1767855.896,5472012.9185,13014770,KWWN004873,Wastewater,,,,,,WWWW,,INUS,Paraparaumu,PSP00019,1980
1768358.75,5471382.7015,13014771,KWWN004617,Wastewater,2.7,3.05,1.21,3.91,4.26,WWMH,,INUS,Paraparaumu,PSM05333,1999
1768710.868,5468148.4135,13014772,KWWN004196,Wastewater,6.58,6.93,1.77,8.36,8.7,WWMH,,INUS,Paraparaumu,PSM03084,1980
1766670.642,5469583.3105,13014773,KWWN005113,Wastewater,,,,,,WWMH,,INUS,Paraparaumu,PSM00826,1980
1769594.234,5470046.9675,13014774,KWWN003992,Wastewater,7.36,7.71,1.09,8.45,8.8,WWMH,,INUS,Paraparaumu,PSM02797,1977
1767298.671,5466918.3045,13014775,KWWN004694,Wastewater,9.67,10.02,0.69,10.36,10.71,WWMH,,INUS,Paraparaumu,PSM05391,2000
1768782.572,5468325.5355,13014776,KWWN004557,Wastewater,,,,,,WWMH,,PRV,Paraparaumu,PSM05280,1979
1773907.443,5474439.2585,13014777,KWWN004489,Wastewater,6.48,6.83,2.29,8.77,9.12,WWMH,,INUS,Waikanae,WSM01287,1989
1767712.025,5469394.7085,13014778,KWWN004843,Wastewater,,,,,,WWCON,,INUS,Paraparaumu,,1999
1768919.344,5468739.1015,13014779,KWWN004143,Wastewater,7.57,7.93,0.83,8.4,8.76,WWMH,,INUS,Paraparaumu,PSM02984,1975
1769354.564,5467968.0615,13014780,KWWN004348,Wastewater,36.74,37.09,1.29,38.03,38.38,WWMH,,INUS,Paraparaumu,PSM03308,1975
1770354.942,5474286.5015,13014781,KWWN004789,Wastewater,,,,,,WWCON,,INUS,Waikanae,WSC00008,1979
1769280.564,5469318.9115,13014782,KWWN004051,Wastewater,6.08,6.43,3.09,9.17,9.53,WWMH,,INUS,Paraparaumu,PSM02872,1977
1768389.001,5471464.2725,13014783,KWWN004624,Wastewater,3.24,3.6,1.44,4.68,5.04,WWMH,,INUS,Paraparaumu,PSM05336,1999
1767124.38,5470816.6385,13014784,KWWN004760,Wastewater,,,,,,WWCON,,INUS,Paraparaumu,PSC00014,1979
1768923.184,5468740.8915,13014785,KWWN004142,Wastewater,7.99,8.34,0.68,8.67,9.02,WWMH,,INUS,Paraparaumu,PSM02983,1975
1767364.902,5468450.4765,13014786,KWWN004867,Wastewater,,,,,,WWVA,,INUS,Paraparaumu,,
1766805.524,5468186.6815,13014787,KWWN004674,Wastewater,4.9,5.25,0.75,5.65,6,WWMH,,INUS,Paraparaumu,PSM05374,1979
1766793.988,5468317.1015,13014788,KWWN004668,Wastewater,,,,,,WWMH,,INUS,Paraparaumu,PSM05370,1979
1769316.128,5469747.4385,13014789,KWWN004524,Wastewater,6.91,7.26,2.79,9.7,10.05,WWMH,,INUS,Paraparaumu,PSM05243,1977
1768626.941,5470580.5135,13014790,KWWN004479,Wastewater,1.25,1.6,3.84,5.09,5.44,WWMH,,INUS,Paraparaumu,PSM05211,1981
1768844.429,5468988.2455,13014791,KWWN004106,Wastewater,5.61,5.96,2.35,7.96,8.31,WWMH,,INUS,Paraparaumu,PSM02935,1975
1769090.126,5471570.9145,13014792,KWWN004512,Wastewater,3.59,3.94,1.04,4.63,4.98,WWMH,,INUS,Paraparaumu,PSM05235,1997
1768228.378,5471189.0185,13014793,KWWN004593,Wastewater,3.69,4.04,1.1,4.79,5.14,WWMH,,INUS,Paraparaumu,PSM05306,1999
1779220.518,5488362.1985,13014794,KWWN004830,Wastewater,,,,,,WWCON,,INUS,Otaki,,
1766552.966,5469578.8065,13014795,KWWN004894,Wastewater,,,,,,WWWW,,INUS,Paraparaumu,,
1766555.367,5467986.8425,13014796,KWWN005065,Wastewater,8.78,9.13,0.75,9.53,9.88,WWMH,,INUS,Paraparaumu,PSM00426,1979
1769602.644,5468312.4335,13014797,KWWN004332,Wastewater,29.65,30,1.69,31.34,31.69,WWMH,,INUS,Paraparaumu,PSM03284,1963
1767794.721,5470540.4295,13014798,KWWN004687,Wastewater,3.31,3.67,1.64,4.96,5.31,WWMH,,INUS,Paraparaumu,PSM05375,2000
1766483.39,5467350.5515,13014799,KWWN004913,Wastewater,,,,,,WWWW,,INUS,Paraparaumu,PSP00060,1978
1768515.286,5471311.3625,13014800,KWWN004510,Wastewater,3.22,3.57,1.01,4.23,4.58,WWMH,,INUS,Paraparaumu,PSM05227,1997
1766710.905,5469918.3815,13014801,KWWN004547,Wastewater,4.29,4.64,1.3,5.59,5.94,WWMH,,INUS,Paraparaumu,PSM05269,1998
1768287.387,5470043.2125,13014802,KWWN004161,Wastewater,6.17,6.52,0.75,6.92,7.27,WWMH,,INUS,Paraparaumu,PSM03014,1986
1769450.16,5468120.5235,13014803,KWWN005134,Wastewater,28.54,28.89,1.09,29.63,29.98,WWMH,,INUS,Paraparaumu,PSM01094,1979
1769426.038,5468877.5605,13014804,KWWN004202,Wastewater,6.59,6.94,2.75,9.34,9.69,WWMH,,INUS,Paraparaumu,PSM03093,1975
1780167.585,5485628.7865,13014805,KWWN004734,Wastewater,,,,,,WWMH,,INUS,Otaki,OSC00020,1979
1766353.744,5466877.9535,13014806,KWWN004915,Wastewater,,,,,,WWWW,,INUS,Paraparaumu,PSP00062,1979
1769850.948,5470623.6825,13014807,KWWN004793,Wastewater,,,,,,WWWW,,INUS,Paraparaumu,,
1782847.573,5485628.5755,13014808,KWWN004989,Wastewater,31.68,32.06,1.54,33.22,33.6,WWMH,,INUS,Otaki,OSM00866,1979
1769062.938,5469625.2285,13014809,KWWN004004,Wastewater,4.71,5.07,3.1,7.81,8.17,WWMH,,INUS,Paraparaumu,PSM02810,1977
1768770.151,5472338.3715,13014810,KWWN004604,Wastewater,6.3,6.66,1.4,7.7,8.06,WWMH,,INUS,Paraparaumu,PSM05323,1999
1768914.655,5469158.5695,13014811,KWWN004104,Wastewater,2.92,3.27,4.1,7.02,7.37,WWMH,,INUS,Paraparaumu,PSM02932,1975
1768457.592,5471273.6865,13014812,KWWN004622,Wastewater,3.34,3.69,1.24,4.58,4.93,WWMH,,INUS,Paraparaumu,PSM05330,1999
1766744.173,5469906.1865,13014813,KWWN004545,Wastewater,3.89,4.24,1.31,5.2,5.55,WWMH,,INUS,Paraparaumu,PSM05268,1998
1768327.892,5471190.3635,13014814,KWWN004590,Wastewater,2.79,3.14,0.82,3.61,3.96,WWMH,,INUS,Paraparaumu,PSM05304,1999
1768865.798,5468799.1525,13014815,KWWN004133,Wastewater,5.57,5.92,2.22,7.79,8.14,WWMH,,INUS,Paraparaumu,PSM02967,1975
1769754.759,5471692.0695,13014816,KWWN004399,Wastewater,6.03,6.38,1.42,7.45,7.8,WWMH,,INUS,Paraparaumu,PSM05133,1981
1768870.769,5467753.4215,13014817,KWWN005133,Wastewater,,,,,,WWMH,,INUS,Paraparaumu,PSM01028,1979
1769625.442,5473468.2935,13014818,KWWN004448,Wastewater,4.85,5.21,1.16,6.01,6.37,WWMH,,INUS,Waikanae,WSM01256,1996
1768312.604,5471120.5565,13014819,KWWN004645,Wastewater,3.6,3.95,0.85,4.45,4.8,WWMH,,INUS,Paraparaumu,PSL08329,2000
1768672.305,5470074.6825,13014820,KWWN004165,Wastewater,3.77,4.12,2.26,6.03,6.38,WWMH,,INUS,Paraparaumu,PSM03024,1995
1767809.614,5472074.2615,13014821,KWWN004554,Wastewater,4.35,4.71,1.22,5.57,5.93,WWMH,,INUS,Paraparaumu,PSM05276,1999
1769159.571,5468872.3495,13014822,KWWN004172,Wastewater,7.9,8.25,1.3,9.2,9.55,WWMH,,INUS,Paraparaumu,PSM03039,1975
1769170.704,5471076.2685,13014823,KWWN004414,Wastewater,5.71,6.06,1.47,7.18,7.53,WWMH,,INUS,Paraparaumu,PSM05171,1981
1768676.335,5472289.2815,13014824,KWWN004602,Wastewater,4.58,4.93,1.85,6.43,6.78,WWMH,,INUS,Paraparaumu,PSM05325,1999
1768985.743,5469435.4265,13014825,KWWN004034,Wastewater,5.47,5.82,0.85,6.32,6.67,WWMH,,INUS,Paraparaumu,PSM02849,1987
1768592.978,5471379.1595,13014826,KWWN004960,Wastewater,,,,,,WWWW,,INUS,Paraparaumu,PSP00110,1980
1766665.49,5466810.7525,13014827,KWWN004812,Wastewater,,,,,,WWCON,,INUS,Paraparaumu,PSC00060,1999
1767996.55,5472564.6445,13014828,KWWN004048,Wastewater,-2.19,-1.83,4.45,2.26,2.62,WWMH,,INUS,Paraparaumu,PSM02869,1977
1768960.308,5468854.0555,13014829,KWWN004129,Wastewater,5.36,5.72,1.59,6.95,7.31,WWMH,,INUS,Paraparaumu,PSM02963,1975
1770055.855,5470417.2425,13014830,KWWN004841,Wastewater,,,,,,WWCON,,INUS,Paraparaumu,,
1767395.614,5467119.1385,13014831,KWWN004634,Wastewater,5.16,5.51,2.01,7.17,7.52,WWMH,,INUS,Paraparaumu,PSM05340,1999
1768316.031,5468254.6315,13014832,KWWN004909,Wastewater,,,,,,WWCON,,INUS,Paraparaumu,,
1767469.96,5468028.7845,13014833,KWWN005074,Wastewater,,,,,,WWCE,,INUS,Paraparaumu,PSM00490,1979
1769196.407,5467711.4705,13014834,KWWN004327,Wastewater,40.35,40.69,1.63,41.98,42.32,WWMH,,INUS,Paraparaumu,PSM03275,1975
1768888.589,5469653.2815,13014835,KWWN004006,Wastewater,5.14,5.49,2.26,7.4,7.75,WWMH,,INUS,Paraparaumu,PSM02812,1975
1772723.45,5473994.1685,13014836,KWWN004848,Wastewater,,,,,,WWCON,,INUS,Waikanae,,
1766604.434,5467542.5985,13014837,KWWN005001,Wastewater,10.46,10.82,0.62,11.08,11.44,WWMH,,INUS,Paraparaumu,PSM00027,1978
1772117.555,5475796.9655,13014838,KWWN004459,Wastewater,2.87,3.23,1.17,4.04,4.4,WWMH,,INUS,Waikanae,WSM01262,1997
1766809.261,5469411.0405,13014839,KWWN005109,Wastewater,3.6,3.96,1.38,4.98,5.34,WWMH,,INUS,Paraparaumu,PSM00802,1980
1767470.665,5471845.3845,13014840,KWWN004872,Wastewater,,,,,,WWWW,,INUS,Paraparaumu,PSP00018,1980
1766713.864,5467364.5155,13014841,KWWN004999,Wastewater,,,,,,WWCE,,INUS,Paraparaumu,PSM00022,1978
1778774.686,5486110.4635,13014842,KWWN004829,Wastewater,,,,,,WWWW,,INUS,Otaki,OSP00014,1979
1768814.602,5467823.0055,13014843,KWWN004281,Wastewater,75.17,75.51,1.45,76.62,76.96,WWMH,,INUS,Paraparaumu,PSM03224,1966
1769585.925,5469816.1965,13014844,KWWN004094,Wastewater,6.8,7.15,0.81,7.61,7.96,WWMH,,INUS,Paraparaumu,PSM02921,1976
1768840.873,5472891.0765,13014845,KWWN004447,Wastewater,0.6,0.96,2.74,3.34,3.7,WWMH,,INUS,Paraparaumu,PSM01423,1996
1768475.188,5470690.8995,13014846,KWWN004883,Wastewater,,,1.4,,,WWMH,,INUS,Paraparaumu,PSP00029-DELET,1980
1769077.828,5469502.6245,13014847,KWWN004033,Wastewater,5.97,6.32,1.05,7.02,7.37,WWMH,,INUS,Paraparaumu,PSM02848,1987
1769480.553,5468957.2415,13014848,KWWN004203,Wastewater,7.18,7.53,1.24,8.42,8.77,WWMH,,INUS,Paraparaumu,PSM03094,1975
1767763.148,5470321.5735,13014849,KWWN004357,Wastewater,,,,,,WWMH,,INUS,Paraparaumu,PSM03320,1980
1766870.107,5469251.2845,13014850,KWWN005110,Wastewater,,,,,,WWMH,,INUS,Paraparaumu,PSM00806,1980
1773796.855,5474284.4415,13014851,KWWN004486,Wastewater,8.78,9.13,3.26,12.04,12.39,WWMH,,INUS,Waikanae,WSM01284,1988
1780479.386,5486451.5825,13014852,KWWN004838,Wastewater,,,,,,WWCON,,INUS,Otaki,,
1768957.386,5469519.0635,13014853,KWWN004026,Wastewater,4.71,5.06,2.8,7.51,7.86,WWMH,,INUS,Paraparaumu,PSM02838,1987
1769226.594,5471248.0605,13014854,KWWN004412,Wastewater,4.06,4.42,3.73,7.79,8.15,WWMH,,INUS,Paraparaumu,PSM05164,1981
1780101.666,5485558.8495,13014855,KWWN004728,Wastewater,,,,,,WWMH,,INUS,Otaki,OSC00014,1979
1769667.302,5473422.1955,13014856,KWWN004783,Wastewater,,,,,,WWMH,,INUS,Waikanae,WSC00007,1979
1767964.044,5468292.3465,13014857,KWWN005115,Wastewater,,,,,,WWCE,,INUS,Paraparaumu,PSM00869,1980
1771846.613,5475706.7625,13014858,KWWN004712,Wastewater,2.68,3.04,1.27,3.95,4.31,WWMH,,INUS,Waikanae,WSM01314,2000
1768904.105,5467838.2705,13014859,KWWN004271,Wastewater,57.44,57.79,1.26,58.7,59.05,WWMH,,INUS,Paraparaumu,PSM03207,1979
1769043.06,5469165.2885,13014860,KWWN004110,Wastewater,6.22,6.58,1.53,7.75,8.11,WWMH,,INUS,Paraparaumu,PSM02942,1975
1768732.028,5467882.6605,13014861,KWWN004751,Wastewater,,,,,,WWCE,,INUS,Paraparaumu,PSC00004,1979
1768968.35,5469028.8355,13014862,KWWN004123,Wastewater,7.87,8.22,1.87,9.74,10.09,WWMH,,INUS,Paraparaumu,PSM02956,1975
1769909.116,5470588.0385,13014863,KWWN004806,Wastewater,,,,,,WWMH,,INUS,Paraparaumu,PSC00057,1979
1780052.995,5485579.3195,13014864,KWWN004730,Wastewater,,,,,,WWMH,,INUS,Otaki,OSC00016,1979
1768837.184,5472485.6135,13014865,KWWN004610,Wastewater,5.13,5.49,2.15,7.28,7.64,WWMH,,INUS,Paraparaumu,PSM05315,1999
1766345.557,5466822.4905,13014866,KWWN004916,Wastewater,,,,,,WWWW,,INUS,Paraparaumu,PSP00063,1979
1768751.857,5471373.4105,13014867,KWWN004704,Wastewater,2.93,3.28,1.99,4.92,5.27,WWMH,,INUS,Paraparaumu,PSM05546,1980
1769537.048,5469380.0915,13014868,KWWN004088,Wastewater,,,0.63,,,WWMH,,INUS,Paraparaumu,PSM02914,1979
1766897.426,5469449.3025,13014869,KWWN004897,Wastewater,,,,,,WWCON,,INUS,Paraparaumu,,
1768549.794,5471309.9655,13014870,KWWN004508,Wastewater,3.23,3.58,1.37,4.6,4.95,WWMH,,INUS,Paraparaumu,PSM05229,1997
1769106.604,5468383.2395,13014871,KWWN004698,Wastewater,,,,,,WWCE,,INUS,Paraparaumu,PSM05539,1999
1768514.792,5469928.7605,13014872,KWWN004164,Wastewater,3.39,3.75,2.69,6.08,6.44,WWMH,,INUS,Paraparaumu,PSM03017,1979
1772723.939,5473992.9115,13014873,KWWN004961,Wastewater,,,,,,WWCON,,INUS,Waikanae,,
1767912.838,5468455.9515,13014874,KWWN004940,Wastewater,,,,,,WWCON,,INUS,Paraparaumu,PSP00087,1980
1768615.733,5469403.7215,13014875,KWWN004017,Wastewater,4.48,4.84,2.23,6.71,7.07,WWMH,,INUS,Paraparaumu,PSM02825,1975
1767858.307,5469137.5175,13014876,KWWN004707,Wastewater,6.75,7.1,2.25,9,9.35,WWMH,,INUS,Paraparaumu,PSM05394,2001
1772724.349,5473995.5385,13014877,KWWN004846,Wastewater,,,,,,WWCON,,INUS,Waikanae,,
1769934.515,5469497.2875,13014878,KWWN004243,Wastewater,10.17,10.53,1.3,11.47,11.82,WWMH,,INUS,Paraparaumu,PSM03173,1986
1768935.988,5469550.0125,13014879,KWWN004341,Wastewater,,,,,,WWMH,,INUS,Paraparaumu,PSM03301,1975
1769891.015,5472332.5055,13014880,KWWN004398,Wastewater,2.13,2.49,0.94,3.07,3.43,WWMH,,INUS,Paraparaumu,PSM05126,1981
1768716.503,5472363.8945,13014881,KWWN004600,Wastewater,3.99,4.35,1.59,5.58,5.94,WWMH,,INUS,Paraparaumu,PSM05327,1999
1768826.202,5470543.2505,13014882,KWWN004796,Wastewater,,,,,,WWMH,,INUS,Paraparaumu,PSC00043,1997
1772005.737,5475869.1895,13014883,KWWN004462,Wastewater,1.96,2.32,1.43,3.39,3.75,WWMH,,INUS,Waikanae,WSM01265,1997
1768810.94,5469457.8255,13014884,KWWN004029,Wastewater,2.96,3.31,4.04,7,7.35,WWMH,,INUS,Paraparaumu,PSM02841,1975
1769813.614,5472649.4065,13014885,KWWN004379,Wastewater,1.14,1.49,1.13,2.26,2.62,WWMH,,INUS,Paraparaumu,PSM05064,1981
1768189.166,5470483.2005,13014886,KWWN004669,Wastewater,,,,,,WWMH,,INUS,Paraparaumu,PSM05371,1980
1783079.377,5485773.5415,13014887,KWWN004671,Wastewater,37.56,37.94,1.16,38.72,39.1,WWMH,,INUS,Otaki,OSM00840,1979
1769338.654,5471339.8005,13014888,KWWN004409,Wastewater,3.29,3.65,2.87,6.16,6.51,WWMH,,INUS,Paraparaumu,PSM05157,1981
1775249.607,5473965.6035,13014889,KWWN004566,Wastewater,69.11,69.46,0.99,70.1,70.45,WWMH,,INUS,Waikanae,WSM01294,1996
1769314.67,5467963.0245,13014890,KWWN004300,Wastewater,36.19,36.54,1.61,37.8,38.15,WWMH,,INUS,Paraparaumu,PSM03245,1975
1768739.004,5469032.7075,13014891,KWWN004100,Wastewater,4.2,4.56,3.29,7.49,7.85,WWMH,,INUS,Paraparaumu,PSM02928,1975
1766329.204,5466612.2415,13014892,KWWN004918,Wastewater,,,,,,WWWW,,INUS,Paraparaumu,PSP00065,1979
1768981.62,5469221.3865,13014893,KWWN004035,Wastewater,5.23,5.59,2.32,7.55,7.91,WWMH,,INUS,Paraparaumu,PSM02850,1978
1767926.415,5470561.0145,13014894,KWWN004679,Wastewater,2.36,2.71,2.58,4.94,5.29,WWMH,,INUS,Paraparaumu,PSM05380,2000
1769028.88,5467724.6805,13014895,KWWN004268,Wastewater,27.76,28.1,0.85,28.61,28.95,WWMH,,INUS,Paraparaumu,PSM03204,1979
1769332.536,5468855.8235,13014896,KWWN004199,Wastewater,7.96,8.32,2.63,10.59,10.95,WWMH,,INUS,Paraparaumu,PSM03090,1975
1769705.377,5469823.5435,13014897,KWWN004076,Wastewater,7.43,7.78,0.71,8.14,8.49,WWMH,,INUS,Paraparaumu,PSM02900,1977
1768948.778,5469174.4015,13014898,KWWN004037,Wastewater,4.83,5.19,2.55,7.38,7.74,WWMH,,INUS,Paraparaumu,PSM02852,1975
1769474.274,5469847.5825,13014899,KWWN004096,Wastewater,7.42,7.77,1.42,8.84,9.19,WWMH,,INUS,Paraparaumu,PSM02923,1976
1770072.667,5471970.5825,13014900,KWWN004387,Wastewater,6.5,6.85,1.33,7.83,8.18,WWMH,,INUS,Paraparaumu,PSM05107,1980
1772724.14,5473994.0385,13014901,KWWN004849,Wastewater,,,,,,WWCON,,INUS,Waikanae,,
1768905.795,5470541.1225,13014902,KWWN004539,Wastewater,3.29,3.64,1.52,4.81,5.16,WWMH,,INUS,Paraparaumu,PSM05261,1999
1769150.66,5469501.8145,13014903,KWWN004087,Wastewater,5.23,5.58,3.23,8.46,8.81,WWMH,,INUS,Paraparaumu,PSM02913,1977
1769567.033,5469712.8335,13014904,KWWN004054,Wastewater,5.2,5.55,3.03,8.23,8.58,WWMH,,INUS,Paraparaumu,PSM02875,1977
1773854.568,5474259.7045,13014905,KWWN004484,Wastewater,9.06,9.41,1.58,10.64,10.99,WWMH,,INUS,Waikanae,WSM01282,1988
1768083.191,5469275.8625,13014906,KWWN004450,Wastewater,8.59,8.94,0.98,9.57,9.92,WWMH,,INUS,Paraparaumu,PSM05207,1997
1769497.118,5469800.1525,13014907,KWWN004945,Wastewater,,,,,,WWWW,,INUS,Paraparaumu,,
1768491.203,5470642.9185,13014908,KWWN004598,Wastewater,2.39,2.74,2.43,4.82,5.17,WWMH,,INUS,Paraparaumu,PSM05308,1999
1769347.632,5469227.6605,13014909,KWWN004053,Wastewater,7.23,7.58,3.1,10.33,10.68,WWMH,,INUS,Paraparaumu,PSM02874,1977
1769230.661,5467889.4335,13014910,KWWN004310,Wastewater,38.72,39.07,1.22,39.94,40.29,WWMH,,INUS,Paraparaumu,PSM03258,1975
1780055.41,5485510.7935,13014911,KWWN004733,Wastewater,,,,,,WWMH,,INUS,Otaki,OSC00019,1979
1769366.49,5467485.7675,13014912,KWWN004318,Wastewater,53.57,53.91,1.78,55.35,55.69,WWMH,,INUS,Paraparaumu,PSM03266,1975
1769229.508,5468291.7135,13014913,KWWN004290,Wastewater,22.2,22.55,1.82,24.02,24.37,WWMH,,INUS,Paraparaumu,PSM03235,1975
1769054.566,5467559.3055,13014914,KWWN004260,Wastewater,,,,,,WWMH,,INUS,Paraparaumu,PSM03192,1979
1771987.533,5475424.3915,13014915,KWWN004455,Wastewater,2.4,2.75,1.17,3.57,3.92,WWMH,,INUS,Waikanae,WSM01258,1979
1766685.17,5466994.0415,13014916,KWWN005128,Wastewater,6.71,7.06,3.52,10.23,10.58,WWCE,,INUS,Paraparaumu,PSM01004,1979
1769155.613,5468758.1615,13014917,KWWN004181,Wastewater,7.77,8.12,1.75,9.52,9.87,WWMH,,INUS,Paraparaumu,PSM03054,1975
1769296.202,5467448.0115,13014918,KWWN004323,Wastewater,46.92,47.27,2.19,49.11,49.46,WWMH,,INUS,Paraparaumu,PSM03271,1976
1770071.709,5472762.2395,13014919,KWWN004863,Wastewater,,,,,,WWMH,,INUS,Paraparaumu,,1980
1781950.584,5485552.2525,13014920,KWWN004746,Wastewater,,,,,,WWMH,,INUS,Otaki,OSC00007,1979
1768881.896,5469350.2935,13014921,KWWN004022,Wastewater,2.23,2.58,4.76,6.99,7.34,WWMH,,INUS,Paraparaumu,PSM02831,1975
1768918.71,5468874.3065,13014922,KWWN004131,Wastewater,5.82,6.17,1.15,6.97,7.32,WWMH,,INUS,Paraparaumu,PSM02965,1975
1768702.766,5472314.5695,13014923,KWWN004603,Wastewater,5.08,5.44,1.53,6.61,6.97,WWMH,,INUS,Paraparaumu,PSM05324,1999
1769292.223,5469776.0205,13014924,KWWN004526,Wastewater,8.03,8.38,1.04,9.07,9.42,WWMH,,INUS,Paraparaumu,PSM05299,1977
1767325.65,5466917.5505,13014925,KWWN004693,Wastewater,8.16,8.5,1.58,9.74,10.08,WWMH,,INUS,Paraparaumu,PSM05545,2000
1769036.807,5472132.1535,13014926,KWWN004821,Wastewater,,,,3.54,3.9,WWWW,,PRV,Paraparaumu,PSP00111,1995
1769722.762,5472360.5195,13014927,KWWN004383,Wastewater,1.06,1.41,1.88,2.94,3.29,WWMH,,INUS,Paraparaumu,PSM05073,1981
1769368.739,5468076.1715,13014928,KWWN004302,Wastewater,29.9,30.25,2.1,32,32.35,WWMH,,INUS,Paraparaumu,PSM03247,1975
1769057.435,5468975.1255,13014929,KWWN004119,Wastewater,5.31,5.67,3.27,8.58,8.94,WWMH,,INUS,Paraparaumu,PSM02950,1975
1769368.902,5467705.1495,13014930,KWWN004314,Wastewater,41.07,41.42,1.63,42.7,43.05,WWMH,,INUS,Paraparaumu,PSM03262,1975
1767899.842,5472204.7685,13014931,KWWN004040,Wastewater,5.12,5.47,1.19,6.31,6.66,WWMH,,INUS,Paraparaumu,PSM02858,1979
1769490.043,5469792.9805,13014932,KWWN004070,Wastewater,4.18,4.53,3.65,7.83,8.18,WWMH,,INUS,Paraparaumu,PSM02893,1977
1768041.457,5470205.1695,13014933,KWWN004527,Wastewater,4.05,4.4,1.86,5.91,6.26,WWMH,,INUS,Paraparaumu,PSM05249,1998
1771434.456,5473519.3575,13014934,KWWN004825,Wastewater,,,,,,WWWW,,PRV,Waikanae,WSP00012,1980
1768623.277,5470675.5315,13014935,KWWN004794,Wastewater,,,,,,WWCON,,INUS,Paraparaumu,PSC00042,1980
1769030.579,5467614.2945,13014936,KWWN004262,Wastewater,34.71,35.05,1.85,36.56,36.9,WWMH,,INUS,Paraparaumu,PSM03194,1979
1769373.531,5467734.5175,13014937,KWWN004311,Wastewater,41.18,41.52,2.13,43.31,43.66,WWMH,,INUS,Paraparaumu,PSM03259,1975
1767530.854,5466517.1305,13014938,KWWN004935,Wastewater,,,,,,WWWW,,INUS,Paraparaumu,PSP00082,1980
1768971.885,5469117.6245,13014939,KWWN004109,Wastewater,4.21,4.57,3.38,7.59,7.95,WWMH,,INUS,Paraparaumu,PSM02941,1975
1769340.588,5469764.7875,13014940,KWWN004523,Wastewater,7.22,7.57,1.75,8.97,9.32,WWMH,,INUS,Paraparaumu,PSM05244,1998
1771927.781,5475722.1495,13014941,KWWN004717,Wastewater,3.4,3.75,1.34,4.73,5.09,WWMH,,INUS,Waikanae,WSM01319,2000
1769771.349,5469690.5395,13014942,KWWN004066,Wastewater,11.04,11.39,0.79,11.83,12.18,WWMH,,INUS,Paraparaumu,PSM02888,1977
1768310.667,5470016.1645,13014943,KWWN004160,Wastewater,5.9,6.25,0.85,6.75,7.1,WWMH,,INUS,Paraparaumu,PSM03013,1986
1766435.981,5465692.8055,13014944,KWWN004991,Wastewater,9.72,10.07,0.85,10.57,10.92,WWCE,,INUS,Paraparaumu,PSM00003,1981
1768100.751,5470996.2885,13014945,KWWN004719,Wastewater,3.4,3.75,1.15,4.55,4.9,WWMH,,INUS,Paraparaumu,PSM05398,2000
1769736.66,5469406.6435,13014946,KWWN004247,Wastewater,6.86,7.22,1.88,8.74,9.1,WWMH,,INUS,Paraparaumu,PSM03178,1986
1769395.01,5471271.1835,13014947,KWWN004415,Wastewater,4.5,4.85,1.25,5.75,6.1,WWMH,,PRV,Paraparaumu,PSM05175,1985
1768856.928,5472479.9605,13014948,KWWN004608,Wastewater,5.29,5.64,1.96,7.25,7.61,WWMH,,INUS,Paraparaumu,PSM05313,1999
1767854.553,5469462.7665,13014949,KWWN004534,Wastewater,3.64,3.99,1.93,5.57,5.92,WWMH,,INUS,Paraparaumu,PSM05258,1999
1769005.695,5469050.8355,13014950,KWWN004113,Wastewater,4.5,4.86,4.92,9.42,9.78,WWMH,,INUS,Paraparaumu,PSM02944,1986
1771860.934,5475660.9185,13014951,KWWN004713,Wastewater,3.03,3.39,1.19,4.22,4.58,WWMH,,INUS,Waikanae,WSM01315,2000
1770243.512,5472742.8795,13014952,KWWN004362,Wastewater,3.38,3.73,2.13,5.5,5.86,WWMH,,INUS,Paraparaumu,PSM05010,1981
1767828.144,5469052.1795,13014953,KWWN004709,Wastewater,11.82,12.18,1.39,13.21,13.57,WWMH,,INUS,Paraparaumu,PSM05396,2001
1766259.264,5466414.3145,13014954,KWWN004920,Wastewater,,,,,,WWWW,,INUS,Paraparaumu,PSP00067,1979
1768481.818,5471152.7645,13014955,KWWN004521,Wastewater,3.06,3.41,1.35,4.4,4.76,WWMH,,INUS,Paraparaumu,PSM05241,1998
1769397.494,5471392.4895,13014956,KWWN004408,Wastewater,3.53,3.88,2.64,6.17,6.52,WWMH,,INUS,Paraparaumu,PSM05154,1981
1766720.753,5469183.1595,13014957,KWWN005107,Wastewater,9.64,9.99,0.85,10.49,10.84,WWMH,,INUS,Paraparaumu,PSM00794,1980
1770644.712,5474705.2665,13014958,KWWN004948,Wastewater,,,,,,WWWW,,INUS,Waikanae,WSP00003,1979
1775291.271,5473885.2315,13014959,KWWN004673,Wastewater,,,,,,WWCON,,PRV,Waikanae,WSM01308,2001
1769351.036,5468304.6835,13014960,KWWN005136,Wastewater,22.07,22.42,0.47,22.54,22.89,WWMH,,INUS,Paraparaumu,PSM01119,1979
1768370.06,5471162.9205,13014961,KWWN004595,Wastewater,3.13,3.48,0.7,3.83,4.18,WWMH,,INUS,Paraparaumu,PSM05303,1999
1766748.096,5469953.4135,13014962,KWWN004546,Wastewater,3.5,3.86,1.43,4.93,5.29,WWMH,,INUS,Paraparaumu,PSM05270,1998
1766958.864,5466556.0665,13014963,KWWN004752,Wastewater,,,,,,WWMH,,INUS,Paraparaumu,PSC00005,1981
1769626.278,5470144.9265,13014964,KWWN003990,Wastewater,7.09,7.45,1.79,8.88,9.24,WWMH,,INUS,Paraparaumu,PSM02795,1977
1767917.195,5469127.3995,13014965,KWWN004708,Wastewater,,,,,,WWMH,,INUS,Paraparaumu,PSM05395,2001
1766541.162,5467438.7885,13014966,KWWN005053,Wastewater,12.52,12.87,0.98,13.5,13.85,WWMH,,INUS,Paraparaumu,PSM00345,1978
1769006.514,5468438.7275,13014967,KWWN004192,Wastewater,11.83,12.18,1.97,13.8,14.15,WWMH,,INUS,Paraparaumu,PSM03075,1975
1767711.487,5469394.0505,13014968,KWWN004844,Wastewater,,,,,,WWCON,,INUS,Paraparaumu,,
1768017.133,5469266.2785,13014969,KWWN004449,Wastewater,6.45,6.8,2.34,8.79,9.14,WWMH,,INUS,Paraparaumu,PSM05205,1997
1769115.287,5471577.8355,13014970,KWWN004513,Wastewater,4.12,4.47,0.66,4.78,5.13,WWMH,,INUS,Paraparaumu,PSM05236,1997
1768120.518,5468128.1025,13014971,KWWN005116,Wastewater,6.41,6.75,1.01,7.42,7.76,WWMH,,INUS,Paraparaumu,PSM00874,1980
1770184.749,5472669.7405,13014972,KWWN004363,Wastewater,1.16,1.52,2.67,3.83,4.19,WWMH,,INUS,Paraparaumu,PSM05017,1981
1768551.416,5469277.0395,13014973,KWWN004775,Wastewater,,,,,,WWCON,,INUS,Paraparaumu,,2020
1769311.062,5469276.4285,13014974,KWWN004052,Wastewater,6.96,7.32,2.66,9.62,9.97,WWMH,,INUS,Paraparaumu,PSM02873,1977
1769035.884,5471482.1785,13014975,KWWN004866,Wastewater,1.95,2.3,2.17,4.12,4.47,WWWW,,INUS,Paraparaumu,PSP00010,1995
1780185.19,5485665.3385,13014976,KWWN004856,Wastewater,,,,,,WWCON,,INUS,Otaki,,
1768349.549,5469607.6255,13014977,KWWN004167,Wastewater,6.52,6.87,1.54,8.06,8.41,WWMH,,INUS,Paraparaumu,PSM03026,1979
1768536.052,5470675.7065,13014978,KWWN004596,Wastewater,2.83,3.19,2.01,4.84,5.2,WWMH,,INUS,Paraparaumu,PSM05310,1999
1769086.846,5467681.6315,13014979,KWWN004286,Wastewater,30.48,30.82,1.22,31.7,32.04,WWMH,,INUS,Paraparaumu,PSM03230,1975
1767947.607,5472324.3375,13014980,KWWN004044,Wastewater,3.02,3.37,1.4,4.42,4.77,WWMH,,INUS,Paraparaumu,PSM02865,1979
1769400.204,5467826.5135,13014981,KWWN004304,Wastewater,46.08,46.43,0.97,47.05,47.4,WWMH,,INUS,Paraparaumu,PSM03252,1975
1769538.74,5469548.5355,13014982,KWWN004061,Wastewater,11.69,12.04,1.14,12.83,13.18,WWMH,,INUS,Paraparaumu,PSM02883,1977
1766318.565,5466698.1475,13014983,KWWN004917,Wastewater,,,,,,WWWW,,INUS,Paraparaumu,PSP00064,1979
1769894.488,5472101.1055,13014984,KWWN004386,Wastewater,4.16,4.52,3.12,7.28,7.64,WWMH,,INUS,Paraparaumu,PSM05095,1981
1766844.441,5469828.2095,13014985,KWWN004349,Wastewater,2.78,3.14,1.3,4.08,4.44,WWMH,,INUS,Paraparaumu,PSM03309,1998
1773414.892,5473646.0525,13014986,KWWN004815,Wastewater,17.13,17.48,1.81,18.94,19.29,WWMH,,PRV,Waikanae,WSC00013,1999
1767229.732,5467239.1185,13014987,KWWN004575,Wastewater,5.76,6.12,0.9,6.66,7.01,WWMH,,INUS,Paraparaumu,PSM05290,1998
1768810.889,5469714.2075,13014988,KWWN004008,Wastewater,5.88,6.23,2.02,7.9,8.25,WWMH,,INUS,Paraparaumu,PSM02814,1975
1767947.156,5470583.8785,13014989,KWWN004683,Wastewater,4.27,4.63,0.89,5.16,5.52,WWMH,,INUS,Paraparaumu,PSM05381,2000
1780672.805,5486108.2185,13014990,KWWN004974,Wastewater,,,,,,WWMH,,INUS,Otaki,OSM00847,1979
1768786.866,5472364.9725,13014991,KWWN004605,Wastewater,7.8,8.16,1.07,8.87,9.23,WWMH,,INUS,Paraparaumu,PSM05322,1999
1769714.48,5469354.2215,13014992,KWWN004249,Wastewater,6.47,6.83,2.48,8.95,9.31,WWMH,,INUS,Paraparaumu,PSM03180,1986
1769539.298,5469364.1905,13014993,KWWN004089,Wastewater,10.22,10.57,0.68,10.9,11.25,WWMH,,INUS,Paraparaumu,PSM02915,1979
1767633.356,5468855.7685,13014994,KWWN004910,Wastewater,,,,,,WWCON,,INUS,Paraparaumu,,2014
1768694.471,5469620.2995,13014995,KWWN004012,Wastewater,6.78,7.13,0.88,7.66,8.01,WWMH,,INUS,Paraparaumu,PSM02818,1975
1769061.286,5468515.4305,13014996,KWWN004191,Wastewater,12.5,12.85,1.58,14.08,14.43,WWMH,,INUS,Paraparaumu,PSM03074,1975
1768789.253,5469066.7105,13014997,KWWN004102,Wastewater,3.82,4.18,2.98,6.8,7.16,WWMH,,INUS,Paraparaumu,PSM02930,1975
1772091.997,5475981.8215,13014998,KWWN004461,Wastewater,2.05,2.41,1.39,3.44,3.8,WWMH,,INUS,Waikanae,WSM01264,1997
1769672.563,5469815.4535,13014999,KWWN004075,Wastewater,7.08,7.43,0.95,8.03,8.38,WWMH,,INUS,Paraparaumu,PSM02899,1977
1767828.259,5472756.5065,13015000,KWWN004779,Wastewater,,,,,,WWCON,,INUS,Paraparaumu,PSC00036,1980
1767057.455,5468577.9735,13015001,KWWN004753,Wastewater,,,,,,WWMH,,INUS,Paraparaumu,PSC00006,1980
1768385.65,5471179.6095,13015002,KWWN004802,Wastewater,,,,,,WWMH,,INUS,Paraparaumu,PSC00052,2000
1769298.663,5469863.5305,13015003,KWWN003997,Wastewater,6.51,6.86,3.33,9.84,10.19,WWMH,,INUS,Paraparaumu,PSM02803,1983
1767073.002,5466943.1055,13015004,KWWN004930,Wastewater,,,,,,WWWW,,INUS,Paraparaumu,PSP00077,1979
1769145.346,5468589.5105,13015005,KWWN004188,Wastewater,11.26,11.62,2.58,13.84,14.2,WWMH,,INUS,Paraparaumu,PSM03071,1975
1769664.732,5472809.1015,13015006,KWWN004376,Wastewater,-0.68,-0.32,2.28,1.6,1.96,WWMH,,INUS,Paraparaumu,PSM05054,1981
1766767.65,5468561.7245,13015007,KWWN004901,Wastewater,,,,,,WWCON,,INUS,Paraparaumu,,
1768065.773,5470868.4455,13015008,KWWN004880,Wastewater,,,,,,WWWW,,INUS,Paraparaumu,PSP00026,1980
1766530.731,5468118.7175,13015009,KWWN004906,Wastewater,,,,,,WWWW,,INUS,Paraparaumu,,
1768913.559,5468900.5655,13015010,KWWN004126,Wastewater,5.58,5.93,1.26,6.84,7.19,WWMH,,INUS,Paraparaumu,PSM02960,1975
1769579.076,5470067.7495,13015011,KWWN003994,Wastewater,7.53,7.88,1.4,8.93,9.28,WWMH,,INUS,Paraparaumu,PSM02799,1983
1768982.425,5469198.3165,13015012,KWWN004036,Wastewater,5.03,5.38,2.49,7.52,7.87,WWMH,,INUS,Paraparaumu,PSM02851,1975
1769591.537,5472717.7195,13015013,KWWN004353,Wastewater,-1.77,-1.41,4.57,2.8,3.16,WWMH,,INUS,Paraparaumu,PSM03316,1979
1768165.288,5468031.8745,13015014,KWWN004352,Wastewater,4.98,5.33,1.48,6.46,6.81,WWMH,,INUS,Paraparaumu,PSM03314,1980
1768811.964,5470468.0555,13015015,KWWN004504,Wastewater,7.46,7.81,1.24,8.7,9.05,WWMH,,INUS,Paraparaumu,PSM05221,1997
1768826.959,5468489.9555,13015016,KWWN004206,Wastewater,9.12,9.47,0.78,9.9,10.25,WWMH,,PRV,Paraparaumu,PSM03099,1975
1766923.538,5469051.5985,13015017,KWWN004339,Wastewater,1.33,1.69,1.71,3.04,3.4,WWMH,,INUS,Paraparaumu,PSM03295,1981
1773454.801,5473713.5875,13015018,KWWN004644,Wastewater,16.1,16.45,1.7,17.8,18.15,WWMH,,INUS,Waikanae,WSM01299,1998
1766400.131,5465822.0875,13015019,KWWN004992,Wastewater,,,,,,WWMH,,INUS,Paraparaumu,PSM00005,1979
1769408.841,5468341.4575,13015020,KWWN004256,Wastewater,17.72,18.07,2.11,19.83,20.18,WWMH,,INUS,Paraparaumu,PSM03187,1975
1767358.918,5467275.9185,13015021,KWWN004490,Wastewater,4.44,4.79,1.51,5.95,6.3,WWMH,,INUS,Paraparaumu,PSM05216,1980
1767278.163,5471109.3255,13015022,KWWN004878,Wastewater,,,,,,WWWW,,INUS,Paraparaumu,PSP00024,1980
1775260.863,5473959.0115,13015023,KWWN004567,Wastewater,69.77,70.12,0.92,70.69,71.04,WWMH,,INUS,Waikanae,WSM01295,1996
1769130.222,5469530.1865,13015024,KWWN004086,Wastewater,5.05,5.4,2.9,7.95,8.3,WWMH,,INUS,Paraparaumu,PSM02912,1977
1769941.91,5472184.7125,13015025,KWWN004391,Wastewater,11.61,11.97,1.44,13.05,13.41,WWMH,,INUS,Paraparaumu,PSM05114,1978
1769589.56,5469582.5635,13015026,KWWN004062,Wastewater,11.25,11.61,2.57,13.82,14.18,WWMH,,INUS,Paraparaumu,PSM02884,1977
1772020.896,5475441.8655,13015027,KWWN004454,Wastewater,2.08,2.44,0.94,3.02,3.38,WWMH,,INUS,Waikanae,WSM01257,1979
1768953.773,5467647.1715,13015028,KWWN004265,Wastewater,34.83,35.18,1.63,36.46,36.81,WWMH,,INUS,Paraparaumu,PSM03200,1979
1780779.861,5486056.9325,13015029,KWWN004978,Wastewater,8.01,8.38,0.95,8.96,9.33,WWMH,,INUS,Otaki,OSM00856,1979
1769716.135,5469836.8955,13015030,KWWN004077,Wastewater,7.64,7.99,0.61,8.25,8.6,WWMH,,INUS,Paraparaumu,PSM02902,1977
1766400.487,5465798.3285,13015031,KWWN004924,Wastewater,,,,,,WWWW,,INUS,Paraparaumu,PSP00071,1979
1766545.381,5467463.7995,13015032,KWWN005059,Wastewater,12.39,12.74,1.17,13.56,13.91,WWCE,,INUS,Paraparaumu,PSM00396,1978
1767916.902,5468453.1665,13015033,KWWN004864,Wastewater,,,,,,WWWW,,INUS,Paraparaumu,,
1767916.228,5468453.6565,13015034,KWWN004870,Wastewater,,,,,,WWCON,,INUS,Paraparaumu,,
1766642.223,5470171.2285,13015035,KWWN004813,Wastewater,,,,,,WWMH,,PRV,Paraparaumu,PSC00062,1999
1768608.002,5468092.4415,13015036,KWWN005132,Wastewater,,,,,,WWMH,,INUS,Paraparaumu,PSM01022,1979
1766623.705,5469805.1405,13015037,KWWN004892,Wastewater,,,,,,WWCON,,INUS,Paraparaumu,,
1769665.423,5472492.5755,13015038,KWWN004798,Wastewater,,,,,,WWMH,,INUS,Paraparaumu,PSC00045,1980
1769189.605,5468913.8095,13015039,KWWN004173,Wastewater,,,,9.12,9.47,WWMH,,INUS,Paraparaumu,PSM03040,1975
1768660.746,5471900.5515,13015040,KWWN004868,Wastewater,,,,,,WWWW,,INUS,Paraparaumu,PSP00012,1980
1769219.239,5470986.3655,13015041,KWWN004859,Wastewater,,,,,,WWWW,,INUS,Paraparaumu,,1980
1768195.702,5472944.1475,13015042,KWWN004670,Wastewater,1.48,1.84,1.2,2.69,3.04,WWMH,,INUS,Paraparaumu,PSM05372,1980
1769604.095,5469742.8915,13015043,KWWN004073,Wastewater,5.79,6.14,2.27,8.06,8.41,WWMH,,INUS,Paraparaumu,PSM02897,1977
1766507.485,5467534.2005,13015044,KWWN005060,Wastewater,,,,,,WWCE,,INUS,Paraparaumu,PSM00410,1978
1768561.518,5469474.8775,13015045,KWWN004014,Wastewater,5.3,5.66,1.52,6.82,7.18,WWMH,,INUS,Paraparaumu,PSM02821,1975
1768979.164,5467705.8515,13015046,KWWN004266,Wastewater,30.55,30.89,1.32,31.87,32.22,WWMH,,INUS,Paraparaumu,PSM03201,1979
1769561.142,5468783.0795,13015047,KWWN004210,Wastewater,9.68,10.03,2.42,12.1,12.45,WWMH,,INUS,Paraparaumu,PSM03119,1975
1768919.01,5468824.3165,13015048,KWWN004127,Wastewater,5.45,5.8,1.96,7.41,7.76,WWMH,,INUS,Paraparaumu,PSM02961,1975
1766657.704,5467054.1055,13015049,KWWN005056,Wastewater,,,,,,WWMH,,INUS,Paraparaumu,PSM00387,1979
1768602.511,5470596.6955,13015050,KWWN004480,Wastewater,1.36,1.71,3.47,4.83,5.18,WWMH,,INUS,Paraparaumu,PSM05212,1981
1780300.392,5486641.6425,13015051,KWWN004970,Wastewater,3.66,4.03,1.53,5.19,5.56,WWMH,,INUS,Otaki,OSM00859,1979
1782889.767,5486011.9845,13015052,KWWN005472,Wastewater,32.46,32.84,1.4,33.86,34.24,WWMH,,INUS,Otaki,20040203114659,2004
1768534.462,5469986.3385,13015053,KWWN005486,Wastewater,3.98,4.33,1.98,5.96,6.31,WWCE,,PRV,Paraparaumu,20040210145132,2003
1781450.688,5485503.8165,13015054,KWWN005978,Wastewater,10.9,11.28,1.26,12.16,12.54,WWMH,,PRV,Otaki,20100406104342,2009
1768941.883,5472452.0185,13015055,KWWN005609,Wastewater,4.72,5.08,1.68,6.4,6.76,WWMH,,INUS,Paraparaumu,20040823092647,2004
1780714.738,5486110.1965,13015056,KWWN005790,Wastewater,,,,,,WWMH,,INUS,Otaki,20070424140524,1980
1781921.33,5485522.9305,13015057,KWWN005697,Wastewater,9.18,9.56,3.14,12.32,12.7,WWMH,,INUS,Otaki,20050713105314,2005
1766435.236,5467316.5305,13015058,KWWN005857,Wastewater,,,1.2,,,WWCE,,INUS,Paraparaumu,20080331160456,2005
1767473.049,5466405.8055,13015059,KWWN005249,Wastewater,6.98,7.33,0.98,7.96,8.31,WWMH,,INUS,Paraparaumu,PSM03298,1980
1767215.034,5470857.7875,13015060,KWWN005191,Wastewater,,,,,,WWCE,,INUS,Paraparaumu,PSM02209,1979
1769808.276,5470406.3695,13015061,KWWN005653,Wastewater,7.09,7.44,2.17,9.26,9.61,WWMH,,INUS,Paraparaumu,20050630135431,2005
1766931.86,5469095.8295,13015062,KWWN005248,Wastewater,,,,,,WWMH,,INUS,Paraparaumu,PSM03296,1980
1769879.432,5473072.6165,13015063,KWWN005412,Wastewater,3.26,3.62,1.4,4.66,5.01,WWMH,,PRV,Waikanae,20030627154630,2002
1768909.435,5470920.6485,13015064,KWWN006017,Wastewater,,,3.2,,,WWWW,,INUS,Paraparaumu,,2012
1770049.506,5469985.1015,13015065,KWWN005264,Wastewater,,,,,,WWCON,,PRV,Paraparaumu,BizeAsset27,1979
1767852.388,5472108.1935,13015066,KWWN005213,Wastewater,2.25,2.6,1,3.25,3.6,WWCE,,INUS,Paraparaumu,PSM02658,1979
1769978.818,5473156.6175,13015067,KWWN005593,Wastewater,2.93,3.29,1.38,4.31,4.67,WWMH,,INUS,Waikanae,20040713104443,2003
1769754.859,5471673.5325,13015068,KWWN005547,Wastewater,,,,,,WWCON,,INUS,Paraparaumu,20040217152149,2002
1767239.92,5467716.0505,13015069,KWWN005742,Wastewater,4.82,5.17,0.78,5.6,5.95,WWMH,,INUS,Paraparaumu,20060714095005,2005
1773137.527,5472279.3075,13015070,KWWN005808,Wastewater,18.08,18.44,1.5,19.58,19.94,WWMH,,INUS,Waikanae,20071116084753,2000
1767170.926,5467216.5925,13015071,KWWN005446,Wastewater,,,,,,WWCE,,INUS,Paraparaumu,20040107081210,2002
1769175.972,5472594.7525,13015072,KWWN005618,Wastewater,1.42,1.78,3.65,5.07,5.43,WWMH,,INUS,Paraparaumu,20040823094022,2004
1769048.554,5472019.2405,13015073,KWWN005668,Wastewater,2.67,3.03,1.01,3.68,4.04,WWMH,,PRV,Paraparaumu,20050707093347,2005
1772414.975,5474079.9075,13015074,KWWN006034,Wastewater,12.32,12.68,1.57,13.89,14.25,WWMH,,INUS,Waikanae,20100420140713,2009
1767127.54,5467731.6315,13015075,KWWN005746,Wastewater,4.56,4.91,1.13,5.69,6.04,WWMH,,INUS,Paraparaumu,20060714105704,2005
1767554.792,5466328.7265,13015076,KWWN005044,Wastewater,,,,,,WWMH,,INUS,Paraparaumu,PSM00298,1980
1766519.289,5467650.1845,13015077,KWWN005250,Wastewater,12.18,12.53,0.68,12.86,13.21,WWCE,,INUS,Paraparaumu,PSM03299,1978
1774994.957,5472996.9485,13015078,KWWN006228,Wastewater,,,,,,WWCE,,PRV,Waikanae,2011101114082,
1766484.131,5467188.9855,13015079,KWWN005384,Wastewater,4.91,5.26,2.79,7.7,8.05,WWMH,,INUS,Paraparaumu,20030413082107,2003
1768568.389,5471051.3585,13015080,KWWN005490,Wastewater,3.78,4.14,1.09,4.88,5.23,WWMH,,INUS,Paraparaumu,20040212100652,2003
1769023.778,5470661.9595,13015081,KWWN005352,Wastewater,2.79,3.14,2.94,5.73,6.08,WWMH,,INUS,Paraparaumu,20030502121112,2003
1769790.246,5471630.6785,13015082,KWWN005551,Wastewater,,,,,,UNK,,INUS,Paraparaumu,20040218080120,2002
1768607.95,5467524.3235,13015083,KWWN005432,Wastewater,75.18,75.53,0.88,76.06,76.41,WWMH,,INUS,Paraparaumu,20030822092139,2003
1767321.349,5468781.7395,13015084,KWWN005911,Wastewater,5.5,5.85,0.89,6.39,6.74,WWCE,,INUS,Paraparaumu,20090811154352,2008
1769258.058,5467429.5945,13015085,KWWN005775,Wastewater,45.41,45.76,1.07,46.48,46.83,WWMH,,INUS,Paraparaumu,20061124102230,2006
1768514.402,5472010.7335,13015086,KWWN005143,Wastewater,,,,,,WWMH,,INUS,Paraparaumu,PSM01368,1980
1772561.648,5474262.0835,13015087,KWWN006039,Wastewater,16.68,17.04,1.4,18.08,18.44,WWMH,,INUS,Waikanae,20100420144545,2009
1766331.628,5466170.0035,13015088,KWWN005028,Wastewater,,,,,,WWCE,,INUS,Paraparaumu,PSM00192,1979
1770103.544,5470231.8285,13015089,KWWN005872,Wastewater,6.74,7.1,1.27,8.01,8.37,WWMH,,INUS,Paraparaumu,20080418151718,2007
1774380.275,5473235.6755,13015090,KWWN005341,Wastewater,,,,,,WWCE,,INUS,Waikanae,20030501113612,2003
1768172.177,5470761.7865,13015091,KWWN005302,Wastewater,-0.39,-0.04,4.9,4.51,4.87,WWMH,,INUS,Paraparaumu,20030326094508,2003
1768735.348,5468973.4275,13015092,KWWN005974,Wastewater,,,1.7,,,WWMH,,INUS,Paraparaumu,20100330165127,2010
1767746.676,5468946.5295,13015093,KWWN005326,Wastewater,7.91,8.26,0.87,8.78,9.13,WWMH,,INUS,Paraparaumu,20030430115859,2001
1769115.368,5471285.3205,13015094,KWWN006008,Wastewater,5.46,5.81,1.1,6.56,6.91,WWMH,,INUS,Paraparaumu,20100419160434,2008
1769373.139,5468276.7535,13015095,KWWN005728,Wastewater,,,,,,UNK,,INUS,Paraparaumu,20050714155606,2004
1768054.817,5467741.2095,13015096,KWWN005462,Wastewater,5.51,5.86,0.84,6.35,6.7,WWMH,,INUS,Paraparaumu,20040116121017,2003
1768045.473,5470693.6605,13015097,KWWN005394,Wastewater,1.28,1.63,4.04,5.32,5.67,WWMH,,INUS,Paraparaumu,20030619152809,2003
1766917.079,5468694.9515,13015098,KWWN005088,Wastewater,,,,,,WWCON,,INUS,Paraparaumu,PSM00663,1980
1768681.083,5470822.4645,13015099,KWWN005889,Wastewater,3.7,4.05,1.52,5.22,5.57,WWMH,,PRV,Paraparaumu,20080520113417,2000
1766381.289,5466999.8335,13015100,KWWN005050,Wastewater,,,,,,WWMH,,INUS,Paraparaumu,PSM00330,1979
1768980.564,5472531.8705,13015101,KWWN005611,Wastewater,4.34,4.7,1,5.34,5.7,WWMH,,INUS,Paraparaumu,20040823092908,2004
1767855.814,5469246.4615,13015102,KWWN005399,Wastewater,5.04,5.39,2.36,7.4,7.75,WWMH,,INUS,Paraparaumu,20030623115409,2002
1767881.844,5470535.3355,13015103,KWWN005269,Wastewater,,,,,,WWCON,,INUS,Paraparaumu,BizeAsset35,2000
1781255.14,5485025.4665,13015104,KWWN005962,Wastewater,,,,,,WWMH,,INUS,Otaki,20091204105255,2008
1769101.465,5470715.5495,13015105,KWWN005582,Wastewater,4.41,4.76,2.19,6.6,6.95,WWWW,,INUS,Paraparaumu,PSP00016,2004
1768967.592,5472609.5885,13015106,KWWN005610,Wastewater,4.84,5.2,0.91,5.75,6.11,WWMH,,INUS,Paraparaumu,20040823092757,2004
1771508.27,5473039.5665,13015107,KWWN005262,Wastewater,,,,,,WWMH,,INUS,Waikanae,BizeAsset7,1979
1769126.246,5471003.9045,13015108,KWWN005453,Wastewater,3.44,3.79,2.29,5.73,6.08,WWMH,,INUS,Paraparaumu,20040114152326,2003
1772374.344,5474065.7915,13015109,KWWN006036,Wastewater,13.93,14.29,1.96,15.89,16.25,WWMH,,INUS,Waikanae,20100420140832,2009
1768675.338,5467314.5055,13015110,KWWN005674,Wastewater,112.14,112.49,1.76,113.9,114.25,WWMH,,INUS,Paraparaumu,20050708092916,2005
1771701.14,5475026.0785,13015111,KWWN005500,Wastewater,,,,,,WWVA,,INUS,Waikanae,20040213105555,2001
1769764.708,5470451.9145,13015112,KWWN005665,Wastewater,,,,,,WWVA,,INUS,Paraparaumu,20050630145644,2005
1766699.227,5470280.8335,13015113,KWWN005487,Wastewater,9.71,10.07,0.5,10.21,10.57,WWMH,,PRV,Paraparaumu,20040210161114,2000
1768965.587,5467632.5295,13015114,KWWN005236,Wastewater,35.24,35.59,1.33,36.57,36.92,WWMH,,INUS,Paraparaumu,PSM03199,1979
1769149.388,5469863.8315,13015115,KWWN005220,Wastewater,,,,,,WWCE,,INUS,Paraparaumu,PSM02767,1979
1768916.509,5468627.1495,13015116,KWWN005318,Wastewater,,,,,,WWMH,,PRV,Paraparaumu,20030429123332,2003
1772723.856,5474001.8905,13015117,KWWN005664,Wastewater,,,,,,WWMH,,INUS,Waikanae,,2009
1767942.726,5470589.4395,13015118,KWWN005266,Wastewater,,,,,,WWCON,,INUS,Paraparaumu,BizeAsset32,2000
1769311.838,5470848.7315,13015119,KWWN005219,Wastewater,3.85,4.21,2.43,6.28,6.63,WWMH,,INUS,Paraparaumu,PSM02718,1983
1768683.522,5468666.0415,13015120,KWWN005970,Wastewater,7.55,7.91,,,,WWMH,,INUS,Paraparaumu,20100325094928,2000
1770328.067,5473358.3845,13015121,KWWN005565,Wastewater,2.71,3.07,1.29,4,4.36,WWMH,,INUS,Waikanae,20040224095849,2002
1768555.286,5470766.3715,13015122,KWWN005763,Wastewater,4.21,4.56,1.54,5.75,6.1,WWMH,,INUS,Paraparaumu,20061005173922,2000
1768928.74,5469203.7835,13015123,KWWN005705,Wastewater,6.65,7,0.56,7.21,7.56,WWMH,,PRV,Paraparaumu,20050713150220,2004
1783160.978,5485484.6805,13015124,KWWN005813,Wastewater,36.61,36.99,2,38.61,38.99,WWMH,,INUS,Otaki,20071121095708,2005
1770481.242,5473302.5265,13015125,KWWN005521,Wastewater,,,,,,UNK,,INUS,Waikanae,20040217085207,2001
1768323.58,5470946.2345,13015126,KWWN005451,Wastewater,2.66,3.01,2.53,5.19,5.54,WWMH,,INUS,Paraparaumu,20040114104704,2003
1774892.136,5472921.4015,13015127,KWWN005806,Wastewater,,,1.6,,,WWMH,,INUS,Waikanae,20071115143528,1984
1768204.859,5468513.3725,13015128,KWWN005694,Wastewater,5.08,5.43,0.92,6,6.35,WWMH,,INUS,Paraparaumu,20050713084057,2004
1766425.597,5466139.6345,13015129,KWWN005032,Wastewater,,,,,,WWCE,,INUS,Paraparaumu,PSM00216,1979
1770126.16,5470468.5445,13015130,KWWN005757,Wastewater,7.63,7.99,1.24,8.88,9.23,WWMH,,INUS,Paraparaumu,20060803113914,2005
1768638.676,5467339.5615,13015131,KWWN005673,Wastewater,110.06,110.41,1.89,111.95,112.3,WWMH,,INUS,Paraparaumu,20050708092842,2005
1767011.893,5469137.2365,13015132,KWWN005103,Wastewater,,,,,,WWCE,,INUS,Paraparaumu,PSM00772,1980
1766492.28,5467224.7845,13015133,KWWN005383,Wastewater,4.71,5.06,2.39,7.1,7.45,WWMH,,INUS,Paraparaumu,20030413082021,2003
1769707.756,5472830.9595,13015134,KWWN005536,Wastewater,,,,,,UNK,,INUS,Paraparaumu,20040217100944,2002
1768517.659,5467403.9825,13015135,KWWN005670,Wastewater,89.21,89.56,1.58,90.79,91.14,WWMH,,INUS,Paraparaumu,20050708092403,2005
1783227.147,5485431.3875,13015136,KWWN005815,Wastewater,38.79,39.17,1.7,40.49,40.87,WWMH,,INUS,Otaki,20071121095946,2005
1769025.269,5471285.7095,13015137,KWWN006010,Wastewater,2.8,3.15,1.8,4.6,4.95,WWMH,,INUS,Paraparaumu,20100419160624,2008
1767065.523,5467757.4315,13015138,KWWN005740,Wastewater,5.12,5.47,1.52,6.64,6.99,WWMH,,INUS,Paraparaumu,20060714094836,2005
1767152.078,5468976.6265,13015139,KWWN005084,Wastewater,6.13,6.48,1,7.13,7.48,WWCE,,INUS,Paraparaumu,PSM00633,1981
1766993.1,5470871.6445,13015140,KWWN005188,Wastewater,4.1,4.45,1.32,5.41,5.77,WWCE,,INUS,Paraparaumu,PSM02164,1978
1772441.889,5474063.8255,13015141,KWWN006033,Wastewater,11.97,12.33,1.11,13.08,13.44,WWMH,,INUS,Waikanae,20100420140652,2009
1771882.416,5473220.1155,13015142,KWWN005860,Wastewater,5.89,6.25,1.22,7.11,7.47,WWCON,,INUS,Waikanae,20080404115331,2007
1770012.429,5473206.4945,13015143,KWWN005597,Wastewater,3.37,3.73,1.03,4.4,4.76,WWMH,,INUS,Waikanae,20040714144035,2003
1772835.671,5473037.7285,13015144,KWWN005727,Wastewater,,,1.25,,,WWMH,,INUS,Waikanae,20050714154201,2004
1770084.966,5470513.1495,13015145,KWWN005754,Wastewater,9.98,10.33,1.07,11.05,11.4,WWMH,,INUS,Paraparaumu,20060803113306,2005
1768634.845,5470940.9625,13015146,KWWN005372,Wastewater,3.86,4.21,0.83,4.69,5.04,WWMH,,INUS,Paraparaumu,20030406085633,2003
1771895.581,5475640.3565,13015147,KWWN005584,Wastewater,5.5,5.86,1.13,6.63,6.99,WWMH,,INUS,Waikanae,20040712144731,2003
1769078.372,5472831.5365,13015148,KWWN005918,Wastewater,1.33,1.69,2.87,4.2,4.56,WWMH,,INUS,Paraparaumu,20090825103928,2008
1769306.242,5469688.5795,13015149,KWWN005458,Wastewater,7.58,7.93,1.26,8.84,9.19,WWMH,,INUS,Paraparaumu,20040115110003,2002
1768882.858,5468654.7895,13015150,KWWN005317,Wastewater,8.07,8.42,1.25,9.32,9.67,WWMH,,PRV,Paraparaumu,20030429123100,2003
1767897.121,5472607.7255,13015151,KWWN005355,Wastewater,,,,,,WWMH,,INUS,Paraparaumu,20030502150553,2003
1770219.911,5470364.0755,13015152,KWWN005787,Wastewater,7.61,7.96,1.65,9.25,9.61,WWMH,,INUS,Paraparaumu,20070327112716,2006
1770010.778,5470223.9455,13015153,KWWN005869,Wastewater,,,,,,WWMH,,INUS,Paraparaumu,20080418151601,2007
1767928.532,5472011.4665,13015154,KWWN005149,Wastewater,4.54,4.9,1,5.54,5.9,WWCE,,INUS,Paraparaumu,PSM01417,1979
1773756.083,5472381.4505,13015155,KWWN005346,Wastewater,22.55,22.9,1.45,24,24.35,WWMH,,INUS,Waikanae,20030501123009,2003
1766462.894,5465897.8775,13015156,KWWN005030,Wastewater,,,,,,WWMH,,INUS,Paraparaumu,PSM00205,1979
1780376.516,5486218.7855,13015157,KWWN005687,Wastewater,5.24,5.61,1.3,6.54,6.91,WWMH,,INUS,Otaki,20050712153036,2004
1767094.832,5467723.0105,13015158,KWWN005738,Wastewater,3.75,4.1,1.89,5.64,5.99,WWMH,,INUS,Paraparaumu,20060714094611,2005
1769766.961,5470469.8785,13015159,KWWN005655,Wastewater,7.98,8.33,0.85,8.83,9.18,WWMH,,INUS,Paraparaumu,20050630135621,2005
1766618.437,5466084.6445,13015160,KWWN005708,Wastewater,,,,11.91,12.26,WWCE,,INUS,Paraparaumu,20050713155108,2004
1780728.259,5486835.8985,13015161,KWWN005951,Wastewater,,,,,,WWMH,,INUS,Otaki,20091203111540,2008
1773721.102,5472740.5575,13015162,KWWN005378,Wastewater,18.75,19.11,2.02,20.77,21.13,WWMH,,INUS,Waikanae,20030413064509,2003
1766722.3,5467778.2835,13015163,KWWN005467,Wastewater,3.19,3.54,1.9,5.09,5.44,WWMH,,INUS,Paraparaumu,20040122085257,2002
1766751.729,5466590.1075,13015164,KWWN005035,Wastewater,5.87,6.22,2.97,8.84,9.19,WWMH,,INUS,Paraparaumu,PSM00229,1979
1770061.228,5473121.9925,13015165,KWWN005402,Wastewater,2.64,3,1.15,3.79,4.15,WWMH,,PRV,Waikanae,20030627145847,2003
1783316.636,5485731.0865,13015166,KWWN005338,Wastewater,42.26,42.64,0.96,43.22,43.6,WWMH,,INUS,Otaki,20030501094731,2000
1770013.725,5471883.8555,13015167,KWWN005544,Wastewater,,,,,,UNK,,INUS,Paraparaumu,20040217143526,2002
1768089.138,5472406.9495,13015168,KWWN005207,Wastewater,,,,,,WWMH,,INUS,Paraparaumu,PSM02520,1980
1781801.428,5485515.4185,13015169,KWWN005700,Wastewater,10.48,10.86,1.85,12.33,12.71,WWMH,,INUS,Otaki,20050713105622,2005
1767090.286,5467663.7995,13015170,KWWN005734,Wastewater,3.21,3.56,2.22,5.43,5.78,WWMH,,INUS,Paraparaumu,20060714093945,2005
1766800.958,5468502.7765,13015171,KWWN005855,Wastewater,2.79,3.15,1.25,4.04,4.4,WWMH,,INUS,Paraparaumu,20071210163420,2003
1778925.201,5487892.9535,13015172,KWWN005839,Wastewater,,,,,,WWCON,,PRV,Otaki,20071123144928,2006
1768589.547,5467526.4115,13015173,KWWN005431,Wastewater,72.94,73.29,1.33,74.27,74.62,WWMH,,INUS,Paraparaumu,20030822091845,2003
1783105.215,5485354.3105,13015174,KWWN005678,Wastewater,35.01,35.39,1.57,36.58,36.96,WWMH,,INUS,Otaki,20050712111214,2004
1769147.863,5469393.1785,13015175,KWWN005171,Wastewater,7.78,8.13,0.55,8.33,8.68,WWCE,,INUS,Paraparaumu,PSM01652,1977
1766227.146,5465990.2995,13015176,KWWN005020,Wastewater,,,,,,WWCE,,PRV,Paraparaumu,PSM00113,1979
1778967.453,5487861.4065,13015177,KWWN005848,Wastewater,,,,,,WWVA,,INUS,Otaki,20071123150107,2006
1769152.563,5472477.2075,13015178,KWWN005615,Wastewater,2.77,3.13,1.3,4.07,4.43,WWMH,,INUS,Paraparaumu,20040823093643,2004
1769800.08,5470474.0895,13015179,KWWN005656,Wastewater,9.43,9.78,0.86,10.29,10.64,WWMH,,INUS,Paraparaumu,20050630135701,2005
1781897.83,5485785.9315,13015180,KWWN005875,Wastewater,9.54,9.92,1.93,11.47,11.85,WWMH,,INUS,Otaki,20080421104450,2007
1783314.601,5485385.0085,13015181,KWWN005821,Wastewater,,,,44.47,44.85,WWCE,,PRV,Otaki,20071121100406,2005
1772309.016,5475707.8845,13015182,KWWN005495,Wastewater,,,,,,UNK,,INUS,Waikanae,20040213085424,2001
1766950.117,5468743.5325,13015183,KWWN005096,Wastewater,2.12,2.48,1.02,3.14,3.5,WWCE,,INUS,Paraparaumu,PSM00716,1980
1767955.274,5469201.4975,13015184,KWWN005400,Wastewater,5.97,6.32,0.99,6.96,7.31,WWMH,,INUS,Paraparaumu,20030623115510,2002
1768381.815,5470822.4595,13015185,KWWN005443,Wastewater,0.86,1.21,3.96,4.82,5.17,WWMH,,INUS,Paraparaumu,20031016155159,2003
1780508.332,5486667.6405,13015186,KWWN005987,Wastewater,5.33,5.7,0.63,5.96,6.33,WWMH,,PRV,Otaki,20100415102152,2004
1774395.253,5473228.8815,13015187,KWWN005342,Wastewater,,,,,,WWCE,,INUS,Waikanae,20030501114400,2003
1767832.955,5471961.9345,13015188,KWWN005276,Wastewater,,,,,,WWMH,,PRV,Paraparaumu,20030211164314,2003
1766575.479,5466455.9195,13015189,KWWN005033,Wastewater,,,,,,WWCE,,INUS,Paraparaumu,PSM00217,2018
1781464.516,5485784.8475,13015190,KWWN005928,Wastewater,9.17,9.55,1.12,10.29,10.67,WWMH,,INUS,Otaki,20090908143154,2007
1768390.615,5468010.0505,13015191,KWWN005480,Wastewater,3.44,3.79,1.81,5.25,5.6,WWMH,,INUS,Paraparaumu,20040210083304,1996
1769722.195,5472379.9205,13015192,KWWN005539,Wastewater,1.41,1.77,1.4,2.81,3.17,WWMH,,INUS,Paraparaumu,20040217112440,2002
1768649.774,5470915.5105,13015193,KWWN005370,Wastewater,3.44,3.79,1.24,4.68,5.03,WWMH,,INUS,Paraparaumu,20030406085325,2003
1783264.114,5485688.0785,13015194,KWWN005794,Wastewater,,,0.9,,,WWMH,,INUS,Otaki,20070427103323,
1768593.555,5470296.7315,13015195,KWWN005711,Wastewater,3.31,3.66,,,,WWMH,,INUS,Paraparaumu,20050713165930,2005
1769914.909,5471264.5105,13015196,KWWN005556,Wastewater,4.08,4.43,2,6.08,6.43,WWVA,,INUS,Paraparaumu,20040218091340,2002
1767641.041,5469014.7155,13015197,KWWN005287,Wastewater,5.35,5.7,0.97,6.32,6.67,WWMH,,INUS,Paraparaumu,20030217065508,2001
1769340.431,5472661.3415,13015198,KWWN005620,Wastewater,0.05,0.41,3.97,4.02,4.38,WWMH,,INUS,Paraparaumu,20040823094328,2004
1781209.57,5485137.4365,13015199,KWWN005958,Wastewater,8.99,9.36,2.35,11.34,11.71,WWMH,,INUS,Otaki,20091204105034,2008
1766438.259,5466855.0325,13015200,KWWN005049,Wastewater,,,,,,WWCE,,INUS,Paraparaumu,PSM00323,1979
1771006.265,5474109.7745,13015201,KWWN005511,Wastewater,,,,,,UNK,,INUS,Waikanae,20040213163342,2001
1771771.032,5475604.8995,13015202,KWWN005589,Wastewater,2.41,2.77,1.78,4.19,4.55,WWMH,,INUS,Waikanae,20040712151616,2003
1767055.37,5470771.7795,13015203,KWWN005380,Wastewater,2.23,2.58,1.78,4.01,4.36,WWMH,,INUS,Paraparaumu,20030413071307,2003
1769763.545,5472862.8865,13015204,KWWN005532,Wastewater,,,,,,WWMH,,INUS,Paraparaumu,20040217100208,2002
1769146.533,5472768.3355,13015205,KWWN005920,Wastewater,2.21,2.57,2.58,4.79,5.15,WWMH,,INUS,Paraparaumu,20090825104055,2008
1767531.444,5472136.9815,13015206,KWWN005201,Wastewater,,,,,,WWMH,,INUS,Paraparaumu,PSM02412,1980
1769789.449,5469898.5655,13015207,KWWN005391,Wastewater,8.4,8.75,0.83,9.23,9.58,WWMH,,INUS,Paraparaumu,20030611161817,2003
1767542.06,5468720.9865,13015208,KWWN005320,Wastewater,,,,,,WWCON,,INUS,Paraparaumu,,2014
1770089.287,5473248.8185,13015209,KWWN005603,Wastewater,3.93,4.29,1.36,5.29,5.65,WWMH,,INUS,Waikanae,20040715093616,2003
1767716.671,5472459.1535,13015210,KWWN005333,Wastewater,-0.5,-0.14,2.85,2.35,2.71,WWMH,,PRV,Paraparaumu,20030430145723,2003
1770282.263,5472043.1975,13015211,KWWN005270,Wastewater,,,,,,WWMH,,INUS,Paraparaumu,,
1769612.985,5469401.9035,13015212,KWWN005635,Wastewater,,,,,,WWVA,,INUS,Paraparaumu,20050215093135,2004
1769088.41,5471336.4155,13015213,KWWN006006,Wastewater,4.18,4.53,0.43,4.61,4.96,WWMH,,INUS,Paraparaumu,20100419160352,2008
1766633.705,5467616.7955,13015214,KWWN005572,Wastewater,4.26,4.62,3.86,8.12,8.47,WWMH,,INUS,Paraparaumu,20040226131334,2002
1778889.942,5487534.3095,13015215,KWWN005832,Wastewater,3.06,3.43,0.68,3.74,4.11,WWMH,,INUS,Otaki,20071123092013,2006
1768465.986,5471004.7895,13015216,KWWN005364,Wastewater,3.81,4.16,0.87,4.68,5.03,WWMH,,INUS,Paraparaumu,20030406075916,2003
1767481.014,5471169.4255,13015217,KWWN005190,Wastewater,2.41,2.76,0.83,3.24,3.59,WWMH,,INUS,Paraparaumu,PSM02182,1979
1768523.054,5471740.5175,13015218,KWWN005216,Wastewater,,,1.79,,,WWCE,,INUS,Paraparaumu,PSM02674,1980
1769702.66,5470378.6895,13015219,KWWN005651,Wastewater,7.62,7.97,0.67,8.29,8.64,WWMH,,INUS,Paraparaumu,20050630120137,2005
1769126.486,5470672.8835,13015220,KWWN005583,Wastewater,,,,,,UNK,,INUS,Paraparaumu,20040708153814,2004
1768793.271,5470716.0365,13015221,KWWN005896,Wastewater,4.33,4.68,0.99,5.32,5.67,WWMH,,PRV,Paraparaumu,20080520115528,2000
1769019.427,5472483.9935,13015222,KWWN005614,Wastewater,3.87,4.23,1.12,4.99,5.35,WWMH,,INUS,Paraparaumu,20040823093318,2004
1770108.241,5473361.3495,13015223,KWWN005599,Wastewater,8.98,9.34,0.85,9.83,10.19,WWMH,,INUS,Waikanae,20040715093352,2003
1783157.135,5485343.0285,13015224,KWWN005681,Wastewater,35.43,35.81,1.34,36.77,37.15,WWMH,,INUS,Otaki,20050712111515,2004
1781374.848,5485865.5835,13015225,KWWN005864,Wastewater,8.62,9,1.41,10.03,10.41,WWMH,,INUS,Otaki,20080407103408,2008
1772599.008,5474005.7715,13015226,KWWN006023,Wastewater,10.42,10.78,3.76,14.18,14.54,WWMH,,INUS,Waikanae,20100420113701,2009
1768993.44,5472850.6985,13015227,KWWN005916,Wastewater,0.73,1.09,2.95,3.68,4.04,WWMH,,INUS,Paraparaumu,20090825103759,2008
1769110.114,5470736.4275,13015228,KWWN005579,Wastewater,4.07,4.42,2.25,6.32,6.67,WWMH,,INUS,Paraparaumu,20040708151006,2004
1780744.64,5486604.3335,13015229,KWWN005880,Wastewater,6.27,6.64,1.06,7.33,7.7,WWMH,,INUS,Otaki,20080424104550,2008
1767138.572,5467716.2425,13015230,KWWN005750,Wastewater,4.63,4.98,1.02,5.65,6,WWMH,,INUS,Paraparaumu,20060714105908,2005
1773487.971,5473599.9795,13015231,KWWN005416,Wastewater,,,,,,WWMH,,PRV,Waikanae,20030717131131,2001
1770491.117,5473325.7535,13015232,KWWN005518,Wastewater,5.14,5.49,2.19,7.33,7.68,WWVA,,INUS,Waikanae,20040216143706,2001
1772361.387,5474139.7565,13015233,KWWN006043,Wastewater,13.39,13.75,1.3,14.69,15.05,WWMH,,INUS,Waikanae,20100420145441,2009
1768510.435,5470510.6855,13015234,KWWN005292,Wastewater,,,,,,WWCE,,INUS,Paraparaumu,20030217073125,2003
1783241.42,5485298.2845,13015235,KWWN005827,Wastewater,39.79,40.17,1.76,41.55,41.93,WWMH,,INUS,Otaki,20071121152407,2006
1771797.623,5475616.0775,13015236,KWWN005590,Wastewater,2.36,2.72,1.8,4.16,4.52,WWMH,,INUS,Waikanae,20040712151717,2003
1768728.588,5468189.4735,13015237,KWWN005769,Wastewater,,,2.3,,,WWMH,,INUS,Paraparaumu,20061025120545,1980
1768519.486,5470512.1455,13015238,KWWN005293,Wastewater,,,,,,WWCE,,INUS,Paraparaumu,20030217073143,2003
1767005.324,5467710.2685,13015239,KWWN005752,Wastewater,9.18,9.53,0.9,10.08,10.43,WWMH,,INUS,Paraparaumu,20060714110041,2005
1766535.104,5468101.0015,13015240,KWWN006219,Wastewater,,,,,,WWCON,,INUS,Paraparaumu,20110912143751,2011
1778902.654,5487483.4595,13015241,KWWN005836,Wastewater,5.54,5.91,1.37,6.91,7.28,WWMH,,INUS,Otaki,20071123092311,2006
1768438.358,5468068.7585,13015242,KWWN005477,Wastewater,3.07,3.42,2.04,5.11,5.46,WWMH,,INUS,Paraparaumu,20040210083030,1996
1780715.928,5486655.0155,13015243,KWWN005881,Wastewater,5.82,6.19,1.6,7.42,7.79,WWMH,,INUS,Otaki,20080424104639,2008
1778822.234,5486193.0235,13015244,KWWN005906,Wastewater,,,,,,WWMH,,PRV,Otaki,20090806105328,2008
1767033.729,5467707.1815,13015245,KWWN005743,Wastewater,6.57,6.92,1.38,7.95,8.3,WWMH,,INUS,Paraparaumu,20060714095101,2005
1773615.067,5472703.7915,13015246,KWWN005414,Wastewater,19.58,19.94,1.26,20.84,21.2,WWMH,,INUS,Waikanae,20030714094520,2003
1768941.029,5469188.1325,13015247,KWWN005706,Wastewater,6.46,6.81,0.9,7.36,7.71,WWMH,,PRV,Paraparaumu,20050713150246,2004
1772248.798,5472848.5005,13015248,KWWN005851,Wastewater,8.23,8.59,1.51,9.74,10.1,WWMH,,INUS,Waikanae,20071129162850,2007
1770019.053,5469325.6675,13015249,KWWN005942,Wastewater,16.42,16.77,4.06,20.48,20.83,WWMH,,INUS,Paraparaumu,20091126114741,2007
1766747.855,5469982.0845,13015250,KWWN005897,Wastewater,3.58,3.93,1.33,4.9,5.26,WWMH,,INUS,Paraparaumu,20080922095754,2006
1770106.686,5470380.7975,13015251,KWWN005778,Wastewater,5.49,5.85,2.86,8.36,8.71,WWMH,,INUS,Paraparaumu,20061206132944,2006
1781431.845,5485689.1155,13015252,KWWN005930,Wastewater,9.29,9.67,1.46,10.75,11.13,WWMH,,INUS,Otaki,20090908143304,2007
1768197.723,5467532.9385,13015253,KWWN005310,Wastewater,6.58,6.92,1.19,7.77,8.11,WWMH,,INUS,Paraparaumu,20030413130410,2003
1769323.672,5469701.0415,13015254,KWWN005459,Wastewater,,,,8.76,9.11,WWCE,,INUS,Paraparaumu,20040115110114,2002
1771047.041,5473951.2325,13015255,KWWN005641,Wastewater,9.11,9.47,2.41,11.52,11.88,WWMH,,INUS,Waikanae,20050622111146,2005
1768520.189,5467389.3735,13015256,KWWN005671,Wastewater,90.92,91.27,2.16,93.08,93.43,WWMH,,INUS,Paraparaumu,20050708092449,2005
1768865.078,5467894.3385,13015257,KWWN005237,Wastewater,65.61,65.96,1.26,66.87,67.22,WWCE,,INUS,Paraparaumu,PSM03209,1979
1780702.658,5486582.4465,13015258,KWWN005878,Wastewater,6.24,6.61,0.92,7.16,7.53,WWMH,,INUS,Otaki,20080424104346,2008
1768730.099,5468191.0585,13015259,KWWN005770,Wastewater,5.95,6.29,2.24,8.19,8.53,WWMH,,INUS,Paraparaumu,20061025120721,1980
1771011.559,5474110.7155,13015260,KWWN005509,Wastewater,,,,,,WWFM,,INUS,Waikanae,20040213160735,2014
1767832.843,5472149.6515,13015261,KWWN005227,Wastewater,,,,,,WWCE,,PRV,Paraparaumu,PSM02857,1980
1775110.723,5473439.6205,13015262,KWWN005272,Wastewater,83.28,83.63,0.62,83.9,84.25,WWMH,,INUS,Waikanae,20030211160431,2003
1774044.43,5473760.2655,13015263,KWWN005309,Wastewater,18.39,18.74,1.98,20.37,20.72,WWMH,,INUS,Waikanae,20030328085350,2003
1768576.905,5467551.9165,13015264,KWWN005430,Wastewater,68.77,69.12,1.99,70.76,71.11,WWMH,,INUS,Paraparaumu,20030822091803,2003
1783283.745,5485417.9885,13015265,KWWN005816,Wastewater,41.15,41.53,1.56,42.71,43.09,WWMH,,INUS,Otaki,20071121100025,2005
1783335.966,5485422.2495,13015266,KWWN005817,Wastewater,43.62,44,1.23,44.85,45.23,WWMH,,INUS,Otaki,20071121100058,2005
1769983.016,5473046.2185,13015267,KWWN005407,Wastewater,2.69,3.05,0.96,3.65,4.01,WWMH,,PRV,Waikanae,20030627152517,2002
1770403.909,5473706.6415,13015268,KWWN005967,Wastewater,,,,6.46,6.82,WWVA,,INUS,Waikanae,20091215154512,2009
1772723.973,5473997.9985,13015269,KWWN006016,Wastewater,,,,,,WWCON,,INUS,Waikanae,20100420110832,2009
1769789.893,5472945.2555,13015270,KWWN005530,Wastewater,,,,,,WWMH,,INUS,Waikanae,20040217095905,2002
1768543.347,5467613.2235,13015271,KWWN005428,Wastewater,62.83,63.18,1.52,64.35,64.7,WWMH,,INUS,Paraparaumu,20030822090902,2003
1766714.053,5469996.6225,13015272,KWWN005898,Wastewater,3.94,4.29,1.64,5.57,5.93,WWMH,,INUS,Paraparaumu,20080922095837,2006
1767790.641,5469034.3415,13015273,KWWN005324,Wastewater,12.05,12.4,1.27,13.32,13.67,WWMH,,INUS,Paraparaumu,20030430115712,2001
1770063.136,5470437.8035,13015274,KWWN005663,Wastewater,4.9,5.25,4.23,9.13,9.48,WWMH,,INUS,Paraparaumu,20050630143246,2005
1768379.304,5467995.4505,13015275,KWWN005482,Wastewater,3.54,3.89,1.73,5.28,5.62,WWMH,,INUS,Paraparaumu,20040210083444,1996
1766534.139,5468101.6295,13015276,KWWN006220,Wastewater,,,,,,WWCE,,INUS,Paraparaumu,20110912143929,2011
1767058.866,5467652.7045,13015277,KWWN005751,Wastewater,4.07,4.42,1.18,5.25,5.6,WWMH,,INUS,Paraparaumu,20060714110004,2005
1781842.316,5485643.0215,13015278,KWWN005877,Wastewater,10.56,10.94,1.42,11.98,12.36,WWMH,,INUS,Otaki,20080421104948,2007
1769972.19,5471937.1635,13015279,KWWN006224,Wastewater,,,1.3,,,WWMH,,INUS,Paraparaumu,20111005133412,2006
1768610.746,5470760.7085,13015280,KWWN005764,Wastewater,2.51,2.86,2.82,5.33,5.68,WWMH,,INUS,Paraparaumu,20061005174331,2000
1770725.213,5474116.4225,13015281,KWWN005513,Wastewater,,,,,,UNK,,INUS,Waikanae,20040216121355,2001
1767952.328,5470856.4775,13015282,KWWN005330,Wastewater,2.18,2.54,1.75,3.93,4.29,WWMH,,INUS,Paraparaumu,20030430135919,2003
1767966.875,5470632.1565,13015283,KWWN005306,Wastewater,,,,,,WWCON,,INUS,Paraparaumu,20030326133104,2003
1775011.102,5472993.9035,13015284,KWWN006230,Wastewater,,,,,,WWMH,,INUS,Waikanae,20111011141022,
1766392.832,5467019.0255,13015285,KWWN005471,Wastewater,12.11,12.46,0.84,12.95,13.3,WWMH,,INUS,Paraparaumu,20040202141137,2002
1766933.429,5469248.9935,13015286,KWWN005104,Wastewater,,,,,,WWCE,,INUS,Paraparaumu,PSM00774,1980
1768747.635,5470824.7165,13015287,KWWN005891,Wastewater,4.38,4.73,0.94,5.32,5.67,WWMH,,PRV,Paraparaumu,20080520115121,2000
1768962.795,5472384.0875,13015288,KWWN005607,Wastewater,3.72,4.08,1.02,4.74,5.1,WWMH,,INUS,Paraparaumu,20040823091653,2004
1766691.37,5468958.5275,13015289,KWWN005101,Wastewater,,,,,,WWCE,,INUS,Paraparaumu,PSM00749,1980
1778889.051,5487888.7285,13015290,KWWN005841,Wastewater,,,,,,WWVA,,PRV,Otaki,20071123145443,2006
1767081.336,5467681.4415,13015291,KWWN005736,Wastewater,3.33,3.68,2.05,5.38,5.73,WWMH,,INUS,Paraparaumu,20060714094157,2005
1772455.374,5474143.3245,13015292,KWWN006041,Wastewater,13.11,13.47,1.35,14.46,14.82,WWMH,,INUS,Waikanae,20100420145132,2009
1770045.167,5470362.7785,13015293,KWWN005779,Wastewater,5.75,6.1,2.12,7.87,8.22,WWMH,,INUS,Paraparaumu,20061206133108,2006
1771133.421,5474065.0605,13015294,KWWN005637,Wastewater,2.1,2.46,1.21,3.31,3.67,WWMH,,INUS,Waikanae,20050622110118,2005
1772735.865,5474020.4855,13015295,KWWN006019,Wastewater,5.82,6.18,1.56,7.38,7.74,WWMH,,INUS,Waikanae,20100420111004,2009
1766634.298,5467636.9525,13015296,KWWN005573,Wastewater,4.08,4.43,2.73,6.81,7.16,WWMH,,INUS,Paraparaumu,20040226131440,2002
1770059.394,5470445.9825,13015297,KWWN005759,Wastewater,7.02,7.37,2.95,9.97,10.32,WWMH,,INUS,Paraparaumu,20060803114037,2005
1768990.816,5472402.8385,13015298,KWWN005608,Wastewater,4.07,4.43,1.16,5.23,5.59,WWMH,,INUS,Paraparaumu,20040823092507,2004
1772723.761,5473991.6915,13015299,KWWN006018,Wastewater,,,,,,WWVA,,INUS,Waikanae,20100420110936,2009
1770388.668,5473357.4285,13015300,KWWN005569,Wastewater,3.03,3.39,1.01,4.04,4.4,WWMH,,INUS,Waikanae,20040224100304,2002
1768021.016,5470575.8285,13015301,KWWN005304,Wastewater,4.55,4.91,2.19,6.74,7.09,WWMH,,INUS,Paraparaumu,20030326095129,2003
1768529.985,5470952.4675,13015302,KWWN005362,Wastewater,2.48,2.83,2.02,4.5,4.85,WWMH,,INUS,Paraparaumu,20030406075454,2003
1775132.304,5473394.5205,13015303,KWWN005274,Wastewater,92.56,92.92,1,93.56,93.92,WWMH,,INUS,Waikanae,20030211160646,2002
1768117.135,5467808.6955,13015304,KWWN005994,Wastewater,4.78,5.13,0.71,5.49,5.84,WWMH,,INUS,Paraparaumu,20100416152001,2009
1773614.022,5473961.4435,13015305,KWWN005856,Wastewater,,,,16.37,16.72,WWMH,,INUS,Waikanae,20080128095526,1980
1767705.105,5472795.1915,13015306,KWWN005205,Wastewater,2.64,3,1.56,4.2,4.56,WWCE,,INUS,Paraparaumu,PSM02454,1989
1772753.647,5474043.6055,13015307,KWWN006020,Wastewater,6.14,6.5,1.3,7.44,7.8,WWMH,,INUS,Waikanae,20100420111019,2009
1768117.41,5470646.4065,13015308,KWWN005303,Wastewater,3.57,3.92,1.54,5.11,5.46,WWMH,,INUS,Paraparaumu,20030326094831,2003
1767426.663,5467118.9025,13015309,KWWN005265,Wastewater,,,,,,WWCON,,INUS,Paraparaumu,,
1768989.136,5471336.2905,13015310,KWWN005981,Wastewater,3.4,3.75,1.2,4.6,4.95,WWMH,,INUS,Paraparaumu,20100413113439,2009
1769197.919,5469312.7945,13015311,KWWN005251,Wastewater,,,,,,WWMH,,INUS,Paraparaumu,PSM03300,1979
1768398.416,5468014.4195,13015312,KWWN005479,Wastewater,3.35,3.7,1.99,5.34,5.69,WWMH,,INUS,Paraparaumu,20040210083213,1996
1783286.527,5485305.2775,13015313,KWWN005828,Wastewater,41.57,41.95,1.41,42.98,43.36,WWMH,,INUS,Otaki,20071121152504,2006
1766859.882,5471199.1065,13015314,KWWN005151,Wastewater,2.63,2.98,1,3.63,3.98,WWCE,,INUS,Paraparaumu,PSM01449,1978
1770118.866,5470280.7315,13015315,KWWN005873,Wastewater,6.34,6.69,1.98,8.31,8.67,WWMH,,INUS,Paraparaumu,20080418151748,2007
1770082.879,5473134.2905,13015316,KWWN005294,Wastewater,2.79,3.15,1.1,3.9,4.25,WWMH,,INUS,Waikanae,20030217092732,2003
1767030.536,5468595.6355,13015317,KWWN005090,Wastewater,6.15,6.51,1.2,7.36,7.71,WWCE,,INUS,Paraparaumu,PSM00675,1981
1769086.673,5471447.4065,13015318,KWWN006002,Wastewater,3.54,3.89,1.35,4.89,5.24,WWMH,,INUS,Paraparaumu,20100419160138,2008
1774100.046,5473725.2355,13015319,KWWN005308,Wastewater,18.98,19.33,1.9,20.88,21.23,WWMH,,INUS,Waikanae,20030328085112,2003
1769068.524,5472444.9885,13015320,KWWN005613,Wastewater,3.41,3.77,1.2,4.61,4.97,WWMH,,INUS,Paraparaumu,20040823093238,2004
1768672.867,5468687.6105,13015321,KWWN005969,Wastewater,7.8,8.15,,,,WWMH,,INUS,Paraparaumu,20100325094838,2000
1768752.092,5467888.6585,13015322,KWWN005240,Wastewater,,,,,,WWMH,,INUS,Paraparaumu,PSM03219,1979
1767180.987,5469315.9445,13015323,KWWN005087,Wastewater,2.35,2.7,1.9,4.24,4.6,WWCE,,INUS,Paraparaumu,PSM00650,1981
1775004.148,5472997.1445,13015324,KWWN006229,Wastewater,,,,,,WWCE,,INUS,Waikanae,20111011140913,
1769170.841,5469187.7325,13015325,KWWN005424,Wastewater,7.19,7.54,0.8,7.99,8.34,WWMH,,PRV,Paraparaumu,20030730133201,2003
1781411.317,5485655.1825,13015326,KWWN005931,Wastewater,9.61,9.99,1.33,10.94,11.32,WWMH,,INUS,Otaki,20090908143333,2007
1768528.77,5471945.7015,13015327,KWWN005144,Wastewater,,,,,,WWMH,,INUS,Paraparaumu,PSM01371,1980
1767831.066,5471960.5665,13015328,KWWN005277,Wastewater,,,,,,WWCON,,INUS,Paraparaumu,20030211164743,2003
1769036.057,5470636.2685,13015329,KWWN005349,Wastewater,4.55,4.9,1.26,5.81,6.16,WWMH,,INUS,Paraparaumu,20030502120917,2003
1773100.72,5472255.8045,13015330,KWWN005882,Wastewater,18.42,18.77,0.92,19.34,19.69,WWMH,,PRV,Waikanae,20080428140121,2008
1770519.653,5473968.1935,13015331,KWWN005516,Wastewater,,,,,,UNK,,INUS,Waikanae,20040216134344,2001
1766704.497,5467707.3055,13015332,KWWN005577,Wastewater,3.03,3.38,3.77,6.8,7.15,WWMH,,INUS,Paraparaumu,20040226132021,2002
1768481.262,5471016.3485,13015333,KWWN005365,Wastewater,,,,,,UNK,,INUS,Paraparaumu,20030406080122,2003
1766627.15,5469966.6805,13015334,KWWN005174,Wastewater,,,,,,WWCE,,INUS,Paraparaumu,PSM02008,1979
1768172.883,5470769.5945,13015335,KWWN005300,Wastewater,,,,,,WWCON,,INUS,Paraparaumu,20030326091748,2002
1768251.786,5470877.3365,13015336,KWWN005450,Wastewater,4.64,4.99,1.37,6.01,6.36,WWMH,,INUS,Paraparaumu,20040114104535,2003
1768231.01,5471070.0865,13015337,KWWN005936,Wastewater,,,,,,WWCON,,INUS,Paraparaumu,,2000
1768104.664,5470704.0775,13015338,KWWN005395,Wastewater,0.82,1.17,4.17,4.99,5.34,WWMH,,INUS,Paraparaumu,20030619152959,2003
1770342.581,5473287.4975,13015339,KWWN005563,Wastewater,2.06,2.41,1.65,3.71,4.06,WWMH,,INUS,Waikanae,20040224095654,2002
1772430.598,5473301.4005,13015340,KWWN005644,Wastewater,,,,7.76,8.12,UNK,,INUS,Waikanae,20050624162822,2004
1783175.238,5485726.2745,13015341,KWWN005831,Wastewater,,,,,,WWMH,,INUS,Otaki,20071122161518,2006
1769764.178,5472861.0945,13015342,KWWN005533,Wastewater,-0.02,0.34,,,,WWVA,,INUS,Paraparaumu,20040217100259,2002
1768598.728,5467386.6855,13015343,KWWN005672,Wastewater,102.64,102.99,1.83,104.47,104.82,WWMH,,INUS,Paraparaumu,20050708092627,2005
1778930.951,5487921.0145,13015344,KWWN006223,Wastewater,,,,,,WWCE,,PRV,Otaki,20110930145632,
1769503.858,5469090.4015,13015345,KWWN005321,Wastewater,,,,,,WWCON,,INUS,Paraparaumu,20030429172554,2003
1769974.387,5470963.4785,13015346,KWWN005561,Wastewater,,,,,,WWCON,,INUS,Paraparaumu,20040218093912,2002
1775088.647,5473488.2485,13015347,KWWN005258,Wastewater,,,,,,WWMH,,INUS,Waikanae,WSM01252,1979
1767151.299,5471647.8815,13015348,KWWN005197,Wastewater,3.54,3.9,1.77,5.31,5.67,WWCE,,INUS,Paraparaumu,PSM02269,1979
1772362.243,5474045.0945,13015349,KWWN006037,Wastewater,14.57,14.93,2.6,17.17,17.53,WWMH,,INUS,Waikanae,20100420140852,2009
1769980.605,5472382.3115,13015350,KWWN005141,Wastewater,,,,,,WWMH,,INUS,Paraparaumu,PSM01315,1980
1768770.37,5470779.5415,13015351,KWWN005892,Wastewater,3.96,4.31,1.27,5.23,5.58,WWMH,,PRV,Paraparaumu,20080520115212,2000
1783123.798,5485395.2865,13015352,KWWN005680,Wastewater,35.83,36.21,1.25,37.08,37.46,WWMH,,INUS,Otaki,20050712111346,2004
1767493.381,5466157.8665,13015353,KWWN005415,Wastewater,7.2,7.54,0.9,8.1,8.44,WWMH,,INUS,Paraparaumu,20030714172254,2003
1769664.139,5472525.8305,13015354,KWWN005537,Wastewater,,,,,,UNK,,INUS,Paraparaumu,20040217104221,2002
1769016.458,5471130.3065,13015355,KWWN005795,Wastewater,3.8,4.16,1.27,5.07,5.42,WWMH,,INUS,Paraparaumu,20070501154251,1992
1766720.022,5471053.2125,13015356,KWWN005802,Wastewater,,,,,,WWMH,,INUS,Paraparaumu,20071009094331,2007
1770055.732,5470326.2845,13015357,KWWN005780,Wastewater,6.05,6.4,1.83,7.88,8.23,WWMH,,INUS,Paraparaumu,20061206133620,2006
1769124.589,5469139.8335,13015358,KWWN005422,Wastewater,6.64,6.99,1.51,8.15,8.5,WWMH,,PRV,Paraparaumu,20030730132137,2003
1766812.218,5467769.4105,13015359,KWWN005465,Wastewater,3.45,3.8,1.8,5.25,5.6,WWMH,,INUS,Paraparaumu,20040122083905,2002
1772610.848,5474002.6545,13015360,KWWN006024,Wastewater,9.88,10.24,3.7,13.58,13.94,WWMH,,INUS,Waikanae,20100420113748,2009
1771022.487,5474107.2555,13015361,KWWN005510,Wastewater,,,,,,WWCON,,INUS,Waikanae,20040213163253,2001
1769781.066,5473041.5425,13015362,KWWN005526,Wastewater,,,,,,UNK,,INUS,Waikanae,20040217094405,2001
1766717.088,5467757.6805,13015363,KWWN005469,Wastewater,4.12,4.47,1.18,5.3,5.65,WWMH,,INUS,Paraparaumu,20040122085659,2002
1766829.284,5467794.8455,13015364,KWWN005464,Wastewater,2.97,3.32,1.24,4.21,4.56,WWMH,,INUS,Paraparaumu,20040122083756,2002
1768686.545,5468668.8055,13015365,KWWN005972,Wastewater,7.95,8.3,,,,WWMH,,INUS,Paraparaumu,20100325095718,2000
1769803.337,5469834.3615,13015366,KWWN005948,Wastewater,,,1.74,,,WWMH,,INUS,Paraparaumu,20091126155728,2007
1768715.699,5467307.4705,13015367,KWWN005675,Wastewater,112.46,112.81,2.16,114.62,114.97,WWMH,,INUS,Paraparaumu,20050708092958,2005
1766245.014,5466173.6725,13015368,KWWN005027,Wastewater,,,,,,WWCE,,INUS,Paraparaumu,PSM00190,1979
1772608.278,5473985.8335,13015369,KWWN006025,Wastewater,11.49,11.85,2.6,14.09,14.45,WWMH,,INUS,Waikanae,20100420113815,2009
1778940.718,5487878.0515,13015370,KWWN005846,Wastewater,,,,,,WWVA,,INUS,Otaki,20071123150033,2006
1769128.073,5472931.0425,13015371,KWWN005926,Wastewater,1.94,2.3,1.43,3.37,3.73,WWMH,,INUS,Paraparaumu,20090825104427,2008
1768615.66,5469271.0595,13015372,KWWN005224,Wastewater,5.98,6.33,0.81,6.79,7.14,WWCE,,INUS,Paraparaumu,PSM02845,1975
1766774.405,5466706.2635,13015373,KWWN005036,Wastewater,,,,,,WWMH,,INUS,Paraparaumu,PSM00232,1979
1770120.326,5473333.3015,13015374,KWWN005600,Wastewater,6.95,7.31,1.11,8.06,8.42,WWMH,,INUS,Waikanae,20040715093416,2003
1769894.225,5470030.6905,13015375,KWWN005387,Wastewater,6.76,7.11,1.77,8.53,8.88,WWMH,,INUS,Paraparaumu,20030611153435,2004
1768215.694,5471669.0775,13015376,KWWN005984,Wastewater,,,,,,WWWW,,PRV,Paraparaumu,20100414094135,2009
1772599.859,5472787.7255,13015377,KWWN005773,Wastewater,12.09,12.45,0.93,13.02,13.38,WWMH,,INUS,Waikanae,20061117123137,1999
1769589.611,5472723.8555,13015378,KWWN005626,Wastewater,-2.24,-1.88,3.94,1.71,2.06,WWMH,,INUS,Paraparaumu,20040823094838,2004
1767095.607,5470510.5685,13015379,KWWN005181,Wastewater,3.9,4.25,0.8,4.7,5.05,WWCE,,INUS,Paraparaumu,PSM02049,1978
1768105.936,5470763.4885,13015380,KWWN005397,Wastewater,4.29,4.64,1.31,5.6,5.95,WWMH,,INUS,Paraparaumu,20030619153639,2003
1767577.838,5467611.2495,13015381,KWWN005007,Wastewater,,,,,,WWCE,,INUS,Paraparaumu,PSM00046,1978
1769868.677,5469128.2015,13015382,KWWN005945,Wastewater,14.58,14.93,3.84,18.42,18.77,WWMH,,INUS,Paraparaumu,20091126115928,2007
1768640.961,5469474.9145,13015383,KWWN005221,Wastewater,5.24,5.59,1.38,6.62,6.97,WWCE,,INUS,Paraparaumu,PSM02819,1975
1769484.264,5468350.7125,13015384,KWWN005244,Wastewater,19.11,19.46,1.66,20.77,21.12,WWCE,,INUS,Paraparaumu,PSM03281,1979
1769094.653,5470943.4035,13015385,KWWN005455,Wastewater,3.06,3.42,1.88,4.94,5.3,WWMH,,INUS,Paraparaumu,20040114152806,2003
1767641.575,5468897.3185,13015386,KWWN005094,Wastewater,2.15,2.5,0.71,2.86,3.21,WWCE,,INUS,Paraparaumu,PSM00695,1981
1767332.724,5471919.0125,13015387,KWWN005203,Wastewater,8.07,8.42,1.14,9.21,9.56,WWMH,,INUS,Paraparaumu,PSM02429,1980
1766262.226,5466293.0325,13015388,KWWN005029,Wastewater,3.3,3.65,2.5,5.8,6.15,WWMH,,INUS,Paraparaumu,PSM00193,1979
1774219.783,5473013.5505,13015389,KWWN005382,Wastewater,28.12,28.47,1.82,29.94,30.29,WWMH,,INUS,Waikanae,20030413081406,2003
1768298.123,5470803.0425,13015390,KWWN005441,Wastewater,0.35,0.7,4.11,4.46,4.81,WWMH,,INUS,Paraparaumu,20031016144731,2003
1768859.993,5469234.8375,13015391,KWWN005783,Wastewater,5.47,5.83,1.88,7.35,7.71,WWMH,,INUS,Paraparaumu,20070109122658,1976
1768335.24,5470721.7995,13015392,KWWN005297,Wastewater,4.12,4.48,0.74,4.86,5.22,WWMH,,INUS,Paraparaumu,20030326090339,2003
1783335.722,5485777.1115,13015393,KWWN005339,Wastewater,42.13,42.51,1.5,43.63,44.01,WWMH,,INUS,Otaki,20030501095351,2000
1768016.176,5472798.2395,13015394,KWWN005206,Wastewater,,,,,,WWCE,,INUS,Paraparaumu,PSM02508,1979
1767023.469,5467585.6675,13015395,KWWN005731,Wastewater,1.32,1.67,3.63,4.95,5.3,WWMH,,INUS,Paraparaumu,20060714093439,2005
1768723.564,5470874.0305,13015396,KWWN005888,Wastewater,4.17,4.52,1.29,5.46,5.81,WWMH,,PRV,Paraparaumu,20080520113322,2000
1774176.382,5473676.8225,13015397,KWWN005307,Wastewater,20.84,21.19,0.9,21.74,22.09,WWMH,,INUS,Waikanae,20030328083914,2003
1767921.967,5469266.7605,13015398,KWWN005401,Wastewater,5.5,5.85,1.32,6.81,7.17,WWMH,,INUS,Paraparaumu,20030623115644,2002
1769018.373,5471289.8355,13015399,KWWN006011,Wastewater,2.94,3.29,1.79,4.73,5.08,WWMH,,INUS,Paraparaumu,20100419160640,2008
1771598.551,5473148.6485,13015400,KWWN005332,Wastewater,3.64,4,2.46,6.1,6.46,WWMH,,INUS,Waikanae,20030430142703,2003
1769857.603,5470456.3215,13015401,KWWN005657,Wastewater,9.62,9.97,0.84,10.46,10.81,WWMH,,INUS,Paraparaumu,20050630140531,2005
1772994.612,5473258.8995,13015402,KWWN005259,Wastewater,15.62,15.98,1.7,17.32,17.68,WWMH,,INUS,Waikanae,WSM01253,1979
1768249.575,5470677.4815,13015403,KWWN005296,Wastewater,3.37,3.72,2.21,5.58,5.93,WWMH,,INUS,Paraparaumu,20030326090318,2003
1769739.852,5470315.2225,13015404,KWWN005648,Wastewater,8.27,8.62,0.74,9.01,9.36,WWMH,,INUS,Paraparaumu,20050630114232,2005
1772467.277,5473257.2595,13015405,KWWN005645,Wastewater,7.3,7.65,1.3,8.6,8.95,WWMH,,INUS,Waikanae,20050624162958,2004
1769134.455,5471527.3025,13015406,KWWN005631,Wastewater,,,,,,WWCE,,PRV,Paraparaumu,20050209134024,2004
1768084.154,5468636.7615,13015407,KWWN005933,Wastewater,,,,,,WWVA,,INUS,Paraparaumu,20091029163802,1982
1768981.281,5469043.3275,13015408,KWWN005231,Wastewater,,,,,,WWMH,,INUS,Paraparaumu,PSM02957,1979
1768562.739,5467444.7155,13015409,KWWN005435,Wastewater,79.41,79.76,1.88,81.29,81.64,WWMH,,INUS,Paraparaumu,20030822092519,2003
1768656.845,5470919.4505,13015410,KWWN005373,Wastewater,3.82,4.17,0.88,4.7,5.05,WWMH,,INUS,Paraparaumu,20030406090538,2003
1772881.397,5472558.8755,13015411,KWWN005691,Wastewater,14.31,14.66,1.44,15.75,16.11,WWMH,,INUS,Waikanae,20050712180205,2004
1781174.953,5485085.0905,13015412,KWWN005960,Wastewater,9.93,10.3,1.4,11.33,11.7,WWMH,,INUS,Otaki,20091204105129,2008
1770128.566,5470317.3105,13015413,KWWN005782,Wastewater,6.01,6.36,2.4,8.4,8.76,WWMH,,INUS,Paraparaumu,20061206133729,2006
1770002.048,5470476.6345,13015414,KWWN005753,Wastewater,9.2,9.55,1.42,10.62,10.97,WWMH,,INUS,Paraparaumu,20060803112433,2005
1767260.593,5468855.9695,13015415,KWWN005091,Wastewater,1.39,1.74,2.26,3.65,4,WWCE,,INUS,Paraparaumu,PSM00683,1981
1774734.03,5473017.7995,13015416,KWWN005460,Wastewater,63.18,63.53,2.01,65.19,65.54,WWMH,,INUS,Waikanae,20040115151702,2002
1769210.897,5471411.4305,13015417,KWWN005997,Wastewater,6.34,6.69,1.24,7.58,7.93,WWMH,,INUS,Paraparaumu,20100419114625,2008
1770157.657,5470263.0285,13015418,KWWN005874,Wastewater,10.26,10.62,1.63,11.89,12.25,WWMH,,INUS,Paraparaumu,20080418151813,2007
1768092.42,5470036.4925,13015419,KWWN005165,Wastewater,,,,,,WWMH,,PRV,Paraparaumu,PSM01592,1980
1767653.872,5469068.3155,13015420,KWWN005288,Wastewater,5.02,5.37,0.94,5.96,6.31,WWMH,,INUS,Paraparaumu,20030217065559,2001
1772737.85,5473978.1605,13015421,KWWN006014,Wastewater,7.33,7.69,1.12,8.45,8.81,WWMH,,INUS,Waikanae,20100420110711,2009
1769977.362,5473078.8955,13015422,KWWN005525,Wastewater,,,,,,UNK,,INUS,Waikanae,20040217093221,2001
1778957.058,5487868.3275,13015423,KWWN005847,Wastewater,,,,,,WWVA,,INUS,Otaki,20071123150043,2006
1778737.855,5487537.8695,13015424,KWWN005826,Wastewater,1.32,1.69,2.01,3.33,3.7,WWMH,,INUS,Otaki,20071121140603,2006
1772562.741,5474170.7875,13015425,KWWN006038,Wastewater,15.47,15.83,4.06,19.53,19.89,WWMH,,INUS,Waikanae,20100420141909,2009
1781706.993,5485418.9815,13015426,KWWN005703,Wastewater,,,,12.76,13.14,UNK,,INUS,Otaki,20050713105848,2005
1766322.383,5465627.7525,13015427,KWWN005026,Wastewater,14.37,14.72,0.74,15.11,15.46,WWMH,,INUS,Paraparaumu,PSM00188,1979
1769885.551,5473047.7955,13015428,KWWN005411,Wastewater,1.19,1.54,2.26,3.45,3.81,WWMH,,INUS,Waikanae,20030627153009,2002
1773505.997,5473628.9465,13015429,KWWN005420,Wastewater,18.27,18.63,1.18,19.45,19.81,WWMH,,PRV,Waikanae,20030717131617,2001
1768755.86,5470745.5395,13015430,KWWN005895,Wastewater,3.98,4.33,1.04,5.02,5.37,WWMH,,PRV,Paraparaumu,20080520115415,2000
1769007.655,5470620.8985,13015431,KWWN005350,Wastewater,4.36,4.72,1,5.36,5.72,WWMH,,INUS,Paraparaumu,20030502121023,2003
1768372.163,5467955.9325,13015432,KWWN005484,Wastewater,,,1.4,,,WWMH,,INUS,Paraparaumu,20040210083643,1996
1767464.555,5466349.3735,13015433,KWWN005045,Wastewater,,,,,,WWCE,,INUS,Paraparaumu,PSM00305,1980
1767176.25,5469031.8875,13015434,KWWN005018,Wastewater,,,,,,WWMH,,INUS,Paraparaumu,PSM00097,1980
1767321.501,5468776.8765,13015435,KWWN005910,Wastewater,,,,,,WWCE,,PRV,Paraparaumu,20090811154301,2008
1769857.792,5469123.8995,13015436,KWWN005946,Wastewater,14.52,14.87,1.85,16.37,16.72,WWMH,,INUS,Paraparaumu,20091126120002,2007
1768708.478,5468641.1165,13015437,KWWN005799,Wastewater,7.25,7.6,1.36,8.61,8.96,WWMH,,INUS,Paraparaumu,20070612163100,2007
1770172.883,5470327.6165,13015438,KWWN005786,Wastewater,7.14,7.5,2.18,9.32,9.68,WWMH,,INUS,Paraparaumu,20070327111124,2006
1775164.059,5473421.5975,13015439,KWWN005311,Wastewater,,,,,,WWMH,,PRV,Waikanae,20030414175118,2003
1775166.554,5473364.4885,13015440,KWWN005275,Wastewater,101.48,101.83,1.09,102.57,102.92,WWMH,,INUS,Waikanae,20030211160739,2002
1771007.332,5474110.5365,13015441,KWWN005508,Wastewater,,,,,,WWVA,,INUS,Waikanae,20040213160559,2001
1768747.032,5467896.2505,13015442,KWWN005239,Wastewater,,,,,,WWCE,,PRV,Paraparaumu,PSM03218,1979
1770240.966,5473198.9175,13015443,KWWN005523,Wastewater,1.08,1.44,2.8,3.88,4.24,WWVA,,INUS,Waikanae,20040217090958,2001
1768700.326,5469191.4445,13015444,KWWN005225,Wastewater,5.58,5.93,1.32,6.9,7.25,WWCE,,INUS,Paraparaumu,PSM02846,1975
1768413.447,5468035.0795,13015445,KWWN005478,Wastewater,3.25,3.6,1.98,5.23,5.58,WWMH,,INUS,Paraparaumu,20040210083118,1996
1767913.491,5472178.9425,13015446,KWWN005228,Wastewater,6.66,7.02,1.25,7.91,8.27,WWCE,,PRV,Paraparaumu,PSM02859,1979
1767096.112,5467749.6405,13015447,KWWN005739,Wastewater,4.58,4.93,1.2,5.78,6.13,WWMH,,INUS,Paraparaumu,20060714094750,2005
1771132.534,5473949.1835,13015448,KWWN005640,Wastewater,8.43,8.79,1.57,10,10.36,WWMH,,INUS,Waikanae,20050622110937,2005
1766413.349,5466500.7285,13015449,KWWN005046,Wastewater,,,,,,WWMH,,INUS,Paraparaumu,PSM00311,1979
1767537.871,5468115.1655,13015450,KWWN005076,Wastewater,,,,,,WWMH,,INUS,Paraparaumu,PSM00549,1979
1781743.55,5485466.5185,13015451,KWWN005702,Wastewater,11.21,11.59,1.15,12.36,12.74,WWMH,,INUS,Otaki,20050713105721,2005
1767500.62,5472308.8575,13015452,KWWN005154,Wastewater,,,,,,WWCE,,INUS,Paraparaumu,PSM01463,1980
1775114.02,5473482.1175,13015453,KWWN005315,Wastewater,,,,,,WWCON,,PRV,Waikanae,20030414175444,2003
1768731.927,5468588.5575,13015454,KWWN005973,Wastewater,,,1.24,,,WWMH,,PRV,Paraparaumu,20100326091410,2010
1768595.796,5470972.7245,13015455,KWWN005368,Wastewater,2.91,3.26,1.87,4.78,5.13,WWMH,,INUS,Paraparaumu,20030406083545,2003
1767185.033,5467708.4195,13015456,KWWN005748,Wastewater,4.54,4.89,0.75,5.29,5.64,WWMH,,INUS,Paraparaumu,20060714105803,2005
1766678.863,5467810.7535,13015457,KWWN005789,Wastewater,6.46,6.81,0.96,7.42,7.77,WWMH,,INUS,Paraparaumu,20070329173110,1994
1770607.545,5474164.0385,13015458,KWWN005285,Wastewater,1.7,2.06,1.26,2.96,3.32,WWMH,,INUS,Waikanae,20030212113157,2003
1778847.8,5488389.9315,13015459,KWWN005901,Wastewater,1.14,1.51,1.41,2.55,2.92,WWMH,,INUS,Otaki,20081114094521,1980
1766684.636,5468891.4865,13015460,KWWN005102,Wastewater,,,,,,WWMH,,INUS,Paraparaumu,PSM00761,1980
1767220.943,5467152.7295,13015461,KWWN005448,Wastewater,,,,,,WWCON,,INUS,Paraparaumu,20040107091628,2000
1772354.839,5473117.2775,13015462,KWWN005985,Wastewater,8.03,8.39,2.4,10.43,10.79,WWMH,,INUS,Waikanae,20100414165743,2008
1768512.058,5469437.9995,13015463,KWWN005167,Wastewater,5.65,6,1.17,6.82,7.17,WWCE,,INUS,Paraparaumu,PSM01605,1975
1766625.483,5468282.2275,13015464,KWWN005078,Wastewater,,,,,,WWCE,,INUS,Paraparaumu,PSM00568,1979
1767346.237,5468712.8625,13015465,KWWN005092,Wastewater,2.67,3.02,0.74,3.41,3.76,WWCE,,INUS,Paraparaumu,PSM00691,1981
1766941.3,5471076.4745,13015466,KWWN005725,Wastewater,3.7,4.06,1.06,4.77,5.12,WWMH,,INUS,Paraparaumu,20050714142630,2004
1769116.962,5470907.0015,13015467,KWWN005456,Wastewater,4.28,4.63,0.81,5.09,5.44,WWMH,,INUS,Paraparaumu,20040114153039,2003
1781177.668,5485170.5375,13015468,KWWN005957,Wastewater,8.64,9.01,2.38,11.02,11.39,WWMH,,INUS,Otaki,20091204105009,2008
1783100.121,5485285.4405,13015469,KWWN005676,Wastewater,33.59,33.97,1.81,35.4,35.78,WWMH,,INUS,Otaki,20050712110156,2004
1766768.491,5471095.9585,13015470,KWWN005633,Wastewater,2.33,2.68,0.87,3.2,3.55,WWMH,,INUS,Paraparaumu,20050209164241,2004
1766227.786,5465650.4015,13015471,KWWN005021,Wastewater,5.31,5.66,1.09,6.4,6.75,WWCE,,INUS,Paraparaumu,PSM00121,1979
1781456.2,5485526.1575,13015472,KWWN005977,Wastewater,10.69,11.07,1.25,11.94,12.32,WWMH,,INUS,Otaki,20100406104244,2009
1772296.003,5475687.9855,13015473,KWWN005497,Wastewater,,,,,,WWMH,,INUS,Waikanae,20040213093708,2001
1768980.125,5471098.9775,13015474,KWWN005797,Wastewater,4.18,4.54,1.67,5.85,6.21,WWMH,,INUS,Paraparaumu,20070501154702,1992
1783285.09,5485407.5135,13015475,KWWN005818,Wastewater,,,,43.44,43.82,WWCE,,INUS,Otaki,20071121100153,2005
1769111.87,5470676.2255,13015476,KWWN005581,Wastewater,5.06,5.41,1.63,6.69,7.04,WWMH,,INUS,Paraparaumu,20040708151327,2004
1769871.303,5470419.1835,13015477,KWWN005658,Wastewater,6.45,6.8,2.29,8.74,9.09,WWMH,,INUS,Paraparaumu,20050630140646,2005
1781656.019,5485647.4085,13015478,KWWN005793,Wastewater,,,,11.56,11.94,WWMH,,PRV,Otaki,20070424144838,2007
1769565.219,5468338.6065,13015479,KWWN005245,Wastewater,25.28,25.63,1.86,27.14,27.49,WWCE,,INUS,Paraparaumu,PSM03283,1979
1768242.308,5471614.2445,13015480,KWWN005211,Wastewater,3.9,4.25,1.3,5.2,5.55,WWCE,,INUS,Paraparaumu,PSM02621,1979
1771144.875,5474030.6625,13015481,KWWN005638,Wastewater,2.39,2.75,0.95,3.34,3.7,WWMH,,INUS,Waikanae,20050622110216,2005
1770640.325,5474164.4375,13015482,KWWN005284,Wastewater,1.51,1.87,1.56,3.07,3.43,WWMH,,INUS,Waikanae,20030212113109,2003
1769797.294,5472688.2775,13015483,KWWN005257,Wastewater,,,,,,WWMH,,INUS,Paraparaumu,PSM05061,1980
1767772.996,5471119.2405,13015484,KWWN005159,Wastewater,3.82,4.17,1.35,5.17,5.53,WWMH,,INUS,Paraparaumu,PSM01500,1980
1781708.895,5485396.7185,13015485,KWWN005704,Wastewater,11.88,12.26,1.12,13,13.38,WWMH,,INUS,Otaki,20050713105925,2005
1768967.284,5467601.7175,13015486,KWWN005235,Wastewater,35.85,36.2,0.91,36.76,37.11,WWCE,,INUS,Paraparaumu,PSM03197,1979
1769706.853,5470314.8205,13015487,KWWN005649,Wastewater,8.03,8.38,0.83,8.86,9.21,WWMH,,INUS,Paraparaumu,20050630114340,2005
1768830.162,5469079.7795,13015488,KWWN005905,Wastewater,5.32,5.67,1.15,6.47,6.82,WWCON,,PRV,Paraparaumu,20090731162905,2008
1767986.361,5472239.2555,13015489,KWWN005230,Wastewater,,,,,,WWCE,,INUS,Paraparaumu,PSM02863,1980
1767126.649,5469009.3495,13015490,KWWN005083,Wastewater,,,,9.29,9.65,WWCE,,INUS,Paraparaumu,PSM00632,1980
1768085.134,5470101.3835,13015491,KWWN005161,Wastewater,,,,,,WWMH,,PRV,Paraparaumu,PSM01570,1980
1769129.849,5470760.2815,13015492,KWWN005580,Wastewater,5.27,5.62,0.97,6.24,6.59,WWMH,,PRV,Paraparaumu,20040708151138,2004
1768814.184,5468439.7195,13015493,KWWN005766,Wastewater,7.87,8.22,1.36,9.23,9.59,WWMH,,PRV,Paraparaumu,20061025115619,1980
1768408.813,5470957.5445,13015494,KWWN005604,Wastewater,3.42,3.77,1.3,4.72,5.07,WWMH,,INUS,Paraparaumu,20040716161708,2004
1767689.065,5472413.7415,13015495,KWWN005210,Wastewater,,,,,,WWCE,,INUS,Paraparaumu,PSM02615,1980
1766348.016,5466124.1155,13015496,KWWN005024,Wastewater,,,,,,WWMH,,INUS,Paraparaumu,PSM00163,1979
1769818.519,5469933.1625,13015497,KWWN005390,Wastewater,7.37,7.72,1.56,8.93,9.28,WWMH,,INUS,Paraparaumu,20030611161242,2003
1767444.05,5467668.5385,13015498,KWWN005006,Wastewater,,,,,,WWCE,,INUS,Paraparaumu,PSM00041,1978
1770200.723,5473388.3355,13015499,KWWN005393,Wastewater,7.13,7.49,1.84,8.97,9.32,WWMH,,INUS,Waikanae,20030618110812,2003
1767856.647,5470343.0345,13015500,KWWN005934,Wastewater,,,,,,WWCON,,INUS,Paraparaumu,,
1771569.08,5473689.4195,13015501,KWWN005850,Wastewater,,,,,,WWCE,,INUS,Waikanae,20071129161853,1990
1767720.405,5469131.5955,13015502,KWWN005290,Wastewater,4.46,4.81,1.08,5.54,5.89,WWMH,,INUS,Paraparaumu,20030217065734,2001
1775131.873,5473447.3405,13015503,KWWN005313,Wastewater,,,,,,WWCE,,PRV,Waikanae,20030414175348,2003
1768427.245,5469606.6975,13015504,KWWN005233,Wastewater,,,,,,WWMH,,INUS,Paraparaumu,SSMH B-3,1979
1769127.279,5471396.5745,13015505,KWWN006001,Wastewater,3.96,4.31,2.05,6.01,6.36,WWMH,,INUS,Paraparaumu,20100419160113,2008
1766809.752,5470455.3985,13015506,KWWN005170,Wastewater,,,,,,WWCE,,INUS,Paraparaumu,PSM01610,1979
1769914.595,5471263.7615,13015507,KWWN005554,Wastewater,,,,,,WWVA,,INUS,Paraparaumu,20040218091126,2002
1766567.313,5470050.0445,13015508,KWWN005175,Wastewater,2.06,2.41,0.76,2.81,3.17,WWCE,,INUS,Paraparaumu,PSM02011,1979
1769762.639,5472860.1305,13015509,KWWN005531,Wastewater,,,,,,WWVA,,INUS,Paraparaumu,20040217100113,2002
1767066.759,5470762.6615,13015510,KWWN005381,Wastewater,2.29,2.65,1.85,4.14,4.5,WWMH,,INUS,Paraparaumu,20030413071353,2003
1768221.87,5470789.8255,13015511,KWWN005439,Wastewater,-0.07,0.29,4.86,4.79,5.15,WWMH,,INUS,Paraparaumu,20031016143601,2003
1774379.958,5473235.8605,13015512,KWWN005340,Wastewater,,,,,,WWCE,,INUS,Waikanae,20030501113603,2003
1770400.557,5473706.3165,13015513,KWWN005966,Wastewater,,,,6.66,7.02,WWVA,,INUS,Waikanae,20091215151532,2009
1768185.536,5471659.8345,13015514,KWWN005983,Wastewater,4.53,4.88,1.8,6.33,6.68,UNK,,INUS,Paraparaumu,20100414094004,2009
1770037.391,5470446.4765,13015515,KWWN005662,Wastewater,5.39,5.74,4.19,9.58,9.93,WWMH,,INUS,Paraparaumu,20050630143155,2005
1778966.907,5487827.9315,13015516,KWWN005838,Wastewater,,,,7.26,7.63,WWMH,,INUS,Otaki,20071123144317,2006
1770014.536,5473094.9325,13015517,KWWN005403,Wastewater,2.22,2.58,1.35,3.57,3.93,WWMH,,INUS,Waikanae,20030627151326,2002
1766338.426,5465681.2175,13015518,KWWN005903,Wastewater,14.64,14.99,0.85,15.49,15.84,WWCE,,INUS,Paraparaumu,20090521105954,1981
1772978.728,5472509.1195,13015519,KWWN005347,Wastewater,15.92,16.27,0.85,16.77,17.12,WWMH,,INUS,Waikanae,20030501162420,2003
1768252.839,5470111.0455,13015520,KWWN006211,Wastewater,,,,6.35,6.7,WWMH,,PRV,Paraparaumu,20110819133120,2003
1768319.443,5470104.4305,13015521,KWWN006215,Wastewater,,,,,,WWMH,,PRV,Paraparaumu,20110819133855,2003
1768459.9,5470874.9665,13015522,KWWN005445,Wastewater,1.59,1.94,2.94,4.53,4.88,WWMH,,INUS,Paraparaumu,20031016155610,2003
1782012.843,5485802.7755,13015523,KWWN006209,Wastewater,,,,,,WWCE,,PRV,Otaki,20110812155140,1989
1770085.777,5470192.8495,13015524,KWWN005871,Wastewater,7.1,7.45,0.92,8.02,8.37,WWMH,,INUS,Paraparaumu,20080418151651,2007
1768925.301,5472773.8965,13015525,KWWN005913,Wastewater,-0.09,0.27,4.24,4.15,4.51,WWMH,,INUS,Paraparaumu,20090825103552,2008
1769644.085,5468255.3725,13015526,KWWN005246,Wastewater,34.77,35.12,0.63,35.4,35.75,WWCE,,INUS,Paraparaumu,PSM03286,1979
1766746.562,5467778.6215,13015527,KWWN005468,Wastewater,3.25,3.6,2.1,5.35,5.7,WWMH,,INUS,Paraparaumu,20040122085425,2004
1769868.447,5470642.2235,13015528,KWWN005173,Wastewater,,,,,,WWCE,,INUS,Paraparaumu,PSM01690,1979
1768176.333,5471754.1905,13015529,KWWN005148,Wastewater,3.09,3.44,1,4.09,4.44,WWCE,,INUS,Paraparaumu,PSM01382,1979
1773599.717,5473569.4205,13015530,KWWN005419,Wastewater,19.77,20.13,1.03,20.8,21.16,WWMH,,PRV,Waikanae,20030717131303,2001
1767876.305,5470532.1295,13015531,KWWN005268,Wastewater,,,,,,UNK,,INUS,Paraparaumu,BizeAsset34,2000
1767949.126,5471051.0115,13015532,KWWN005168,Wastewater,,,,,,WWMH,,INUS,Paraparaumu,PSM01606,1980
1766800.725,5467802.8375,13015533,KWWN005463,Wastewater,3.22,3.57,1.58,4.8,5.15,WWMH,,PRV,Paraparaumu,20040122083247,2002
1766436.827,5465798.1055,13015534,KWWN005022,Wastewater,,,,,,WWCE,,INUS,Paraparaumu,PSM00142,1979
1769226.547,5471402.9695,13015535,KWWN005996,Wastewater,7.3,7.65,1.16,8.46,8.81,WWMH,,INUS,Paraparaumu,20100419114526,2008
1783292.324,5485460.8775,13015536,KWWN005822,Wastewater,41.42,41.8,0.98,42.4,42.78,WWMH,,INUS,Otaki,20071121100511,2005
1771007.091,5474111.8635,13015537,KWWN005507,Wastewater,,,,,,UNK,,INUS,Waikanae,20040213160504,2001
1768374.723,5467974.3795,13015538,KWWN005483,Wastewater,3.65,3.99,1.57,5.22,5.56,WWMH,,INUS,Paraparaumu,20040210083545,1996
1766699.008,5469977.0025,13015539,KWWN005900,Wastewater,8.04,8.4,1.55,9.59,9.95,WWMH,,INUS,Paraparaumu,20080922100038,2006
1773536.676,5473570.4125,13015540,KWWN005417,Wastewater,18.6,18.95,1.85,20.45,20.8,WWMH,,PRV,Waikanae,20030717131204,2001
1768491.871,5470899.0665,13015541,KWWN005360,Wastewater,1.52,1.87,3.1,4.62,4.97,WWMH,,INUS,Paraparaumu,20030406072048,2003
1781902.235,5485427.5185,13015542,KWWN005792,Wastewater,,,,12.65,13.03,WWMH,,INUS,Otaki,20070424143800,2007
1770289.627,5470441.2185,13015543,KWWN005788,Wastewater,8.38,8.74,1.71,10.09,10.45,WWMH,,INUS,Paraparaumu,20070327114209,2006
1771616.473,5473661.2295,13015544,KWWN006225,Wastewater,,,,,,WWMH,,PRV,Waikanae,2011100516550,2005
1769939.101,5473018.4125,13015545,KWWN005408,Wastewater,2.15,2.51,1.05,3.2,3.56,WWMH,,PRV,Waikanae,20030627152612,2002
1766317.576,5466452.1425,13015546,KWWN005047,Wastewater,,,,,,WWMH,,INUS,Paraparaumu,PSM00312,1979
1783181.964,5485359.9645,13015547,KWWN005683,Wastewater,37.74,38.12,0.95,38.69,39.07,WWMH,,INUS,Otaki,20050712111626,2004
1768983.061,5472829.6205,13015548,KWWN005915,Wastewater,0.55,0.91,2.96,3.51,3.87,WWMH,,INUS,Paraparaumu,20090825103723,2008
1769185.789,5471366.5985,13015549,KWWN005999,Wastewater,4.56,4.91,1.63,6.19,6.54,WWMH,,INUS,Paraparaumu,20100419114738,2008
1771136.717,5474091.0005,13015550,KWWN005811,Wastewater,,,1.83,,,WWMH,,INUS,Waikanae,20071116092158,
1770288.779,5472751.5895,13015551,KWWN005255,Wastewater,,,,,,WWMH,,INUS,Paraparaumu,PSM05013,2023
1766587.685,5470290.4975,13015552,KWWN005176,Wastewater,,,,,,WWMH,,PRV,Paraparaumu,PSM02021,1979
1769760.36,5472850.8045,13015553,KWWN005534,Wastewater,1.16,1.52,1.34,2.5,2.86,WWMH,,INUS,Paraparaumu,20040217100432,2002
1774502.954,5473157.1615,13015554,KWWN005852,Wastewater,,,,41.85,42.21,WWMH,,INUS,Waikanae,20071203110349,1978
1772451.313,5474128.4215,13015555,KWWN006040,Wastewater,12.88,13.24,1.45,14.33,14.69,WWMH,,INUS,Waikanae,20100420145052,2009
1768796.781,5470758.0265,13015556,KWWN005893,Wastewater,4.44,4.79,0.69,5.13,5.48,WWMH,,PRV,Paraparaumu,20080520115257,2000
1771938.353,5475236.6795,13015557,KWWN005498,Wastewater,,,,,,UNK,,INUS,Waikanae,20040213100623,2001
1769934.925,5473122.7455,13015558,KWWN005405,Wastewater,2.34,2.7,0.96,3.3,3.66,WWMH,,INUS,Waikanae,20030627151658,2003
1771477.442,5474847.4255,13015559,KWWN005503,Wastewater,,,,,,UNK,,INUS,Waikanae,20040213135352,2001
1768435.368,5471046.0725,13015560,KWWN005366,Wastewater,3.36,3.72,0.94,4.3,4.66,WWMH,,INUS,Paraparaumu,20030406080350,2003
1766622.754,5470664.3945,13015561,KWWN005183,Wastewater,,,,,,WWCE,,INUS,Paraparaumu,PSM02099,1979
1770438.486,5473535.5585,13015562,KWWN005520,Wastewater,,,,,,WWCON,,INUS,Waikanae,20040217083926,2004
1768800.167,5468001.2245,13015563,KWWN005238,Wastewater,,,,,,WWCE,,INUS,Paraparaumu,PSM03211,1979
1771045.525,5473976.7045,13015564,KWWN005642,Wastewater,9.44,9.8,1.83,11.27,11.63,WWMH,,INUS,Waikanae,20050622111238,2005
1780873.835,5486102.6775,13015565,KWWN005885,Wastewater,,,,,,WWWW,,PRV,Otaki,20080513111407,2008
1780842.49,5486815.2045,13015566,KWWN005954,Wastewater,3.93,4.3,2.3,6.23,6.6,WWMH,,INUS,Otaki,20091203112540,2008
1768006.432,5468576.2215,13015567,KWWN005937,Wastewater,,,,,,UNK,,INUS,Paraparaumu,20091111152413,2009
1769036.1,5472434.2795,13015568,KWWN005612,Wastewater,3.68,4.04,1.19,4.87,5.23,WWMH,,INUS,Paraparaumu,20040823093203,2004
1770161.229,5470399.5315,13015569,KWWN005784,Wastewater,6.89,7.25,1.42,8.31,8.67,WWMH,,INUS,Paraparaumu,20070327110843,2006
1772473.47,5474036.0235,13015570,KWWN006030,Wastewater,11.49,11.85,1.01,12.5,12.86,WWMH,,INUS,Waikanae,20100420140430,2009
1769160.024,5467500.9065,13015571,KWWN005319,Wastewater,31.04,31.39,0.89,31.93,32.28,WWMH,,INUS,Paraparaumu,20030429141400,2003
1769770.363,5471700.5745,13015572,KWWN005549,Wastewater,,,,,,WWVA,,INUS,Paraparaumu,20040217153356,2002
1769946.733,5472031.5605,13015573,KWWN005541,Wastewater,,,,,,WWVA,,INUS,Paraparaumu,20040217130805,2002
1768182.48,5468372.8265,13015574,KWWN005692,Wastewater,3.87,4.22,0.9,4.77,5.12,WWMH,,INUS,Paraparaumu,20050713083719,2004
1766688.214,5467747.5615,13015575,KWWN005470,Wastewater,6.54,6.89,1.48,8.02,8.37,WWMH,,INUS,Paraparaumu,20040122090945,2002
1780674.176,5486110.8425,13015576,KWWN005146,Wastewater,,,,,,WWMH,,INUS,Otaki,,
1768167.209,5470774.1565,13015577,KWWN005301,Wastewater,2.72,3.07,2.03,4.75,5.1,WWMH,,INUS,Paraparaumu,20030326091822,2002
1768270.085,5470089.3835,13015578,KWWN006214,Wastewater,,,,,,WWMH,,PRV,Paraparaumu,2011081913373,2003
1767189.073,5468886.1645,13015579,KWWN005086,Wastewater,2.48,2.83,0.26,2.73,3.09,WWCE,,INUS,Paraparaumu,PSM00639,1981
1769881.53,5471121.3895,13015580,KWWN005553,Wastewater,,,,,,WWCON,,INUS,Paraparaumu,20040218090924,2016
1770043.636,5469348.5055,13015581,KWWN005943,Wastewater,16.77,17.12,4.23,21,21.35,WWMH,,INUS,Paraparaumu,20091126114818,2007
1769160.645,5472736.7635,13015582,KWWN005921,Wastewater,2.94,3.3,2.04,4.98,5.34,WWMH,,INUS,Paraparaumu,20090825104123,2008
1768178.606,5469893.7325,13015583,KWWN005800,Wastewater,7.08,7.44,1.04,8.12,8.48,WWMH,,INUS,Paraparaumu,20070911101511,2007
1774767.073,5473516.1455,13015584,KWWN005862,Wastewater,40.11,40.46,1.22,41.33,41.68,WWCE,,INUS,Waikanae,20080404145739,2007
1769697.939,5470293.6975,13015585,KWWN005647,Wastewater,8.24,8.59,0.68,8.92,9.27,WWMH,,INUS,Paraparaumu,20050630114151,2005
1770040.872,5470293.5645,13015586,KWWN005866,Wastewater,,,,,,WWMH,,INUS,Paraparaumu,20080418151440,2007
1766749.679,5466772.9765,13015587,KWWN005037,Wastewater,,,,,,WWCE,,INUS,Paraparaumu,PSM00256,1979
1767605.436,5469138.3075,13015588,KWWN005323,Wastewater,4.76,5.11,1.68,6.44,6.79,WWMH,,INUS,Paraparaumu,20030430090351,2003
1782634.274,5485949.1125,13015589,KWWN005719,Wastewater,27.55,27.93,1.65,29.2,29.58,WWMH,,INUS,Otaki,20050714103355,2004
1766548.795,5466373.8365,13015590,KWWN005025,Wastewater,10.41,10.76,1.29,11.7,12.05,WWCE,,INUS,Paraparaumu,PSM00174,1979
1778803.786,5487479.0705,13015591,KWWN005825,Wastewater,2.98,3.35,1.6,4.58,4.95,WWMH,,INUS,Otaki,20071121140438,2006
1769131.876,5471276.5685,13015592,KWWN006009,Wastewater,6.83,7.18,0.96,7.79,8.14,WWMH,,INUS,Paraparaumu,20100419160455,2008
1767994.631,5472050.7045,13015593,KWWN005214,Wastewater,,,,,,WWCE,,INUS,Paraparaumu,PSM02665,1980
1768418.828,5470845.8485,13015594,KWWN005444,Wastewater,1.1,1.45,3.57,4.67,5.02,WWMH,,INUS,Paraparaumu,20031016155447,2003
1772794.83,5473994.9055,13015595,KWWN006012,Wastewater,8.96,9.32,2.28,11.24,11.6,WWMH,,INUS,Waikanae,20100420110626,2009
1769039.918,5471476.9605,13015596,KWWN006004,Wastewater,2.59,2.94,1.36,3.95,4.3,WWMH,,INUS,Paraparaumu,20100419160243,2008
1768501.558,5467429.2335,13015597,KWWN005437,Wastewater,78.21,78.56,1.46,79.67,80.02,WWMH,,INUS,Paraparaumu,20030822092704,2003
1774682.63,5473279.5985,13015598,KWWN005992,Wastewater,,,,,,WWCE,,INUS,Waikanae,20100416133706,2009
1768211.615,5470822.5365,13015599,KWWN005440,Wastewater,4.53,4.88,0.94,5.47,5.82,WWMH,,INUS,Paraparaumu,20031016144539,2003
1769124.557,5472846.2125,13015600,KWWN005922,Wastewater,1.82,2.18,1.94,3.76,4.12,WWMH,,PRV,Paraparaumu,20090825104209,2008
1768543.183,5470906.4255,13015601,KWWN005358,Wastewater,3.54,3.89,0.97,4.51,4.86,WWMH,,INUS,Paraparaumu,20030406065751,2003
1770233.052,5473343.9125,13015602,KWWN005392,Wastewater,4.51,4.87,1.9,6.41,6.77,WWMH,,INUS,Waikanae,20030618110517,2003
1766368.752,5465593.0695,13015603,KWWN005031,Wastewater,12.39,12.74,1.49,13.88,14.23,WWCE,,INUS,Paraparaumu,PSM00209,1979
1769409.991,5468340.8955,13015604,KWWN005761,Wastewater,,,,,,WWCE,,INUS,Paraparaumu,20060901133636,2006
1778832.694,5486342.8925,13015605,KWWN005762,Wastewater,1.76,2.13,1.02,2.78,3.15,WWMH,,INUS,Otaki,20060927101848,2004
1770082.176,5470428.9055,13015606,KWWN005776,Wastewater,5.09,5.44,3.52,8.61,8.96,WWMH,,INUS,Paraparaumu,20061206132750,2006
1769135.576,5471375.0165,13015607,KWWN006000,Wastewater,4.04,4.39,2.45,6.49,6.84,WWMH,,INUS,Paraparaumu,20100419114856,2008
1767969.476,5470831.3555,13015608,KWWN005329,Wastewater,1.95,2.31,2.06,4.01,4.37,WWMH,,INUS,Paraparaumu,20030430135536,2003
1768633.93,5469283.8585,13015609,KWWN005223,Wastewater,5.84,6.19,0.81,6.65,7,WWCE,,INUS,Paraparaumu,PSM02844,1975
1768076.185,5470479.8425,13015610,KWWN005804,Wastewater,,,,,,WWMH,,INUS,Paraparaumu,20071114113540,2007
1783249.643,5485476.8195,13015611,KWWN005823,Wastewater,39.5,39.88,1.47,40.97,41.35,WWMH,,INUS,Otaki,20071121100549,2005
1766344.031,5465946.5325,13015612,KWWN005023,Wastewater,22.9,23.25,1.05,23.95,24.3,WWMH,,INUS,Paraparaumu,PSM00162,1979
1770035.927,5472861.2535,13015613,KWWN005254,Wastewater,,,,,,WWMH,,INUS,Paraparaumu,PSM05008,1980
1773133.238,5472284.8725,13015614,KWWN005810,Wastewater,18.43,18.78,1.38,19.81,20.16,WWMH,,INUS,Waikanae,20071116084847,2000
1768545.301,5471078.7295,13015615,KWWN005489,Wastewater,3.6,3.95,0.96,4.55,4.91,WWMH,,INUS,Paraparaumu,20040212100603,2003
1767159.964,5470899.1075,13015616,KWWN005192,Wastewater,,,,,,WWMH,,INUS,Paraparaumu,PSM02210,1979
1767184.202,5467715.4475,13015617,KWWN005741,Wastewater,4.41,4.76,0.68,5.09,5.44,WWMH,,INUS,Paraparaumu,20060714094931,2005
1769917.112,5469195.5555,13015618,KWWN005940,Wastewater,15.8,16.15,3.29,19.09,19.44,WWMH,,INUS,Paraparaumu,20091126114227,2007
1769763.175,5472861.4505,13015619,KWWN005535,Wastewater,,,,,,UNK,,INUS,Paraparaumu,20040217100846,2002
1775060.149,5473470.0555,13015620,KWWN005803,Wastewater,,,,,,WWCON,,INUS,Waikanae,20071108145356,1987
1768147.346,5472186.3955,13015621,KWWN005335,Wastewater,,,,,,WWCON,,INUS,Paraparaumu,20030501085020,2003
1781828.803,5485532.9645,13015622,KWWN005699,Wastewater,10.23,10.61,2.19,12.42,12.8,WWMH,,INUS,Otaki,20050713105528,2005
1769877.031,5472125.3665,13015623,KWWN005542,Wastewater,6.55,6.91,1.66,8.21,8.57,WWVA,,INUS,Paraparaumu,20040217131200,2002
1780312.87,5486241.4425,13015624,KWWN005686,Wastewater,5.82,6.19,1.03,6.85,7.22,WWMH,,INUS,Otaki,20050712152959,2004
1767302.931,5468807.7875,13015625,KWWN005247,Wastewater,5.18,5.53,1,6.18,6.53,WWCE,,INUS,Paraparaumu,PSM03288,1981
1771296.965,5474743.7875,13015626,KWWN005505,Wastewater,3.57,3.93,2.2,5.77,6.13,WWMH,,INUS,Waikanae,20040213145149,2001
1767106.717,5470782.8185,13015627,KWWN005195,Wastewater,,,,,,WWMH,,INUS,Paraparaumu,PSM02216,1979
1766666.092,5468816.4855,13015628,KWWN005099,Wastewater,,,,,,WWCE,,INUS,Paraparaumu,PSM00736,1980
1783306.533,5485669.3805,13015629,KWWN005336,Wastewater,41.75,42.13,0.96,42.71,43.09,WWMH,,INUS,Otaki,20030501094354,
1769916.623,5470433.9145,13015630,KWWN005659,Wastewater,6.08,6.43,3,9.08,9.43,WWMH,,INUS,Paraparaumu,20050630140802,2005
1770518.912,5473873.9335,13015631,KWWN005514,Wastewater,,,,,,UNK,,INUS,Waikanae,20040216131722,2001
1769062.58,5472885.5985,13015632,KWWN005924,Wastewater,1.35,1.71,2.09,3.44,3.8,WWMH,,INUS,Paraparaumu,20090825104318,2008
1768613.519,5471263.0315,13015633,KWWN005279,Wastewater,3.91,4.26,0.88,4.79,5.14,WWMH,,INUS,Paraparaumu,20030212061411,2003
1770298.797,5473379.7215,13015634,KWWN005567,Wastewater,4.54,4.9,2.03,6.57,6.93,WWMH,,INUS,Waikanae,20040224100051,2002
1770028.626,5472611.4255,13015635,KWWN005256,Wastewater,,,,,,WWMH,,INUS,Paraparaumu,PSM05023,1980
1778936.94,5487615.7085,13015636,KWWN005837,Wastewater,2.41,2.78,1.83,4.24,4.61,WWMH,,INUS,Otaki,20071123092358,2006
1769269.353,5470899.2855,13015637,KWWN005150,Wastewater,,,,,,WWCE,,INUS,Paraparaumu,PSM01431,1980
1767420.797,5472414.0985,13015638,KWWN005156,Wastewater,,,,,,WWCE,,INUS,Paraparaumu,PSM01476,1980
1770023.366,5470246.6265,13015639,KWWN005867,Wastewater,,,,,,WWMH,,INUS,Paraparaumu,20080418151530,2007
1767258.6,5467034.4855,13015640,KWWN005043,Wastewater,,,,,,WWMH,,INUS,Paraparaumu,PSM00278,1979
1767774.939,5472174.1165,13015641,KWWN005907,Wastewater,,,,,,WWMH,,PRV,Paraparaumu,20090806144256,2008
1769757.821,5472261.1975,13015642,KWWN005540,Wastewater,,,,,,UNK,,INUS,Paraparaumu,20040217120232,2002
1769357.264,5468658.5305,13015643,KWWN005989,Wastewater,,,,,,WWMH,,INUS,Paraparaumu,20100415104331,2004
1771700.769,5475025.4015,13015644,KWWN005502,Wastewater,,,,,,UNK,,INUS,Waikanae,20040213111653,2001
1773127.926,5472272.5495,13015645,KWWN005809,Wastewater,17.9,18.26,1.93,19.83,20.19,WWMH,,INUS,Waikanae,20071116084822,2000
1781383.072,5485444.7275,13015646,KWWN005979,Wastewater,9.5,9.88,2.55,12.22,12.6,WWMH,,INUS,Otaki,20100406104606,2009
1770011.165,5471868.7815,13015647,KWWN005543,Wastewater,,,,,,WWVA,,INUS,Paraparaumu,20040217143444,2002
1766242.37,5466041.9605,13015648,KWWN005019,Wastewater,,,,,,WWMH,,INUS,Paraparaumu,PSM00109,1979
1772464.655,5475937.9595,13015649,KWWN005145,Wastewater,,,,,,WWCON,,INUS,Waikanae,,2001
1783075.651,5485367.9275,13015650,KWWN005677,Wastewater,35.31,35.69,1.28,36.59,36.97,WWMH,,INUS,Otaki,20050712111117,2004
1767243.857,5471873.3165,13015651,KWWN005204,Wastewater,,,,,,WWCE,,INUS,Paraparaumu,PSM02434,1980
1780725.629,5486630.8405,13015652,KWWN005879,Wastewater,6.04,6.41,1.03,7.07,7.44,WWMH,,INUS,Otaki,20080424104508,2008
1769764.684,5473051.3615,13015653,KWWN005528,Wastewater,,,,,,WWVA,,INUS,Waikanae,20040217095529,2001
1783318.618,5485407.3495,13015654,KWWN005820,Wastewater,,,,44.24,44.62,WWCE,,INUS,Otaki,20071121100347,2005
1772710.709,5473979.1755,13015655,KWWN006015,Wastewater,6.82,7.18,1.27,8.09,8.45,WWMH,,INUS,Waikanae,20100420110738,2009
1769130.715,5471525.9445,13015656,KWWN005628,Wastewater,,,,,,WWCE,,PRV,Paraparaumu,20050209133113,2004
1769111.47,5470996.0975,13015657,KWWN005454,Wastewater,3.63,3.98,1.84,5.47,5.82,WWMH,,INUS,Paraparaumu,20040114152411,2003
1774918.069,5472902.3905,13015658,KWWN005807,Wastewater,,,1.77,,,WWMH,,INUS,Waikanae,20071115143601,1984
1772638.208,5473927.5045,13015659,KWWN006026,Wastewater,12.04,12.4,3.28,15.32,15.68,WWMH,,INUS,Waikanae,20100420113846,2009
1768099.468,5469990.9295,13015660,KWWN005164,Wastewater,,,,,,WWMH,,PRV,Paraparaumu,PSM01590,1980
1767424.455,5468666.6185,13015661,KWWN005093,Wastewater,2.34,2.69,1.2,3.54,3.89,WWCE,,INUS,Paraparaumu,PSM00693,1981
1769824.462,5470394.8415,13015662,KWWN005652,Wastewater,6.78,7.13,1.38,8.16,8.51,WWMH,,INUS,Paraparaumu,20050630135339,2005
1769827.954,5471190.9595,13015663,KWWN005559,Wastewater,,,,,,UNK,,INUS,Paraparaumu,20040218093115,2002
1769970.055,5473069.1785,13015664,KWWN005404,Wastewater,1.9,2.26,1.5,3.4,3.76,WWMH,,INUS,Waikanae,20030627151457,2002
1770077.946,5470402.6775,13015665,KWWN005777,Wastewater,5.37,5.72,2.53,7.9,8.25,WWMH,,INUS,Paraparaumu,20061206132834,2006
1769142.9,5471520.5545,13015666,KWWN005630,Wastewater,,,,,,WWCE,,PRV,Paraparaumu,20050209133904,2004
1770421.231,5473613.3785,13015667,KWWN005517,Wastewater,,,,,,UNK,,INUS,Waikanae,20040216140212,2001
1767121.21,5470819.6475,13015668,KWWN005194,Wastewater,,,,,,WWCON,,INUS,Paraparaumu,PSM02212,1979
1774779.874,5473115.2555,13015669,KWWN005374,Wastewater,,,,,,UNK,,INUS,Waikanae,20030408084716,2003
1783264.643,5485328.8145,13015670,KWWN005829,Wastewater,40.7,41.08,1.7,42.4,42.78,WWMH,,INUS,Otaki,20071121152533,2006
1769730.908,5472579.4165,13015671,KWWN005140,Wastewater,,,,,,WWCE,,INUS,Paraparaumu,PSM01311,1980
1781300.408,5485895.6235,13015672,KWWN005863,Wastewater,,,,10.02,10.4,WWMH,,INUS,Otaki,20080407103056,2008
1769388.755,5472674.4205,13015673,KWWN005621,Wastewater,-0.37,-0.01,2.76,2.39,2.75,WWMH,,INUS,Paraparaumu,20040823094410,2004
1768797.12,5467834.0855,13015674,KWWN005242,Wastewater,,,,,,WWMH,,INUS,Paraparaumu,PSM03223,1979
1783315.166,5485407.7675,13015675,KWWN005819,Wastewater,,,,44.24,44.62,WWCE,,INUS,Otaki,20071121100239,2005
1766387.171,5466871.4205,13015676,KWWN005968,Wastewater,,,,,,WWCE,,INUS,Paraparaumu,20100113085110,1980
1768669.358,5471299.7415,13015677,KWWN005281,Wastewater,,,,,,WWCON,,INUS,Paraparaumu,20030212061658,2003
1766922.285,5471112.2985,13015678,KWWN005186,Wastewater,3.78,4.14,1.29,5.07,5.43,WWCE,,INUS,Paraparaumu,PSM02146,1979
1767855.848,5470343.6465,13015679,KWWN005935,Wastewater,,,,,,WWCON,,INUS,Paraparaumu,,
1766849.233,5467016.2285,13015680,KWWN005005,Wastewater,5.57,5.92,1.12,6.69,7.04,WWMH,,INUS,Paraparaumu,PSM00039,1979
1769918.24,5471265.8315,13015681,KWWN005557,Wastewater,,,,,,UNK,,INUS,Paraparaumu,20040218091511,2002
1768677.59,5468712.5405,13015682,KWWN005971,Wastewater,7.93,8.28,0.47,8.4,8.75,WWMH,,INUS,Paraparaumu,20100325095418,2000
1768471.691,5470722.7955,13015683,KWWN005200,Wastewater,4.12,4.48,0.88,5,5.36,WWMH,,PRV,Paraparaumu,PSM02370,1980
1772391.662,5474105.8605,13015684,KWWN006035,Wastewater,12.82,13.18,1.5,14.32,14.68,WWMH,,INUS,Waikanae,20100420140800,2009
1768235.892,5470101.6065,13015685,KWWN006212,Wastewater,,,,,,WWMH,,PRV,Paraparaumu,20110819133150,2003
1768819.165,5467793.5955,13015686,KWWN005243,Wastewater,,,,,,WWMH,,INUS,Paraparaumu,PSM03225,1979
1769519.583,5472695.5525,13015687,KWWN005624,Wastewater,-1.57,-1.21,3.09,1.52,1.88,WWMH,,INUS,Paraparaumu,20040823094706,2004
1767026.621,5468531.3445,13015688,KWWN005017,Wastewater,,,,,,WWMH,,INUS,Paraparaumu,PSM00096,1980
1781761.833,5485509.3925,13015689,KWWN005701,Wastewater,10.76,11.14,1.45,12.21,12.59,WWMH,,INUS,Otaki,20050713105651,2005
1770135.631,5470491.7635,13015690,KWWN005756,Wastewater,7.83,8.19,1.75,9.58,9.94,WWMH,,INUS,Paraparaumu,20060803113849,2005
1766724.361,5467606.5685,13015691,KWWN005576,Wastewater,9.36,9.71,1.45,10.81,11.16,WWMH,,INUS,Paraparaumu,20040226131840,2002
1768626.23,5470935.0715,13015692,KWWN005371,Wastewater,,,,,,WWCON,,INUS,Paraparaumu,20030406085523,2003
1772461.965,5475941.5325,13015693,KWWN005493,Wastewater,,,,,,WWCON,,INUS,Waikanae,20040213083855,2001
1767921.609,5467530.4125,13015694,KWWN005014,Wastewater,,,,,,WWMH,,INUS,Paraparaumu,PSM00086,1980
1771119.49,5474071.7385,13015695,KWWN005812,Wastewater,,,1.66,,,WWMH,,INUS,Waikanae,20071116093541,2000
1767050.236,5470549.5585,13015696,KWWN005180,Wastewater,4.97,5.33,0.18,5.15,5.51,WWCE,,INUS,Paraparaumu,PSM02048,1978
1768770.297,5468483.5215,13015697,KWWN005767,Wastewater,8.25,8.6,0.77,9.02,9.37,WWMH,,PRV,Paraparaumu,20061025115709,1980
1780396.458,5486243.2945,13015698,KWWN005689,Wastewater,5.03,5.4,1.78,6.81,7.18,WWMH,,INUS,Otaki,20050712153215,2004
1769791.834,5470387.6805,13015699,KWWN005650,Wastewater,7.1,7.45,0.85,7.95,8.3,WWMH,,INUS,Paraparaumu,20050630120042,2005
1768983.985,5469783.7815,13015700,KWWN005858,Wastewater,6.41,6.76,1.32,7.73,8.08,WWMH,,PRV,Paraparaumu,20080404100646,2007
1766696.754,5466362.0315,13015701,KWWN005034,Wastewater,,,,,,WWCE,,INUS,Paraparaumu,PSM00224,1979
1769582.747,5472718.3145,13015702,KWWN005625,Wastewater,-2.14,-1.78,4.28,2.14,2.5,WWMH,,INUS,Paraparaumu,20040823094810,2004
1769041.12,5472846.0245,13015703,KWWN005917,Wastewater,0.97,1.33,3.05,4.02,4.38,WWMH,,INUS,Paraparaumu,20090825103836,2008
1766732.394,5468670.2095,13015704,KWWN005097,Wastewater,,,,16.84,17.2,WWMH,,INUS,Paraparaumu,PSM00732,1980
1766769.904,5471101.5435,13015705,KWWN005634,Wastewater,2.5,2.86,0.73,3.23,3.59,WWMH,,INUS,Paraparaumu,20050209164508,2004
1768991.915,5472027.0535,13015706,KWWN005667,Wastewater,2.22,2.58,1.49,3.71,4.07,WWMH,,INUS,Paraparaumu,20050707093207,2005
1769823.034,5470750.6695,13015707,KWWN005263,Wastewater,,,,,,WWMH,,INUS,Paraparaumu,BizeAsset23,1979
1775135.431,5473439.8925,13015708,KWWN005312,Wastewater,,,,87.78,88.13,WWMH,,PRV,Waikanae,20030414175217,2003
1771789.494,5475561.4065,13015709,KWWN005588,Wastewater,2.78,3.14,1.89,4.67,5.03,WWMH,,INUS,Waikanae,20040712151528,2003
1768592.241,5470849.5915,13015710,KWWN005357,Wastewater,3.08,3.43,1.93,5.01,5.36,WWMH,,INUS,Paraparaumu,20030406065713,2000
1767751.19,5469088.8915,13015711,KWWN005289,Wastewater,6,6.35,1.54,7.54,7.89,WWMH,,INUS,Paraparaumu,20030217065654,2001
1767304.658,5472025.2595,13015712,KWWN005717,Wastewater,1.74,2.1,,,,WWMH,,INUS,Paraparaumu,20050714081242,2004
1768081.1,5470632.8365,13015713,KWWN005305,Wastewater,3.82,4.18,1.46,5.28,5.64,WWMH,,INUS,Paraparaumu,20030326095201,2003
1769485.676,5469049.4505,13015714,KWWN005271,Wastewater,8.23,8.58,0.98,9.21,9.56,WWWW,,PRV,Paraparaumu,20030113160532,2003
1767280.002,5468464.3615,13015715,KWWN005081,Wastewater,,,,,,WWMH,,INUS,Paraparaumu,PSM00605,1980
1767150.457,5470844.2435,13015716,KWWN005193,Wastewater,2.96,3.32,1,3.96,4.32,WWCE,,INUS,Paraparaumu,PSM02211,1979
1768195.016,5470690.0545,13015717,KWWN005298,Wastewater,2.93,3.28,1.71,4.64,4.99,WWMH,,INUS,Paraparaumu,20030326090513,2003
1769756.043,5471673.8935,13015718,KWWN005550,Wastewater,,,,,,WWCON,,INUS,Paraparaumu,20040217153719,2002
1766733.255,5469754.6315,13015719,KWWN005908,Wastewater,,,,,,WWCE,,PRV,Paraparaumu,20090806163247,2008
1766629.85,5469575.7825,13015720,KWWN005438,Wastewater,6.89,7.25,1.02,7.91,8.27,WWMH,,PRV,Paraparaumu,20030912164511,2003
1778931.024,5488366.9365,13015721,KWWN005849,Wastewater,,,,,,WWCE,,INUS,Otaki,20071126113416,2006
1781415.846,5485528.2135,13015722,KWWN005975,Wastewater,10.4,10.78,1.1,11.5,11.88,WWMH,,INUS,Otaki,20100406104102,2009
1767956.004,5471921.9925,13015723,KWWN005212,Wastewater,,,,,,WWMH,,INUS,Paraparaumu,PSM02628,1980
1770104.602,5470498.4785,13015724,KWWN005755,Wastewater,9.75,10.11,0.9,10.65,11.01,WWMH,,INUS,Paraparaumu,20060803113700,2005
1770376.29,5473423.8055,13015725,KWWN005566,Wastewater,3.25,3.61,0.96,4.21,4.57,WWMH,,INUS,Waikanae,20040224095954,2002
1781419.534,5485650.4245,13015726,KWWN005932,Wastewater,9.53,9.91,1.46,10.99,11.37,UNK,,INUS,Otaki,20090908143412,2007
1768289.897,5470662.3195,13015727,KWWN005199,Wastewater,,,,,,WWMH,,INUS,Paraparaumu,PSM02369,1980
1771699.68,5475025.9445,13015728,KWWN005501,Wastewater,,,,,,WWVA,,INUS,Waikanae,20040213105650,2001
1770013.168,5471883.5225,13015729,KWWN005545,Wastewater,,,,,,UNK,,INUS,Paraparaumu,20040217143643,2002
1772578.188,5474061.1985,13015730,KWWN006029,Wastewater,12.5,12.86,3.21,15.71,16.07,WWMH,,INUS,Waikanae,20100420135648,2009
1769586.621,5468912.3625,13015731,KWWN005354,Wastewater,11.96,12.31,0.55,12.51,12.86,WWMH,,INUS,Paraparaumu,20030502125659,2003
1768536.427,5467675.2515,13015732,KWWN005427,Wastewater,57.35,57.7,1.68,59.03,59.38,WWMH,,INUS,Paraparaumu,20030822084215,2003
1782037.086,5485341.6655,13015733,KWWN005322,Wastewater,12.5,12.88,1.4,13.9,14.28,WWMH,,INUS,Otaki,20030430082423,2003
1766685.605,5468592.0405,13015734,KWWN005100,Wastewater,,,,,,WWMH,,INUS,Paraparaumu,PSM00742,1980
1767212.505,5468358.8135,13015735,KWWN005079,Wastewater,,,,,,WWCE,,INUS,Paraparaumu,PSM00597,1980
1771637.506,5473156.0625,13015736,KWWN005331,Wastewater,4.44,4.8,1.65,6.09,6.45,WWMH,,INUS,Waikanae,20030430142611,2003
1767233.83,5466961.5095,13015737,KWWN005042,Wastewater,,,,,,WWCE,,INUS,Paraparaumu,PSM00277,1979
1766958.488,5471079.2495,13015738,KWWN005726,Wastewater,4.33,4.68,0.62,4.95,5.3,WWMH,,INUS,Paraparaumu,20050714142717,2004
1769917.601,5473189.3525,13015739,KWWN005595,Wastewater,2.87,3.23,1.2,4.07,4.43,WWMH,,INUS,Waikanae,20040713104631,2003
1767031.523,5467597.8705,13015740,KWWN005732,Wastewater,2.86,3.21,1.8,4.66,5.01,WWMH,,INUS,Paraparaumu,20060714093654,2005
1771861.733,5475566.6245,13015741,KWWN005585,Wastewater,3.29,3.65,1.3,4.59,4.95,WWMH,,INUS,Waikanae,20040712145934,2003
1769063.901,5470701.2785,13015742,KWWN005578,Wastewater,4.82,5.17,1.33,6.15,6.5,WWMH,,INUS,Paraparaumu,20040708150018,2004
1771953.253,5475458.7295,13015743,KWWN005587,Wastewater,5.93,6.29,1.22,7.15,7.51,WWMH,,INUS,Waikanae,20040712150125,2003
1766637.826,5467648.2345,13015744,KWWN005574,Wastewater,4.03,4.38,3.12,7.15,7.5,WWMH,,INUS,Paraparaumu,20040226131528,2002
1769278.489,5469728.0215,13015745,KWWN005457,Wastewater,6.4,6.75,0.96,7.36,7.71,WWMH,,INUS,Paraparaumu,20040115105829,2002
1766809.915,5467275.4875,13015746,KWWN006216,Wastewater,6.77,7.12,0.89,7.66,8.01,WWMH,,INUS,Paraparaumu,2011082916506,2004
1778884.927,5487885.7305,13015747,KWWN005842,Wastewater,,,,,,WWVA,,PRV,Otaki,20071123145657,2006
1775126.035,5473470.3255,13015748,KWWN005314,Wastewater,,,,81.98,82.33,WWMH,,PRV,Waikanae,20030414175424,2003
1768522.217,5470266.9325,13015749,KWWN005712,Wastewater,3.82,4.17,,,,WWMH,,INUS,Paraparaumu,20050713170010,2005
1768601.596,5470955.3445,13015750,KWWN005367,Wastewater,2.98,3.33,1.78,4.76,5.11,WWMH,,INUS,Paraparaumu,20030406083525,2003
1772442.193,5474001.4225,13015751,KWWN006032,Wastewater,13.46,13.82,1.57,15.03,15.39,WWMH,,INUS,Waikanae,20100420140511,2009
1768204.091,5468387.6495,13015752,KWWN005693,Wastewater,4.06,4.41,1.76,5.82,6.17,WWMH,,INUS,Paraparaumu,20050713083911,2004
1768605.567,5470974.8635,13015753,KWWN005369,Wastewater,4.01,4.36,0.88,4.89,5.24,WWMH,,INUS,Paraparaumu,20030406083633,2003
1770028.314,5473178.8015,13015754,KWWN005598,Wastewater,3.2,3.56,0.8,4,4.36,WWMH,,INUS,Waikanae,20040714144138,2003
1766800.22,5466951.1565,13015755,KWWN005040,Wastewater,,,,,,WWCE,,INUS,Paraparaumu,PSM00262,1979
1768665.313,5471304.6295,13015756,KWWN005278,Wastewater,3.52,3.88,1.09,4.61,4.97,WWMH,,INUS,Paraparaumu,20030212061347,2003
1767945.176,5472214.5205,13015757,KWWN005229,Wastewater,6.61,6.97,1,7.61,7.97,WWCE,,PRV,Paraparaumu,PSM02861,1979
1773766.115,5472372.3875,13015758,KWWN005345,Wastewater,22.89,23.24,1.25,24.14,24.49,WWMH,,INUS,Waikanae,20030501122936,2003
1782624.77,5485925.2795,13015759,KWWN005720,Wastewater,,,,,,WWMH,,INUS,Otaki,20050714103524,2004
1772461.772,5475933.7215,13015760,KWWN005494,Wastewater,,,,,,WWCON,,INUS,Waikanae,20040213084603,2001
1770439.084,5473536.4535,13015761,KWWN005519,Wastewater,3.87,4.23,1.63,5.5,5.86,WWMH,,INUS,Waikanae,20040217083800,1979
1767163.192,5467722.1135,13015762,KWWN005747,Wastewater,4.32,4.67,1.17,5.49,5.84,WWMH,,INUS,Paraparaumu,20060714105734,2005
1767422.051,5472415.9745,13015763,KWWN005155,Wastewater,,,,,,WWMH,,INUS,Paraparaumu,PSM01475,1980
1768519.178,5470167.2525,13015764,KWWN005716,Wastewater,5.19,5.54,,,,WWMH,,INUS,Paraparaumu,20050713170243,2005
1769091.105,5472915.6445,13015765,KWWN005925,Wastewater,1.7,2.06,1.46,3.16,3.52,WWMH,,INUS,Paraparaumu,20090825104357,2008
1766814.325,5468292.2395,13015766,KWWN005009,Wastewater,,,,,,WWCE,,INUS,Paraparaumu,PSM00057,1979
1768572.722,5467696.5255,13015767,KWWN005426,Wastewater,52.74,53.09,1.67,54.41,54.76,WWMH,,INUS,Paraparaumu,20030822084007,2003
1781440.485,5485529.8115,13015768,KWWN005976,Wastewater,10.56,10.94,1.47,12.03,12.41,WWMH,,INUS,Otaki,20100406104156,2009
1768358.857,5467948.7935,13015769,KWWN005485,Wastewater,,,1.5,,,WWMH,,INUS,Paraparaumu,20040210083817,1996
1780326.703,5486278.7635,13015770,KWWN005685,Wastewater,6.1,6.47,0.85,6.95,7.32,WWMH,,INUS,Otaki,20050712152707,2004
1768527.241,5471100.3105,13015771,KWWN005488,Wastewater,3.79,4.14,0.82,4.61,4.96,WWMH,,INUS,Paraparaumu,20040212100511,2003
1768437.853,5470204.2145,13015772,KWWN005714,Wastewater,4.54,4.89,,,,WWMH,,INUS,Paraparaumu,20050713170109,2005
1772448.484,5474179.3835,13015773,KWWN006042,Wastewater,13.46,13.82,1.45,14.91,15.27,WWMH,,INUS,Waikanae,20100420145149,2009
1774522.657,5473353.4795,13015774,KWWN005927,Wastewater,35.91,36.26,0.48,36.39,36.74,WWMH,,INUS,Waikanae,20090907101950,2009
1767025.386,5471017.0765,13015775,KWWN005196,Wastewater,2.54,2.89,1,3.54,3.89,WWCE,,INUS,Paraparaumu,PSM02221,1978
1767408.9,5471170.1965,13015776,KWWN005189,Wastewater,1.75,2.1,0.83,2.58,2.93,WWMH,,INUS,Paraparaumu,PSM02179,1980
1768707.116,5468476.8645,13015777,KWWN005765,Wastewater,7.04,7.39,1.64,8.68,9.03,WWMH,,PRV,Paraparaumu,20061025112442,2006
1769931.165,5473129.3955,13015778,KWWN005594,Wastewater,2.42,2.78,0.94,3.36,3.72,WWMH,,INUS,Waikanae,20040713104532,2003
1768282.83,5469890.5825,13015779,KWWN005232,Wastewater,7.02,7.37,1.25,8.27,8.62,WWMH,,INUS,Paraparaumu,PSM03012,1979
1768575.226,5470957.9955,13015780,KWWN005361,Wastewater,2.69,3.04,1.96,4.65,5,WWMH,,INUS,Paraparaumu,20030406074044,2003
1770038.384,5470177.9645,13015781,KWWN005870,Wastewater,7.42,7.77,0.79,8.21,8.56,WWMH,,INUS,Paraparaumu,20080418151633,2007
1769987.294,5473249.9495,13015782,KWWN005596,Wastewater,3.67,4.03,1.26,4.93,5.29,WWMH,,INUS,Waikanae,20040714143945,2003
1771723.125,5475058.5445,13015783,KWWN005499,Wastewater,,,,,,UNK,,INUS,Waikanae,20040213102211,2001
1769939.004,5471843.5235,13015784,KWWN005546,Wastewater,,,,,,UNK,,INUS,Paraparaumu,20040217144437,2002
1767452.885,5472030.4855,13015785,KWWN005202,Wastewater,1.49,1.85,1.19,2.68,3.04,WWMH,,INUS,Paraparaumu,PSM02418,1980
1769970.437,5470949.8695,13015786,KWWN005560,Wastewater,,,,,,WWCON,,INUS,Paraparaumu,20040218093837,2002
1766741.296,5468867.9335,13015787,KWWN005570,Wastewater,12.47,12.82,0.75,13.22,13.57,WWMH,,PRV,Paraparaumu,20040225083635,2003
1768119.937,5469968.8385,13015788,KWWN005163,Wastewater,,,,,,WWMH,,PRV,Paraparaumu,PSM01589,1980
1769057.092,5471488.1015,13015789,KWWN005627,Wastewater,2.93,3.28,1.5,4.43,4.78,WWMH,,INUS,Paraparaumu,20050209120209,2005
1768746.303,5470762.8765,13015790,KWWN005894,Wastewater,3.72,4.07,1.63,5.35,5.7,WWMH,,PRV,Paraparaumu,20080520115333,2000
1767243.121,5468607.8325,13015791,KWWN005016,Wastewater,2.06,2.42,0.71,2.77,3.13,WWCE,,INUS,Paraparaumu,PSM00090,1981
1769906.438,5470471.4405,13015792,KWWN005660,Wastewater,10.71,11.06,0.84,11.55,11.9,WWMH,,INUS,Paraparaumu,20050630142143,2005
1769784.803,5472929.3435,13015793,KWWN005529,Wastewater,,,,,,WWVA,,INUS,Waikanae,20040217095746,2002
1769971.888,5470481.5485,13015794,KWWN005760,Wastewater,10.77,11.12,0.73,11.5,11.85,WWMH,,INUS,Paraparaumu,20060803114120,2005
1769853.859,5469986.9685,13015795,KWWN005389,Wastewater,6.74,7.09,1.73,8.47,8.82,WWMH,,INUS,Paraparaumu,20030611160804,2003
1769053.097,5470640.3365,13015796,KWWN005348,Wastewater,4.75,5.1,1.33,6.08,6.43,WWMH,,INUS,Paraparaumu,20030502120811,2003
1774396.279,5473228.0465,13015797,KWWN005343,Wastewater,,,,,,WWCE,,INUS,Waikanae,20030501115029,2003
1770726.059,5474442.0705,13015798,KWWN005805,Wastewater,1.8,2.16,1.03,2.83,3.19,WWMH,,INUS,Waikanae,20071115140935,1984
1772762.126,5474059.6175,13015799,KWWN006021,Wastewater,6.46,6.82,0.95,7.41,7.77,WWMH,,INUS,Waikanae,20100420111049,2009
1767079.884,5470776.1495,13015800,KWWN005379,Wastewater,2.39,2.74,1.65,4.04,4.39,WWMH,,INUS,Paraparaumu,20030413071121,2003
1770112.477,5473296.4925,13015801,KWWN005601,Wastewater,4.29,4.65,2.5,6.79,7.15,WWMH,,INUS,Waikanae,20040715093501,2003
1780249.828,5486470.4795,13015802,KWWN005965,Wastewater,3.61,3.98,1.72,5.33,5.7,WWMH,,INUS,Otaki,20091210155640,2009
1769094.052,5472013.3225,13015803,KWWN005669,Wastewater,3.04,3.4,1.26,4.3,4.66,WWMH,,PRV,Paraparaumu,20050707093427,2005
1769835.694,5469789.7775,13015804,KWWN005949,Wastewater,,,1.76,,,WWMH,,INUS,Paraparaumu,20091126161025,2009
1781453.673,5485745.6795,13015805,KWWN005929,Wastewater,8.89,9.27,1.6,10.49,10.87,WWMH,,INUS,Otaki,20090908143226,2007
1768426.001,5468084.0105,13015806,KWWN005476,Wastewater,2.97,3.31,2.23,5.2,5.54,WWMH,,INUS,Paraparaumu,20040210082643,1996
1766987.703,5471357.4715,13015807,KWWN005153,Wastewater,1.03,1.38,1.28,2.31,2.66,WWMH,,INUS,Paraparaumu,PSM01453,1979
1768421.343,5472236.8115,13015808,KWWN006217,Wastewater,3.37,3.73,1.39,4.76,5.12,WWMH,,INUS,Paraparaumu,20110912110031,2006
1781866.859,5485706.2065,13015809,KWWN005876,Wastewater,10.02,10.4,1.38,11.4,11.78,WWMH,,INUS,Otaki,20080421104728,2007
1766846.059,5471160.5365,13015810,KWWN005152,Wastewater,2.07,2.42,1.05,3.12,3.47,WWCE,,INUS,Paraparaumu,PSM01451,1978
1770403.687,5473321.4245,13015811,KWWN005568,Wastewater,2.66,3.02,1.91,4.57,4.93,WWMH,,INUS,Waikanae,20040224100217,2002
1771008.463,5474115.3935,13015812,KWWN005506,Wastewater,1.56,1.92,1.08,2.64,3,WWMH,,INUS,Waikanae,20040213155300,2001
1768054.416,5467732.7455,13015813,KWWN005461,Wastewater,5.36,5.71,1.08,6.44,6.79,WWMH,,INUS,Paraparaumu,20040116120510,2003
1768359.648,5470772.0565,13015814,KWWN005606,Wastewater,4.58,4.93,1.49,6.07,6.42,WWMH,,INUS,Paraparaumu,20040719111848,2004
1770079.766,5470463.1735,13015815,KWWN005758,Wastewater,7.25,7.6,3.08,10.33,10.68,WWMH,,INUS,Paraparaumu,20060803113950,2005
1778922.651,5487890.1015,13015816,KWWN005844,Wastewater,,,,,,WWVA,,INUS,Otaki,20071123150012,2006
1773106.957,5472231.4625,13015817,KWWN005883,Wastewater,18.66,19.01,0.77,19.43,19.78,WWMH,,INUS,Waikanae,20080428140335,2008
1767960.977,5469301.8225,13015818,KWWN005398,Wastewater,5.97,6.32,1.5,7.47,7.82,WWMH,,INUS,Paraparaumu,20030623114757,2002
1766597.579,5468208.9185,13015819,KWWN005010,Wastewater,,,,,,WWMH,,INUS,Paraparaumu,PSM00059,1979
1768982.205,5470606.1495,13015820,KWWN005353,Wastewater,4.14,4.49,1.06,5.2,5.55,WWMH,,INUS,Paraparaumu,20030502121311,2003
1769098.902,5471344.5795,13015821,KWWN006005,Wastewater,4.37,4.72,1.02,5.39,5.74,WWMH,,INUS,Paraparaumu,20100419160333,2008
1770045.234,5470235.7725,13015822,KWWN005868,Wastewater,,,,,,WWMH,,INUS,Paraparaumu,20080418151543,2007
1768268.603,5470091.3945,13015823,KWWN006213,Wastewater,,,,,,WWMH,,PRV,Paraparaumu,2011081913368,2003
1772899.159,5472598.5865,13015824,KWWN005690,Wastewater,13.23,13.59,2.01,15.24,15.6,WWMH,,INUS,Waikanae,20050712175958,2004
1769954.434,5469269.3205,13015825,KWWN005941,Wastewater,15.78,16.13,2.71,18.49,18.84,WWMH,,INUS,Paraparaumu,20091126114328,2007
1768735.749,5467879.2055,13015826,KWWN005241,Wastewater,,,,,,WWMH,,INUS,Paraparaumu,PSM03220,1979
1771032.919,5474003.9885,13015827,KWWN005643,Wastewater,9.66,10.02,1.55,11.21,11.57,WWMH,,INUS,Waikanae,20050622111307,2005
1769082.125,5471179.1625,13015828,KWWN005796,Wastewater,3.18,3.54,1.04,4.22,4.58,WWMH,,INUS,Paraparaumu,20070501154459,1992
1769914.167,5470014.6805,13015829,KWWN005980,Wastewater,7,7.35,1.64,8.64,8.99,WWMH,,INUS,Paraparaumu,20100413105322,2005
1768691.591,5470795.4545,13015830,KWWN005890,Wastewater,3.46,3.81,1.61,5.07,5.42,WWMH,,PRV,Paraparaumu,20080520113452,2000
1768710.981,5470889.2585,13015831,KWWN005887,Wastewater,4.34,4.69,0.88,5.22,5.57,WWMH,,PRV,Paraparaumu,20080520113151,2000
1767016.077,5471340.3785,13015832,KWWN005902,Wastewater,-1.75,-1.4,3.42,1.67,2.02,WWMH,,INUS,Paraparaumu,20090515151823,1990
1767776.526,5471122.2095,13015833,KWWN005158,Wastewater,3.87,4.22,1.25,5.12,5.47,WWMH,,INUS,Paraparaumu,PSM01499,1980
1768170.84,5470600.1715,13015834,KWWN005198,Wastewater,,,,,,WWMH,,INUS,Paraparaumu,PSM02368,1980
1769839.845,5469416.9985,13015835,KWWN005234,Wastewater,,,,10.25,10.6,WWCE,,INUS,Paraparaumu,PSM03177,1991
1770107.001,5473148.2515,13015836,KWWN005295,Wastewater,2.52,2.88,1.49,4.01,4.37,WWMH,,INUS,Waikanae,20030217092807,2003
1782811.364,5485888.1815,13015837,KWWN005425,Wastewater,,,,32.85,33.23,WWMH,,INUS,Otaki,20030731095025,2003
1775107.19,5473485.9305,13015838,KWWN005316,Wastewater,,,,77.16,77.51,WWMH,,PRV,Waikanae,20030414175504,2003
1773695.062,5472583.9325,13015839,KWWN005377,Wastewater,21.11,21.46,0.9,22.01,22.36,WWMH,,INUS,Waikanae,20030413061207,2003
1769832.927,5469141.9125,13015840,KWWN005947,Wastewater,13.43,13.78,1.14,14.57,14.92,WWMH,,INUS,Paraparaumu,20091126120057,2007
1768670.405,5469495.0285,13015841,KWWN005253,Wastewater,5.7,6.05,1.22,6.92,7.27,WWCE,,INUS,Paraparaumu,PSM03318,1975
1767328.742,5471166.8935,13015842,KWWN005909,Wastewater,,,,3.13,3.48,WWCE,,INUS,Paraparaumu,20090807142957,2008
1771163.435,5473972.8365,13015843,KWWN005639,Wastewater,3.13,3.49,1.79,4.92,5.28,WWMH,,INUS,Waikanae,20050622110819,2005
1767053.725,5467623.0845,13015844,KWWN005733,Wastewater,2.83,3.18,2.25,5.08,5.43,WWMH,,INUS,Paraparaumu,20060714093824,2005
1767251.78,5468431.1735,13015845,KWWN005080,Wastewater,,,,,,WWMH,,INUS,Paraparaumu,PSM00604,1980
1769837.353,5470740.5315,13015846,KWWN005562,Wastewater,,,,,,UNK,,INUS,Paraparaumu,20040218094715,2001
1772509.508,5473214.4665,13015847,KWWN005646,Wastewater,8.67,9.03,1.02,9.69,10.05,UNK,,INUS,Waikanae,20050624165059,2005
1770082.586,5469247.7305,13015848,KWWN005938,Wastewater,23.67,24.02,1.56,25.23,25.58,WWMH,,INUS,Paraparaumu,20091126114051,2007
1772464.626,5474026.1005,13015849,KWWN006031,Wastewater,11.69,12.05,1.14,12.83,13.19,WWMH,,INUS,Waikanae,20100420140450,2009
1768663.397,5472086.6905,13015850,KWWN005208,Wastewater,,,,,,WWMH,,INUS,Paraparaumu,PSM02592,1980
1778925.37,5487895.0145,13015851,KWWN005843,Wastewater,,,,,,WWVA,,INUS,Otaki,20071123145910,2006
1770241.629,5473200.7595,13015852,KWWN005524,Wastewater,,,,,,UNK,,INUS,Waikanae,20040217091032,2001
1767836.469,5470483.0695,13015853,KWWN005261,Wastewater,4.71,5.06,1.63,6.34,6.69,WWMH,,INUS,Paraparaumu,BizeAsset4,2002
1766627.597,5466069.2775,13015854,KWWN005709,Wastewater,10.69,11.04,1.15,11.84,12.19,WWMH,,INUS,Paraparaumu,20050713155136,2004
1778913.963,5487510.9565,13015855,KWWN005834,Wastewater,5.25,5.62,1.08,6.33,6.7,WWMH,,INUS,Otaki,20071123092121,2006
1768999.669,5471247.2045,13015856,KWWN005730,Wastewater,3.34,3.69,1.05,4.39,4.74,WWMH,,INUS,Paraparaumu,,2014
1769103.497,5472816.8165,13015857,KWWN005919,Wastewater,1.57,1.93,2.84,4.41,4.77,WWMH,,INUS,Paraparaumu,20090825104017,2008
1766718.23,5468223.6345,13015858,KWWN005077,Wastewater,,,,,,WWCE,,INUS,Paraparaumu,PSM00557,1979
1769601.662,5472724.8225,13015859,KWWN005538,Wastewater,1.21,1.57,1.57,2.78,3.14,WWCON,,INUS,Paraparaumu,20040217104550,2002
1768395.082,5468123.9625,13015860,KWWN005474,Wastewater,2.67,3.02,2.65,5.33,5.67,WWMH,,INUS,Paraparaumu,20040210082352,1996
1770082.519,5470324.7165,13015861,KWWN005781,Wastewater,7.14,7.49,0.8,7.94,8.29,WWMH,,INUS,Paraparaumu,20061206133646,2006
1768816.573,5472149.8975,13015862,KWWN005209,Wastewater,,,,,,WWCE,,INUS,Paraparaumu,PSM02600,1980
1767816.656,5471127.5695,13015863,KWWN005157,Wastewater,4.7,5.05,1.25,5.95,6.3,WWMH,,INUS,Paraparaumu,PSM01498,1980
1770015.842,5470208.2515,13015864,KWWN005995,Wastewater,7.08,7.43,0.92,8,8.35,WWMH,,INUS,Paraparaumu,20100416154932,2007
1770441.484,5473535.8125,13015865,KWWN005522,Wastewater,3.12,3.48,2.17,5.29,5.65,WWVA,,INUS,Waikanae,20040217085503,2001
1770799.262,5474702.9835,13015866,KWWN005982,Wastewater,3.52,3.88,1.2,4.72,5.08,WWCE,,INUS,Waikanae,20100413151652,2009
1768281.142,5470057.5005,13015867,KWWN006210,Wastewater,,,,,,WWMH,,INUS,Paraparaumu,20110819132932,2003
1769773.329,5470451.2085,13015868,KWWN005654,Wastewater,7.54,7.89,1.14,8.68,9.03,WWMH,,INUS,Paraparaumu,20050630135538,2005
1773532.341,5473612.4995,13015869,KWWN005421,Wastewater,,,,19.65,20,WWCE,,PRV,Waikanae,20030717133908,2003
1774757.366,5473234.1115,13015870,KWWN006227,Wastewater,58.26,58.61,1.7,59.96,60.31,WWMH,,INUS,Waikanae,20111007154147,2005
1769211.572,5472502.9635,13015871,KWWN005616,Wastewater,2.32,2.67,1.6,3.92,4.28,WWMH,,INUS,Paraparaumu,20040823093755,2004
1766563.23,5466989.5685,13015872,KWWN005344,Wastewater,1.82,2.17,1.96,3.78,4.13,WWMH,,INUS,Paraparaumu,20030501121513,2003
1768568.428,5471230.6315,13015873,KWWN005280,Wastewater,4.21,4.56,0.7,4.91,5.26,WWMH,,INUS,Paraparaumu,20030212061448,2003
1769997.013,5469225.5665,13015874,KWWN005939,Wastewater,19.68,20.03,1.46,21.14,21.49,WWMH,,INUS,Paraparaumu,20091126114131,2007
1774602.951,5472107.8525,13015875,KWWN005636,Wastewater,40.46,40.82,1.65,42.11,42.47,WWMH,,INUS,Waikanae,20050215134255,1980
1767114.223,5467645.7045,13015876,KWWN005735,Wastewater,3.53,3.88,2.11,5.64,5.99,WWMH,,INUS,Paraparaumu,20060714094034,2005
1769320.944,5468600.8625,13015877,KWWN005988,Wastewater,,,,,,WWMH,,INUS,Paraparaumu,20100415104258,2004
1766748.538,5470488.6565,13015878,KWWN005169,Wastewater,1.79,2.15,0.74,2.54,2.89,WWCE,,INUS,Paraparaumu,PSM01609,1978
1766696.304,5470970.0015,13015879,KWWN005187,Wastewater,2.06,2.42,1.24,3.3,3.65,WWMH,,INUS,Paraparaumu,PSM02152,1979
1769764.026,5470452.0215,13015880,KWWN005666,Wastewater,,,,,,WWCON,,INUS,Paraparaumu,20050630145824,2005
1767741.482,5468997.9545,13015881,KWWN005325,Wastewater,8.72,9.07,2.43,11.15,11.5,WWMH,,INUS,Paraparaumu,20030430115741,2001
1772521.132,5474009.9845,13015882,KWWN006028,Wastewater,11.03,11.39,2.38,13.41,13.77,WWMH,,INUS,Waikanae,20100420135609,2009
1768381.912,5468134.4025,13015883,KWWN005473,Wastewater,2.56,2.91,2.63,5.19,5.54,WWMH,,INUS,Paraparaumu,20040210081853,1996
1768455.463,5470527.4995,13015884,KWWN005291,Wastewater,3.29,3.65,1.72,5.01,5.37,WWMH,,INUS,Paraparaumu,20030217072722,2003
1768136.928,5467823.6325,13015885,KWWN005993,Wastewater,3.55,3.9,1.32,4.87,5.22,WWMH,,INUS,Paraparaumu,20100416151932,2009
1766990.9,5467683.4935,13015886,KWWN005744,Wastewater,9.55,9.9,2.22,11.77,12.12,WWMH,,INUS,Paraparaumu,20060714095129,2005
1768143.6,5472181.8525,13015887,KWWN005334,Wastewater,2.59,2.95,1.19,3.78,4.14,WWMH,,INUS,Paraparaumu,20030501084702,2001
1768950.49,5471477.4115,13015888,KWWN005283,Wastewater,3.77,4.12,0.62,4.39,4.74,WWMH,,INUS,Paraparaumu,20030212110450,2003
1769838.004,5470101.5235,13015889,KWWN005386,Wastewater,6.48,6.83,1.76,8.24,8.59,WWMH,,INUS,Paraparaumu,20030611153203,2003
1768685.327,5470411.7095,13015890,KWWN005884,Wastewater,,,,,,WWCE,,INUS,Paraparaumu,20080505164034,2008
1772769.805,5473979.6885,13015891,KWWN006013,Wastewater,8.23,8.59,1.62,9.85,10.21,WWMH,,INUS,Waikanae,20100420110652,2009
1768547.982,5467447.8315,13015892,KWWN005436,Wastewater,78,78.35,2.03,80.03,80.38,WWMH,,INUS,Paraparaumu,20030822092553,2003
1778764.443,5487522.9955,13015893,KWWN005824,Wastewater,1.63,2,1.56,3.19,3.56,WWMH,,INUS,Otaki,20071121140356,2006
1766609.112,5466100.6285,13015894,KWWN005707,Wastewater,8.97,9.32,1.47,10.44,10.79,WWMH,,INUS,Paraparaumu,20050713155039,2004
1766313.156,5465781.6475,13015895,KWWN005449,Wastewater,,,,,,WWCE,,INUS,Paraparaumu,20040113140642,2002
1783128.859,5485343.8385,13015896,KWWN005679,Wastewater,34.79,35.17,1.68,36.47,36.85,WWMH,,INUS,Otaki,20050712111256,2004
1768944.831,5471116.5105,13015897,KWWN005798,Wastewater,4.54,4.89,2.13,6.67,7.03,WWMH,,INUS,Paraparaumu,20070501154907,1992
1772673.281,5473986.1545,13015898,KWWN006022,Wastewater,7.25,7.61,1.83,9.08,9.44,WWMH,,INUS,Waikanae,20100420113611,2009
1766672.665,5470673.4125,13015899,KWWN005185,Wastewater,3.37,3.72,1.8,5.16,5.52,WWCE,,INUS,Paraparaumu,PSM02120,1978
1769185.846,5472561.1095,13015900,KWWN005617,Wastewater,1.8,2.16,2.64,4.44,4.8,WWMH,,INUS,Paraparaumu,20040823093953,2004
1769863.78,5473044.5765,13015901,KWWN005409,Wastewater,1.08,1.43,2.48,3.56,3.91,WWMH,,INUS,Waikanae,20030627152817,2002
1769105.723,5471141.2285,13015902,KWWN005218,Wastewater,,,,,,WWMH,,INUS,Paraparaumu,PSM02714,1980
1767290.076,5472043.6915,13015903,KWWN005718,Wastewater,2.02,2.38,,,,WWMH,,INUS,Paraparaumu,20050714081454,2004
1771299.316,5474745.0885,13015904,KWWN005504,Wastewater,2.32,2.67,3.4,5.72,6.07,WWMH,,INUS,Waikanae,20040213144313,2001
1777986.907,5486917.4405,13015905,KWWN005260,Wastewater,3.98,4.35,1.42,5.4,5.77,WWCE,,INUS,Otaki,OSM00853,1979
1768993.197,5470645.5405,13015906,KWWN005351,Wastewater,4.55,4.9,1.32,5.87,6.22,WWMH,,INUS,Paraparaumu,20030502121045,2003
1780726.103,5486899.8685,13015907,KWWN005952,Wastewater,5.02,5.39,1.29,6.31,6.68,WWMH,,INUS,Otaki,20091203111635,2008
1769915.154,5471264.0275,13015908,KWWN005555,Wastewater,,,,,,UNK,,INUS,Paraparaumu,20040218091216,2002
1769878.041,5472111.2955,13015909,KWWN005142,Wastewater,,,,,,WWMH,,INUS,Paraparaumu,PSM01319,1980
1768413.951,5468099.9415,13015910,KWWN005475,Wastewater,2.83,3.18,2.4,5.23,5.58,WWMH,,INUS,Paraparaumu,20040210082553,1996
1769929.153,5473045.7735,13015911,KWWN005406,Wastewater,1.54,1.9,1.7,3.24,3.6,WWMH,,INUS,Waikanae,20030627151802,2002
1766770.268,5466762.2345,13015912,KWWN005038,Wastewater,,,,,,WWCE,,PRV,Paraparaumu,PSM00258,1979
1768489.544,5469709.6265,13015913,KWWN005166,Wastewater,6.03,6.38,1.85,7.88,8.23,WWMH,,INUS,Paraparaumu,PSM01594,1979
1767199.219,5467193.0215,13015914,KWWN005041,Wastewater,,,,,,WWMH,,INUS,Paraparaumu,PSM00270,1979
1766585.036,5470328.0385,13015915,KWWN005178,Wastewater,,,,,,WWMH,,INUS,Paraparaumu,PSM02025,1979
1783141.923,5485445.0495,13015916,KWWN005814,Wastewater,38,38.38,0.57,38.57,38.95,WWMH,,INUS,Otaki,20071121095816,2005
1766620.749,5470358.5385,13015917,KWWN005179,Wastewater,1.92,2.27,1,2.92,3.27,WWCE,,INUS,Paraparaumu,PSM02031,1978
1767954.553,5469382.1705,13015918,KWWN005801,Wastewater,4.55,4.91,1.49,6.04,6.4,WWMH,,INUS,Paraparaumu,20070911102717,2007
1767300.322,5468636.3245,13015919,KWWN005095,Wastewater,6.07,6.42,1.2,7.27,7.62,WWCE,,INUS,Paraparaumu,PSM00709,1981
1768991.016,5469053.0575,13015920,KWWN005861,Wastewater,8.81,9.16,0.3,9.11,9.46,WWMH,,INUS,Paraparaumu,20080404142704,2007
1767502.683,5468778.4475,13015921,KWWN005015,Wastewater,1.72,2.07,1.45,3.17,3.52,WWCE,,INUS,Paraparaumu,PSM00088,1981
1766689.479,5469964.6345,13015922,KWWN005899,Wastewater,9.48,9.84,1.32,10.8,11.16,WWMH,,INUS,Paraparaumu,20080922095917,2006
1768571.238,5467477.4005,13015923,KWWN005434,Wastewater,75.61,75.96,1.44,77.05,77.4,WWMH,,INUS,Paraparaumu,20030822092446,2003
1768444.269,5470234.1695,13015924,KWWN005713,Wastewater,4.33,4.68,,,,WWMH,,INUS,Paraparaumu,20050713170048,2005
1769871.149,5472997.6145,13015925,KWWN005413,Wastewater,2.54,2.9,1.14,3.68,4.04,WWMH,,PRV,Waikanae,20030627155549,2002
1769098.019,5471515.3655,13015926,KWWN005629,Wastewater,,,,,,WWCE,,PRV,Paraparaumu,20050209133201,2004
1768043.444,5472088.3125,13015927,KWWN005215,Wastewater,,,,,,WWMH,,INUS,Paraparaumu,PSM02667,1980
1767689.438,5468977.6135,13015928,KWWN005328,Wastewater,6.41,6.76,1.7,8.11,8.46,WWMH,,INUS,Paraparaumu,20030430120605,2001
1774746.854,5472648.9635,13015929,KWWN005853,Wastewater,,,,57.5,57.86,WWMH,,INUS,Waikanae,20071203113339,1987
1768903.983,5468737.4725,13015930,KWWN005172,Wastewater,,,,,,WWMH,,INUS,Paraparaumu,PSM01675,1979
1766752.698,5468825.7515,13015931,KWWN005098,Wastewater,,,,,,WWCE,,INUS,Paraparaumu,PSM00735,1980
1770155.983,5473278.1595,13015932,KWWN005602,Wastewater,4.87,5.23,1.24,6.11,6.47,WWMH,,INUS,Waikanae,20040715093528,2003
1770189.098,5470391.0005,13015933,KWWN005785,Wastewater,7.21,7.56,1.45,8.65,9.01,WWMH,,INUS,Paraparaumu,20070327110924,2006
1768298.58,5468482.1565,13015934,KWWN005696,Wastewater,4.92,5.27,1.59,6.51,6.86,WWMH,,INUS,Paraparaumu,20050713084222,2004
1781123.979,5485157.7115,13015935,KWWN005956,Wastewater,8.21,8.58,2.42,10.63,11,WWMH,,INUS,Otaki,20091204104942,2008
1772596.157,5472739.6525,13015936,KWWN005772,Wastewater,11.67,12.02,1.98,13.65,14,WWMH,,INUS,Waikanae,20061117122334,1999
1769192.814,5471396.1545,13015937,KWWN005998,Wastewater,5.86,6.21,1.2,7.06,7.41,WWMH,,INUS,Paraparaumu,20100419114649,2008
1766686.815,5467781.6915,13015938,KWWN005466,Wastewater,4,4.35,3.35,7.35,7.7,WWMH,,INUS,Paraparaumu,20040122085135,2002
1768395.744,5470783.9485,13015939,KWWN005605,Wastewater,4.16,4.51,1.62,5.78,6.13,WWMH,,INUS,Paraparaumu,20040719111816,2004
1767165.629,5467695.9295,13015940,KWWN005749,Wastewater,4.47,4.82,0.59,5.06,5.41,WWMH,,INUS,Paraparaumu,20060714105843,2005
1780243.617,5486541.8545,13015941,KWWN005964,Wastewater,4.1,4.47,0.97,5.07,5.44,WWMH,,INUS,Otaki,20091210155620,2009
1768555.109,5471037.9265,13015942,KWWN005491,Wastewater,4.05,4.4,0.86,4.91,5.26,WWMH,,INUS,Paraparaumu,20040212100800,2003
1768476.512,5470159.0105,13015943,KWWN005715,Wastewater,,,,,,WWMH,,INUS,Paraparaumu,20050713170215,2005
1766473.742,5467207.1345,13015944,KWWN005385,Wastewater,,,,,,WWBE,,INUS,Paraparaumu,20030413082318,2003
1767014.54,5468668.6375,13015945,KWWN005089,Wastewater,2.1,2.46,1.26,3.37,3.72,WWCE,,INUS,Paraparaumu,PSM00666,1980
1767735.129,5468935.3025,13015946,KWWN005327,Wastewater,6.91,7.26,1.1,8.01,8.36,WWMH,,INUS,Paraparaumu,20030430115920,2003
1783292.519,5485675.5785,13015947,KWWN005337,Wastewater,,,0.9,,,WWMH,,INUS,Otaki,20030501094519,2000
1769424.366,5472663.7095,13015948,KWWN005622,Wastewater,-0.74,-0.38,3.03,2.29,2.65,WWMH,,INUS,Paraparaumu,20040823094454,2004
1767766.312,5470402.1935,13015949,KWWN005160,Wastewater,,,,,,WWMH,,INUS,Paraparaumu,PSM01551,1980
1766683.358,5469526.1685,13015950,KWWN005286,Wastewater,5.44,5.79,1.07,6.51,6.86,WWMH,,INUS,Paraparaumu,20030217061410,2003
1768661.456,5470874.4535,13015951,KWWN005886,Wastewater,4.11,4.46,1.44,5.55,5.9,WWMH,,PRV,Paraparaumu,20080520113031,2000
1780832.796,5486769.4635,13015952,KWWN005953,Wastewater,3.57,3.94,2.97,6.54,6.91,WWMH,,INUS,Otaki,20091203112442,2008
1766135.707,5465633.2005,13015953,KWWN005721,Wastewater,,,,,,WWCE,,INUS,Paraparaumu,20050714112546,2004
1767762.859,5472651.1355,13015954,KWWN005147,Wastewater,,,,,,WWMH,,PRV,Paraparaumu,PSM01381,1980
1768502.963,5469386.8085,13015955,KWWN005137,Wastewater,6.88,7.23,0.7,7.58,7.93,WWCE,,INUS,Paraparaumu,PSM01168,1976
1778722.649,5487509.6455,13015956,KWWN005830,Wastewater,2.32,2.69,0.99,3.31,3.68,WWMH,,INUS,Otaki,20071122103338,2006
1766447.04,5467132.6555,13015957,KWWN005051,Wastewater,8.97,9.32,2.11,11.08,11.43,WWCE,,INUS,Paraparaumu,PSM00333,1979
1769052.778,5472855.4115,13015958,KWWN005923,Wastewater,1.07,1.43,2.59,3.66,4.02,WWMH,,INUS,Paraparaumu,20090825104247,2008
1768974.353,5469797.2185,13015959,KWWN005859,Wastewater,6.89,7.24,1.03,7.92,8.27,WWMH,,PRV,Paraparaumu,20080404100809,2007
1780237.991,5486570.6125,13015960,KWWN005963,Wastewater,4.27,4.64,0.64,4.91,5.28,WWMH,,INUS,Otaki,20091210155600,2009
1766776.253,5470582.8565,13015961,KWWN005182,Wastewater,1.79,2.14,0.6,2.39,2.74,WWCE,,INUS,Paraparaumu,PSM02071,1978
1768078.475,5470734.5795,13015962,KWWN005396,Wastewater,4.06,4.41,1.49,5.55,5.9,WWMH,,INUS,Paraparaumu,20030619153450,2003
1768565.699,5467584.9415,13015963,KWWN005429,Wastewater,65.16,65.51,1.55,66.71,67.06,WWMH,,INUS,Paraparaumu,20030822090956,2003
1767113.48,5468835.1375,13015964,KWWN005082,Wastewater,9.9,10.26,1.1,11,11.36,WWCE,,INUS,Paraparaumu,PSM00621,1981
1769166.542,5470986.5015,13015965,KWWN005950,Wastewater,3.85,4.2,1.34,5.19,5.54,WWMH,,INUS,Paraparaumu,20091203092026,2009
1767874.241,5467986.6995,13015966,KWWN006221,Wastewater,,,,,,WWCE,,INUS,Paraparaumu,PSM00921,
1780327.903,5486449.3595,13015967,KWWN005729,Wastewater,4.98,5.35,0.65,5.63,6,WWMH,,PRV,Otaki,20050714162640,2004
1768986.979,5472805.2255,13015968,KWWN005914,Wastewater,0.34,0.7,3.52,3.86,4.22,WWMH,,INUS,Paraparaumu,20090825103648,2008
1773580.919,5473541.2645,13015969,KWWN005418,Wastewater,,,,,,WWMH,,PRV,Waikanae,20030717131247,2001
1768704.305,5468213.6175,13015970,KWWN005771,Wastewater,,,1.56,,,WWMH,,INUS,Paraparaumu,20061103143010,1980
1770315.033,5473335.6005,13015971,KWWN005564,Wastewater,2.43,2.79,1.43,3.86,4.22,WWMH,,INUS,Waikanae,20040224095810,2002
1766534.466,5468103.7605,13015972,KWWN006218,Wastewater,,,,,,WWCON,,INUS,Paraparaumu,20110912143552,2011
1766799.734,5470396.8525,13015973,KWWN005184,Wastewater,5.04,5.39,1.2,6.23,6.59,WWCE,,INUS,Paraparaumu,PSM02101,1978
1772132.594,5475485.5245,13015974,KWWN005496,Wastewater,,,,,,WWCON,,INUS,Waikanae,20040213093437,2001
1772465.841,5475939.3765,13015975,KWWN005447,Wastewater,,,,,,WWCON,,INUS,Waikanae,,2001
1768287.056,5470882.1155,13015976,KWWN005442,Wastewater,2.14,2.49,2.49,4.63,4.98,WWMH,,INUS,Paraparaumu,20031016144819,2003
1766979.532,5467661.5365,13015977,KWWN005745,Wastewater,10.12,10.47,1.94,12.06,12.41,WWMH,,INUS,Paraparaumu,20060714095158,2005
1768081.903,5470098.4435,13015978,KWWN005162,Wastewater,,,,,,WWMH,,PRV,Paraparaumu,PSM01571,1980
1769503.172,5472689.4875,13015979,KWWN005623,Wastewater,-1.4,-1.04,3.06,1.66,2.02,WWMH,,INUS,Paraparaumu,20040823094628,2004
1768384.185,5468006.5305,13015980,KWWN005481,Wastewater,3.5,3.84,1.75,5.25,5.59,WWMH,,INUS,Paraparaumu,20040210083411,1996
1766790.643,5466846.1845,13015981,KWWN005039,Wastewater,,,,,,WWMH,,INUS,Paraparaumu,PSM00260,1979
1783168.179,5485366.0825,13015982,KWWN005682,Wastewater,36.66,37.04,1.28,37.94,38.32,WWMH,,INUS,Otaki,20050712111550,2004
1769758.028,5471666.8275,13015983,KWWN005548,Wastewater,6.02,6.37,1.39,7.41,7.76,WWVA,,INUS,Paraparaumu,20040217152315,2002
1781144.956,5485051.3415,13015984,KWWN005961,Wastewater,,,,,,WWMH,,INUS,Otaki,20091204105226,2008
1768584.629,5471032.3365,13015985,KWWN005492,Wastewater,4.61,4.96,0.89,5.5,5.85,WWMH,,INUS,Paraparaumu,20040212102317,2003
1769246.223,5472625.4695,13015986,KWWN005619,Wastewater,0.82,1.18,3.35,4.17,4.53,WWMH,,INUS,Paraparaumu,20040823094206,2004
1769185.117,5470989.9715,13015987,KWWN005452,Wastewater,2.96,3.31,1.98,4.94,5.29,WWMH,,INUS,Paraparaumu,20040114152206,2003
1781612.632,5485290.2545,13015988,KWWN005375,Wastewater,11.08,11.46,1.53,12.61,12.99,WWMH,,INUS,Otaki,20030408094308,2003
1778905.489,5487901.2615,13015989,KWWN005840,Wastewater,,,,,,WWVA,,PRV,Otaki,20071123145415,2006
1769052.109,5471483.6275,13015990,KWWN006003,Wastewater,2.74,3.09,1.38,4.12,4.47,WWMH,,INUS,Paraparaumu,20100419160213,2008
1770997.248,5474101.8945,13015991,KWWN005512,Wastewater,,,,,,UNK,,INUS,Waikanae,20040213163823,2001
1768823.516,5471773.7075,13015992,KWWN005217,Wastewater,,,,,,WWMH,,INUS,Paraparaumu,PSM02702,1980
1781207.854,5485101.0505,13015993,KWWN005959,Wastewater,9.33,9.7,2.2,11.53,11.9,WWMH,,INUS,Otaki,20091204105059,2008
1775113.686,5473421.0775,13015994,KWWN005273,Wastewater,,,,,,WWMH,,INUS,Waikanae,20030211160554,2002
1766340.005,5466784.4865,13015995,KWWN005048,Wastewater,,,,,,WWCE,,INUS,Paraparaumu,PSM00322,1979
1769837.18,5473046.6875,13015996,KWWN005410,Wastewater,0.87,1.23,2.86,3.73,4.09,WWMH,,INUS,Waikanae,20070924152003,2007
1781955.914,5485745.4155,13015997,KWWN005791,Wastewater,,,,,,WWMH,,INUS,Otaki,,1997
1769485.921,5469050.6045,13015998,KWWN005282,Wastewater,,,,,,WWVA,,PRV,Paraparaumu,20030212093044,2003
1767872.001,5472146.6215,13015999,KWWN005226,Wastewater,6.94,7.3,1.27,8.21,8.57,WWCE,,PRV,Paraparaumu,PSM02856,1979
1768018.472,5468251.7835,13016000,KWWN005252,Wastewater,,,,,,WWMH,,INUS,Paraparaumu,PSM03313,1980
1771546.496,5473745.2635,13016001,KWWN006208,Wastewater,,,,,,WWCON,,INUS,Waikanae,2011081110483,
1781540.166,5485253.0925,13016002,KWWN005376,Wastewater,11.54,11.92,0.73,12.27,12.65,WWMH,,INUS,Otaki,20030408094411,2003
1766588.214,5470255.3775,13016003,KWWN005177,Wastewater,,,,,,WWMH,,INUS,Paraparaumu,PSM02023,1979
1781874.935,5485567.9335,13016004,KWWN005698,Wastewater,9.84,10.22,2.22,12.06,12.44,WWMH,,INUS,Otaki,20050713105442,2005
1769986.276,5471376.4085,13016005,KWWN005552,Wastewater,,,,,,UNK,,INUS,Paraparaumu,20040218082450,2002
1778921.288,5487509.8915,13016006,KWWN005835,Wastewater,,,,6.3,6.67,WWMH,,INUS,Otaki,20071123092204,2006
1769422.6,5467906.8805,13016007,KWWN006226,Wastewater,,,,41.21,41.56,WWMH,,INUS,Paraparaumu,2011100711484,2005
1768524.334,5470921.9565,13016008,KWWN005359,Wastewater,2.28,2.63,2.12,4.4,4.75,WWMH,,INUS,Paraparaumu,20030406071951,2003
1768261.34,5468444.5465,13016009,KWWN005695,Wastewater,4.57,4.92,1.26,5.83,6.18,WWMH,,INUS,Paraparaumu,20050713084128,2004
1769686.571,5472667.0405,13016010,KWWN005139,Wastewater,,,,,,WWCE,,INUS,Paraparaumu,PSM01310,1980
1766643.813,5467913.9405,13016011,KWWN005004,Wastewater,,,,,,WWMH,,INUS,Paraparaumu,PSM00033,1979
1774660.659,5473249.1265,13016012,KWWN005991,Wastewater,,,,,,WWCE,,INUS,Waikanae,20100416133415,2009
1767914.731,5470554.2865,13016013,KWWN005267,Wastewater,,,,,,WWCON,,INUS,Paraparaumu,BizeAsset33,2000
1769775.276,5473035.4555,13016014,KWWN005527,Wastewater,,,,,,UNK,,INUS,Waikanae,20040217094443,2001
1769091.604,5468332.0585,13016015,KWWN005990,Wastewater,,,3.4,18.08,18.43,WWMH,,INUS,Paraparaumu,20100416112228,2007
1780361.883,5486256.1345,13016016,KWWN005688,Wastewater,5.87,6.24,1.16,7.03,7.4,WWMH,,PRV,Otaki,20050712153130,2004
1771739.1,5475592.2385,13016017,KWWN005591,Wastewater,2.11,2.47,1.6,3.71,4.07,WWMH,,INUS,Waikanae,20040712152242,2003
1767126.074,5468912.9675,13016018,KWWN005085,Wastewater,6.85,7.2,1,7.84,8.2,WWCE,,INUS,Paraparaumu,PSM00636,1981
1778924.659,5487881.8155,13016019,KWWN005845,Wastewater,,,,,,WWVA,,INUS,Otaki,20071123150019,2006
1766781.699,5471085.6445,13016020,KWWN005632,Wastewater,2.31,2.66,0.88,3.19,3.54,WWMH,,INUS,Paraparaumu,20050209162311,2004
1766764.005,5467674.9015,13016021,KWWN005571,Wastewater,0.01,0.36,4.73,4.74,5.09,WWMH,,INUS,Paraparaumu,20040226130158,2002
1781698.013,5485325.3675,13016022,KWWN005986,Wastewater,11.86,12.24,1.15,13.01,13.39,WWMH,,PRV,Otaki,20100415094253,2008
1769118.179,5469157.5025,13016023,KWWN005423,Wastewater,6.78,7.13,0.9,7.68,8.04,WWMH,,PRV,Paraparaumu,20030730132904,2003
1774804.021,5473161.9125,13016024,KWWN005356,Wastewater,,,,,,WWMH,,INUS,Waikanae,20030502152017,2003
1767966.582,5466894.2275,13016025,KWWN005012,Wastewater,,,,,,WWMH,,INUS,Paraparaumu,PSM00073,1979
1769994.17,5470446.3875,13016026,KWWN005661,Wastewater,5.5,5.85,4.05,9.55,9.9,WWMH,,INUS,Paraparaumu,20050630142247,2005
1769919.821,5471276.5235,13016027,KWWN005558,Wastewater,,,,,,UNK,,INUS,Paraparaumu,20040218091625,2002
1766943.137,5471072.6915,13016028,KWWN005724,Wastewater,3.57,3.92,1.19,4.76,5.11,WWMH,,INUS,Paraparaumu,20050714142539,2004
1767449.821,5467623.8695,13016029,KWWN005008,Wastewater,14.67,15.01,1.51,16.18,16.52,WWCE,,INUS,Paraparaumu,PSM00047,1978
1768631.996,5467562.6495,13016030,KWWN005433,Wastewater,77.49,77.84,1.77,79.26,79.61,WWMH,,INUS,Paraparaumu,20030822092322,2003
1768584.045,5470333.2885,13016031,KWWN005710,Wastewater,3.06,3.42,3.4,6.46,6.82,WWMH,,INUS,Paraparaumu,20050713165858,2005
1768547.895,5470181.0355,13016032,KWWN005865,Wastewater,,,,,,WWMH,,INUS,Paraparaumu,20080408103851,2004
1778907.362,5487524.4455,13016033,KWWN005833,Wastewater,5.05,5.42,1.27,6.32,6.69,WWMH,,INUS,Otaki,20071123092040,2006
1770517.881,5473909.6135,13016034,KWWN005515,Wastewater,,,,,,UNK,,INUS,Waikanae,20040216133954,2001
1772876.802,5472687.5905,13016035,KWWN005774,Wastewater,12.72,13.08,1.05,13.77,14.13,WWMH,,INUS,Waikanae,20061122122448,2006
1769868.963,5470056.3945,13016036,KWWN005388,Wastewater,4.9,5.25,3.51,8.41,8.76,WWWW,,INUS,Paraparaumu,,2002
1770074.974,5469327.3955,13016037,KWWN005944,Wastewater,17.02,17.37,5.28,22.3,22.65,WWMH,,INUS,Paraparaumu,20091126115347,2007
1766662.762,5467643.2005,13016038,KWWN005575,Wastewater,8.26,8.61,0.94,9.2,9.55,WWMH,,INUS,Paraparaumu,20040226131722,2002
1769113.247,5471325.3895,13016039,KWWN006007,Wastewater,4.59,4.94,0.86,5.45,5.8,WWMH,,INUS,Paraparaumu,20100419160418,2008
1766940.167,5471068.4005,13016040,KWWN005723,Wastewater,1.73,2.09,3.13,4.87,5.22,WWMH,,INUS,Paraparaumu,20050714141949,2004
1767089.772,5467696.8005,13016041,KWWN005737,Wastewater,3.55,3.9,1.95,5.5,5.85,WWMH,,INUS,Paraparaumu,20060714094238,2005
1771915.683,5475498.8405,13016042,KWWN005586,Wastewater,4.34,4.7,1.3,5.64,6,WWMH,,INUS,Waikanae,20040712150025,2003
1772641.86,5473889.1915,13016043,KWWN006027,Wastewater,12.55,12.91,3.17,15.72,16.08,WWMH,,INUS,Waikanae,20100420113911,2009
1769837.651,5472597.4935,13016044,KWWN005138,Wastewater,,,,,,WWMH,,INUS,Paraparaumu,PSM01308,1980
1768678.061,5468228.2615,13016045,KWWN005768,Wastewater,5.48,5.83,1.38,6.86,7.21,WWMH,,INUS,Paraparaumu,20061025120511,1980
1766520.854,5467304.2635,13016046,KWWN005052,Wastewater,,,,,,WWCE,,INUS,Paraparaumu,PSM00339,1978
1768900.099,5472756.7575,13016047,KWWN005912,Wastewater,-0.33,0.03,4.88,4.55,4.91,WWMH,,INUS,Paraparaumu,20090825103519,2008
1783189.646,5485322.2275,13016048,KWWN005684,Wastewater,36.16,36.54,2,38.16,38.54,WWMH,,INUS,Otaki,20050712111710,2004
1771937.127,5475700.3705,13016049,KWWN005592,Wastewater,5.22,5.58,0.94,6.16,6.52,WWMH,,INUS,Waikanae,20040712153243,2003
1768132.996,5467578.3525,13016050,KWWN005013,Wastewater,,,,,,WWCE,,INUS,Paraparaumu,PSM00080,1980
1768475.948,5471023.9005,13016051,KWWN005363,Wastewater,3.05,3.41,1.4,4.45,4.81,WWMH,,INUS,Paraparaumu,20030406075745,2003
1768711.349,5471258.1215,13016052,KWWN006079,Wastewater,0.57,0.92,3.99,4.56,4.91,WWMH,,INUS,Paraparaumu,20100601110348,2006
1769150.616,5468587.8775,13016053,KWWN006352,Wastewater,,,,,,WWMH,,INUS,Paraparaumu,20120702142940,
1778964.043,5487823.7555,13016054,KWWN006331,Wastewater,,,,,,WWMH,,INUS,Otaki,20120528092006,1980
1768831.649,5471897.8365,13016055,KWWN006685,Wastewater,,,,,,WWCE,,INUS,Paraparaumu,,
1771031.367,5474108.7295,13016056,KWWN006348,Wastewater,,,,2.74,3.1,WWMH,,INUS,Waikanae,20120627153521,2012
1769291.066,5468822.4625,13016057,KWWN006353,Wastewater,,,,,,WWMH,,INUS,Paraparaumu,20120702144853,
1768959.391,5468678.6485,13016058,KWWN006537,Wastewater,,,,,,WWCE,,PRV,Paraparaumu,,
1766606.493,5465999.6945,13016059,KWWN006598,Wastewater,,,,,,WWCE,,PRV,Paraparaumu,,
1766934.26,5471438.8405,13016060,KWWN006876,Wastewater,,,,,,WWCON,,INUS,Paraparaumu,,
1768864.759,5468659.5505,13016061,KWWN006152,Wastewater,,,,,,WWMH,,PRV,Paraparaumu,20110411104452,2008
1774658.498,5473231.8235,13016062,KWWN006561,Wastewater,,,,,,WWCE,,INUS,Waikanae,,
1766442.01,5465693.3655,13016063,KWWN006539,Wastewater,5.72,6.07,0.85,6.57,6.92,WWCON,,INUS,Paraparaumu,,1981
1771022.893,5474108.7775,13016064,KWWN006849,Wastewater,,,,,,WWCON,,INUS,Waikanae,,2014
1768703.603,5467868.8525,13016065,KWWN006355,Wastewater,,,,,,WWMH,,PRV,Paraparaumu,20120718155016,1993
1774776.757,5472372.8895,13016066,KWWN006133,Wastewater,55.74,56.09,1.42,57.16,57.51,WWMH,,INUS,Waikanae,20110215163445,2008
1770135.955,5473733.1305,13016067,KWWN007085,Wastewater,,,,,,WWCON,,INUS,Waikanae,,
1770395.941,5473973.6915,13016068,KWWN007079,Wastewater,,,,,,WWCON,,INUS,Waikanae,,
1780407.393,5486537.7355,13016069,KWWN006939,Wastewater,,,,,,WWWW,,INUS,Otaki,,
1772983.168,5472534.9095,13016070,KWWN006557,Wastewater,,,,,,WWCE,,INUS,Waikanae,,
1779019.651,5488621.6725,13016071,KWWN006786,Wastewater,,,,,,WWCON,,INUS,Otaki,,
1774595.051,5473862.2615,13016072,KWWN006889,Wastewater,17.53,17.88,1.2,18.73,19.08,WWMH,,INUS,Waikanae,,2013
1767032.965,5467856.5815,13016073,KWWN006581,Wastewater,,,,,,WWCON,,INUS,Paraparaumu,,
1778213.1,5486790.5215,13016074,KWWN006811,Wastewater,,,,,,WWCON,,INUS,Otaki,,
1767150.024,5469366.4855,13016075,KWWN006061,Wastewater,2.81,3.16,1.34,4.14,4.5,WWMH,,INUS,Paraparaumu,20100423112832,2008
1774463.204,5473676.4385,13016076,KWWN006888,Wastewater,22.09,22.44,0.98,23.07,23.42,WWMH,,INUS,Waikanae,,2013
1768141.374,5468558.5975,13016077,KWWN006328,Wastewater,5.52,5.87,0.35,5.87,6.22,WWMH,,INUS,Paraparaumu,20120518153332,2005
1769915.532,5470736.1195,13016078,KWWN006282,Wastewater,,,,,,WWMH,,INUS,Paraparaumu,20120427115928,
1770646.835,5474705.2635,13016079,KWWN006386,Wastewater,,,,,,WWVA,,INUS,Waikanae,20121211115650,2012
1779751.217,5486354.9555,13016080,KWWN006622,Wastewater,,,,,,WWCE,,INUS,Otaki,,2013
1769401.006,5470038.1195,13016081,KWWN007002,Wastewater,8.33,8.68,1.96,10.29,10.64,WWMH,,INUS,Paraparaumu,,2014
1781765.203,5485296.9075,13016082,KWWN006203,Wastewater,,,1.38,,,WWMH,,PRV,Otaki,20110513153924,
1769879.147,5470750.6405,13016083,KWWN006281,Wastewater,,,,,,WWFM,,INUS,Paraparaumu,20120427115914,
1769935.505,5470738.4325,13016084,KWWN006665,Wastewater,,,,,,WWCE,,INUS,Paraparaumu,,
1780890.427,5486485.9555,13016085,KWWN006962,Wastewater,,,,,,WWCON,,INUS,Otaki,,
1771257.587,5475303.4425,13016086,KWWN007059,Wastewater,,,,,,WWCON,,INUS,Waikanae,,
1782401.839,5485557.5705,13016087,KWWN006395,Wastewater,,,,,,UNK,,INUS,Otaki,20121211153853,2012
1767902.213,5469965.4905,13016088,KWWN007503,Wastewater,,,,,,WWMH,,PRV,Paraparaumu,C2,2013
1778036.001,5487029.5715,13016089,KWWN006248,Wastewater,,,,,,WWMH,,INUS,Otaki,20120216102519,
1780540.363,5485726.5995,13016090,KWWN006956,Wastewater,7.11,7.48,1.61,8.72,9.09,WWMH,,INUS,Otaki,,2014
1772571.444,5474122.8795,13016091,KWWN006094,Wastewater,13.51,13.87,3.1,16.61,16.97,WWMH,,INUS,Waikanae,20101102155034,2009
1780619.736,5485492.4425,13016092,KWWN006064,Wastewater,6.3,6.67,1.15,7.45,7.82,WWMH,,INUS,Otaki,20100426100156,2008
1779019.904,5488623.3645,13016093,KWWN006781,Wastewater,,,,,,WWCON,,INUS,Otaki,,
1771051.205,5474104.7775,13016094,KWWN006350,Wastewater,-0.23,0.13,3.07,2.84,3.2,WWMH,,INUS,Waikanae,20120627153919,2012
1769852.526,5470742.5385,13016095,KWWN006314,Wastewater,,,,,,UNK,,INUS,Paraparaumu,20120427142111,
1768220.691,5467747.2095,13016096,KWWN006719,Wastewater,,,,,,WWCE,,PRV,Paraparaumu,,
1768084.759,5469830.1075,13016097,KWWN007517,Wastewater,3.84,4.19,2.28,6.12,6.47,WWMH,,PRV,Paraparaumu,A8,2013
1778881.415,5487237.4995,13016098,KWWN006896,Wastewater,,,,,,WWCON,,INUS,Otaki,,
1779674.202,5486169.9975,13016099,KWWN006844,Wastewater,,,,,,WWCON,,INUS,Otaki,,
1768748.848,5471239.6065,13016100,KWWN006080,Wastewater,0.74,1.09,3.97,4.71,5.06,WWMH,,INUS,Paraparaumu,20100601110425,2006
1769892.29,5470710.0215,13016101,KWWN006657,Wastewater,,,,,,WWCE,,INUS,Paraparaumu,,
1768788.73,5468559.2135,13016102,KWWN006178,Wastewater,,,,,,WWMH,,PRV,Paraparaumu,20110411111354,2008
1769086.115,5472647.5605,13016103,KWWN006103,Wastewater,0.97,1.33,3.05,4.02,4.38,WWMH,,INUS,Paraparaumu,20101109162936,2008
1767972.654,5469919.3265,13016104,KWWN007514,Wastewater,2.59,2.94,3.56,6.15,6.5,WWMH,,PRV,Paraparaumu,A5,2013
1768910.472,5471010.4225,13016105,KWWN006626,Wastewater,4.82,5.17,0.93,5.75,6.1,WWMH,,INUS,Paraparaumu,,
1768139.033,5470536.8495,13016106,KWWN006479,Wastewater,4.64,4.99,1.64,6.28,6.63,WWMH,,INUS,Paraparaumu,20131204124721,2005
1771031.404,5474835.5615,13016107,KWWN007069,Wastewater,,,,,,WWCON,,INUS,Waikanae,,
1768737.556,5472748.6865,13016108,KWWN006409,Wastewater,2.85,3.21,1.57,4.42,4.78,WWMH,,INUS,Paraparaumu,,2011
1770397.37,5473974.2615,13016109,KWWN007083,Wastewater,,,,,,WWCON,,INUS,Waikanae,,
1767338.147,5470762.0285,13016110,KWWN006502,Wastewater,,,1.45,,,WWMH,,INUS,Paraparaumu,20140520092443,
1769140.468,5471473.4035,13016111,KWWN006092,Wastewater,3.99,4.34,1.76,5.75,6.1,WWMH,,INUS,Paraparaumu,20100922115317,2010
1769504.833,5471088.4385,13016112,KWWN006233,Wastewater,,,,,,WWVA,,INUS,Paraparaumu,20111013140848,2003
1779676.47,5486168.6305,13016113,KWWN006848,Wastewater,,,,,,WWCON,,INUS,Otaki,,
1766809.188,5468509.3315,13016114,KWWN006702,Wastewater,,,,,,WWCE,,INUS,Paraparaumu,,
1780408.417,5486539.8625,13016115,KWWN006946,Wastewater,,,,,,WWCON,,INUS,Otaki,,
1768152.032,5468225.6915,13016116,KWWN006500,Wastewater,3.29,3.64,1.81,5.1,5.45,WWMH,,INUS,Paraparaumu,20140515104259,2013
1768887.606,5472970.6455,13016117,KWWN006452,Wastewater,1.23,1.59,3.19,4.42,4.78,WWMH,,INUS,Paraparaumu,20130712152413,2010
1771054.806,5474094.8735,13016118,KWWN006344,Wastewater,0.21,0.57,2.76,2.97,3.33,WWMH,,INUS,Waikanae,20120627141855,2012
1778772.26,5486111.0705,13016119,KWWN006838,Wastewater,,,,,,WWCON,,INUS,Otaki,,
1769858.243,5470696.6075,13016120,KWWN006645,Wastewater,,,,,,WWCE,,INUS,Paraparaumu,,
1767470.667,5467851.7955,13016121,KWWN006317,Wastewater,,,,5.33,5.68,WWMH,,INUS,Paraparaumu,20120511102712,2011
1779358.063,5488425.2265,13016122,KWWN006407,Wastewater,,,,,,WWCON,,INUS,Otaki,20121211164030,2012
1770135.354,5473733.2475,13016123,KWWN007088,Wastewater,,,,,,WWCON,,INUS,Waikanae,,
1780214.303,5486573.4725,13016124,KWWN006937,Wastewater,,,,,,WWCON,,INUS,Otaki,,
1770109.894,5470176.8525,13016125,KWWN006245,Wastewater,10.04,10.4,1,11.04,11.4,WWMH,,INUS,Paraparaumu,20120120104114,2008
1769728.95,5473465.4605,13016126,KWWN006853,Wastewater,,,,,,WWCON,,INUS,Waikanae,,
1778451.278,5486333.1015,13016127,KWWN006564,Wastewater,,,1.6,,,WWMH,,INUS,Otaki,,
1768021.164,5469871.6845,13016128,KWWN007515,Wastewater,3.18,3.53,3.09,6.27,6.62,WWMH,,PRV,Paraparaumu,A6,2013
1767047.51,5471356.5105,13016129,KWWN006522,Wastewater,,,,,,WWCE,,INUS,Paraparaumu,,
1781854.974,5486001.8205,13016130,KWWN006980,Wastewater,,,,,,WWCON,,INUS,Otaki,,
1780721.167,5486695.9365,13016131,KWWN006955,Wastewater,,,,,,WWCON,,INUS,Otaki,,
1768923.551,5471185.5015,13016132,KWWN006696,Wastewater,2.17,2.52,2.09,4.26,4.61,WWMH,,INUS,Paraparaumu,,2014
1766873.739,5467736.8035,13016133,KWWN006191,Wastewater,3.17,3.52,1.13,4.3,4.65,WWMH,,INUS,Paraparaumu,20110503165326,2008
1769867.705,5470733.2515,13016134,KWWN006678,Wastewater,,,,,,WWCE,,INUS,Paraparaumu,,
1774627.738,5473808.3125,13016135,KWWN006715,Wastewater,18.86,19.21,1.96,20.82,21.17,WWMH,,INUS,Waikanae,,2013
1774579.359,5473810.8215,13016136,KWWN006777,Wastewater,18.27,18.62,1.06,19.33,19.68,WWMH,,INUS,Waikanae,,2013
1769844.298,5470731.5565,13016137,KWWN006761,Wastewater,,,,,,WWCE,,INUS,Paraparaumu,,
1780407.743,5486539.6765,13016138,KWWN006944,Wastewater,,,,,,WWCON,,INUS,Otaki,,
1770611.609,5474034.3405,13016139,KWWN006253,Wastewater,,,,,,WWCON,,INUS,Waikanae,20120306141124,
1770394.165,5473973.7645,13016140,KWWN006553,Wastewater,,,,,,WWCE,,INUS,Waikanae,,
1768334.898,5468260.1325,13016141,KWWN006699,Wastewater,,,,,,WWCE,,INUS,Paraparaumu,,
1778880.357,5487237.0695,13016142,KWWN006893,Wastewater,,,,,,WWWW,,INUS,Otaki,,
1770131.928,5470218.9525,13016143,KWWN006244,Wastewater,9.79,10.15,1.15,10.95,11.3,WWMH,,INUS,Paraparaumu,20120120103912,2008
1768770.373,5468545.0825,13016144,KWWN006179,Wastewater,,,,,,WWMH,,PRV,Paraparaumu,20110411111409,2008
1769940.523,5470745.2155,13016145,KWWN006296,Wastewater,,,,,,WWVA,,INUS,Paraparaumu,20120427133004,
1768241.712,5472931.5195,13016146,KWWN006520,Wastewater,,,,,,WWCE,,INUS,Paraparaumu,,
1778802.769,5488200.9605,13016147,KWWN006915,Wastewater,,,,,,WWCON,,INUS,Otaki,,
1774876.229,5473693.2845,13016148,KWWN006689,Wastewater,,,,,,WWCE,,INUS,Waikanae,,
1768696.665,5467796.2995,13016149,KWWN006690,Wastewater,,,,,,WWCE,,PRV,Paraparaumu,,
1769908.161,5470829.3505,13016150,KWWN006273,Wastewater,,,,,,WWCON,,INUS,Paraparaumu,20120427114359,
1769865.514,5470763.1555,13016151,KWWN006738,Wastewater,,,,,,WWCE,,INUS,Paraparaumu,,
1766985.602,5469302.6805,13016152,KWWN006045,Wastewater,3.38,3.73,2,5.38,5.73,WWMH,,INUS,Paraparaumu,20100423111604,2008
1771029.316,5474839.2425,13016153,KWWN006382,Wastewater,,,,,,UNK,,INUS,Waikanae,20121211111724,2012
1767918.271,5468236.8055,13016154,KWWN006447,Wastewater,,,,,,WWCE,,PRV,Paraparaumu,20130422095541,2012
1771257.246,5475303.1035,13016155,KWWN007060,Wastewater,,,,,,WWCON,,INUS,Waikanae,,
1769305.032,5470085.6695,13016156,KWWN006983,Wastewater,8.96,9.31,1.15,10.11,10.46,WWMH,,INUS,Paraparaumu,,2014
1768058.732,5470963.5995,13016157,KWWN006694,Wastewater,,,,3.96,4.31,WWWW,,INUS,Paraparaumu,,2011
1768810.45,5468668.5725,13016158,KWWN006163,Wastewater,,,,,,WWMH,,PRV,Paraparaumu,20110411105050,2008
1782401.536,5485559.0605,13016159,KWWN006398,Wastewater,,,,,,WWVA,,INUS,Otaki,20121211154455,2012
1766766.451,5468561.3285,13016160,KWWN006698,Wastewater,,,,,,WWCE,,INUS,Paraparaumu,,
1778212.284,5486792.1565,13016161,KWWN006803,Wastewater,,,,,,WWWW,,INUS,Otaki,,
1774969.598,5472932.5885,13016162,KWWN006252,Wastewater,,,,,,WWCE,,PRV,Waikanae,20120302141642,
1774576.72,5473924.0195,13016163,KWWN006259,Wastewater,16.34,16.69,1.86,18.2,18.55,WWMH,,INUS,Waikanae,20120411084630,2012
1770135.842,5473732.5775,13016164,KWWN007084,Wastewater,,,,,,WWCON,,INUS,Waikanae,,
1769822.663,5473050.1375,13016165,KWWN006858,Wastewater,,,,,,WWCON,,INUS,Waikanae,,2002
1774626.18,5473977.0635,13016166,KWWN006260,Wastewater,15.89,16.24,1.08,16.97,17.32,WWMH,,INUS,Waikanae,20120411084732,2012
1774781.929,5472421.1595,13016167,KWWN006131,Wastewater,57.1,57.45,0.99,58.09,58.44,WWMH,,INUS,Waikanae,20110215161909,2008
1778407.556,5486447.3245,13016168,KWWN006823,Wastewater,,,,,,WWCON,,INUS,Otaki,,
1774492.582,5473672.4265,13016169,KWWN006887,Wastewater,21.98,22.33,1.56,23.54,23.89,WWMH,,INUS,Waikanae,,2013
1769729.17,5473464.4505,13016170,KWWN006856,Wastewater,,,,,,WWCON,,INUS,Waikanae,,
1768726.708,5472719.9745,13016171,KWWN006406,Wastewater,3.38,3.74,1.14,4.52,4.88,WWMH,,INUS,Paraparaumu,,2011
1770646.615,5474705.3075,13016172,KWWN006416,Wastewater,,,,,,WWVA,,INUS,Waikanae,20121212102942,2012
1774743.471,5472275.4105,13016173,KWWN006139,Wastewater,45.77,46.12,2.46,48.23,48.58,WWMH,,INUS,Waikanae,20110215163904,2008
1778212.423,5486790.9185,13016174,KWWN006804,Wastewater,,,,,,WWCON,,INUS,Otaki,,
1771391.481,5473291.7195,13016175,KWWN006239,Wastewater,,,,,,WWMH,,PRV,Waikanae,20111101102610,1994
1779019.937,5488622.6965,13016176,KWWN006783,Wastewater,,,,,,WWCON,,INUS,Otaki,,
1770082.276,5473585.0385,13016177,KWWN006917,Wastewater,2.08,2.44,0.98,3.06,3.42,WWMH,,PRV,Waikanae,,2007
1768856.7,5471897.4875,13016178,KWWN006340,Wastewater,3.11,3.46,0.85,3.96,4.31,WWMH,,INUS,Paraparaumu,20120608155821,2006
1767938.927,5470002.4805,13016179,KWWN007502,Wastewater,,,,,,WWMH,,PRV,Paraparaumu,C3,2013
1773753.531,5473515.7185,13016180,KWWN006234,Wastewater,,,2.4,,,WWMH,,INUS,Waikanae,20111014110331,2005
1771256.957,5475303.3245,13016181,KWWN007062,Wastewater,,,,,,WWCON,,INUS,Waikanae,,
1766969.169,5469384.3615,13016182,KWWN006049,Wastewater,4.88,5.24,1.68,6.56,6.92,WWMH,,INUS,Paraparaumu,20100423111802,2008
1778406.502,5486444.9975,13016183,KWWN006817,Wastewater,,,,,,WWCON,,INUS,Otaki,,
1769896.631,5470741.0795,13016184,KWWN006674,Wastewater,,,,,,WWCE,,INUS,Paraparaumu,,
1769877.36,5470758.9665,13016185,KWWN006304,Wastewater,,,,,,WWVA,,INUS,Paraparaumu,20120427135645,
1780387.319,5486608.3235,13016186,KWWN006488,Wastewater,3.41,3.78,1.55,4.96,5.33,WWMH,,INUS,Otaki,20140320141608,2013
1769866.855,5470727.5705,13016187,KWWN006677,Wastewater,,,,,,WWCE,,INUS,Paraparaumu,,
1767892.149,5469886.6565,13016188,KWWN007512,Wastewater,1.87,2.22,4.48,6.35,6.7,WWMH,,PRV,Paraparaumu,A4,2013
1780615.18,5485439.2405,13016189,KWWN006065,Wastewater,6.69,7.06,0.98,7.67,8.04,WWMH,,INUS,Otaki,20100426100208,2008
1768619.491,5469803.8395,13016190,KWWN006362,Wastewater,,,1.1,,,WWMH,,INUS,Paraparaumu,20120919155152,
1770395.497,5473973.4765,13016191,KWWN007077,Wastewater,,,,,,WWCON,,INUS,Waikanae,,
1769910.826,5470711.0205,13016192,KWWN006286,Wastewater,,,,,,WWMH,,INUS,Paraparaumu,20120427115946,
1767876.474,5469939.5205,13016193,KWWN007504,Wastewater,,,,,,WWMH,,PRV,Paraparaumu,C1,2013
1767915.139,5468234.1815,13016194,KWWN006448,Wastewater,,,,,,WWCE,,PRV,Paraparaumu,20130422102535,2012
1783190.656,5485446.7175,13016195,KWWN006085,Wastewater,38.51,38.89,0.47,38.98,39.36,WWMH,,PRV,Otaki,20100727140009,2010
1770646.921,5474705.8585,13016196,KWWN006387,Wastewater,,,,,,WWVA,,INUS,Waikanae,20121211115703,2012
1769822.76,5473051.2905,13016197,KWWN006860,Wastewater,,,,,,WWCON,,INUS,Waikanae,,2002
1766907.572,5467683.7685,13016198,KWWN006630,Wastewater,,,,,,WWCON,,INUS,Paraparaumu,,2008
1778882.55,5487236.6555,13016199,KWWN006898,Wastewater,,,,,,WWCON,,INUS,Otaki,,
1769110.571,5468204.7615,13016200,KWWN007018,Wastewater,,,,,,WWCON,,PRV,Paraparaumu,,2014
1769210.758,5472723.1655,13016201,KWWN006146,Wastewater,3.28,3.64,1.39,4.67,5.03,WWMH,,INUS,Paraparaumu,20110304114716,2009
1768221.735,5467762.9105,13016202,KWWN006243,Wastewater,,,,,,WWCE,,INUS,Paraparaumu,20111208115417,
1779359.101,5488423.5665,13016203,KWWN006918,Wastewater,,,,,,WWCON,,INUS,Otaki,,
1767298.523,5470780.4245,13016204,KWWN006504,Wastewater,,,0.68,,,WWMH,,INUS,Paraparaumu,20140520093318,
1767843.448,5470142.3555,13016205,KWWN007501,Wastewater,,,,,,WWMH,,PRV,Paraparaumu,D1,2013
1766933.15,5471439.8405,13016206,KWWN006875,Wastewater,,,,,,WWCON,,INUS,Paraparaumu,,
1778802.372,5488199.8845,13016207,KWWN006713,Wastewater,,,,,,WWCON,,INUS,Otaki,,
1769112.163,5472033.7325,13016208,KWWN006335,Wastewater,,,,,,WWMH,,PRV,Paraparaumu,20120608115046,2004
1771662.374,5473223.1265,13016209,KWWN006324,Wastewater,5.32,5.68,0.71,6.03,6.39,WWMH,,INUS,Waikanae,20120517114735,2011
1768909.263,5470920.5255,13016210,KWWN006374,Wastewater,,,,,,WWCON,,INUS,Paraparaumu,,2012
1767053.404,5469397.7785,13016211,KWWN006051,Wastewater,4.73,5.09,1.62,6.36,6.71,WWMH,,INUS,Paraparaumu,20100423112104,2008
1769728.62,5473464.5505,13016212,KWWN006854,Wastewater,,,,,,WWCON,,INUS,Waikanae,,
1768886.883,5471993.5705,13016213,KWWN006338,Wastewater,2.28,2.63,1.05,3.33,3.68,WWMH,,INUS,Paraparaumu,20120608155721,2006
1774366.268,5473355.5765,13016214,KWWN007058,Wastewater,24.38,24.73,2.4,26.78,27.13,WWMH,,INUS,Waikanae,,2015
1766609.167,5465991.7245,13016215,KWWN006599,Wastewater,,,,,,WWCE,,PRV,Paraparaumu,,
1782533.048,5485295.6185,13016216,KWWN006988,Wastewater,,,,,,WWWW,,INUS,Otaki,,
1766651.389,5468387.0575,13016217,KWWN006530,Wastewater,,,,,,WWCE,,INUS,Paraparaumu,,
1780473.237,5485944.9095,13016218,KWWN006465,Wastewater,6.57,6.94,1.55,8.12,8.49,WWMH,,PRV,Otaki,20131016092945,2008
1769253.759,5467401.0975,13016219,KWWN007484,Wastewater,,,,,,WWMH,,INUS,Paraparaumu,,
1771257.298,5475303.7055,13016220,KWWN007061,Wastewater,,,,,,WWCON,,INUS,Waikanae,,
1770395.696,5473973.0955,13016221,KWWN006708,Wastewater,,,,,,WWCE,,INUS,Waikanae,,
1780744.495,5485458.2205,13016222,KWWN006615,Wastewater,7.16,7.53,1.03,8.19,8.56,WWMH,,INUS,Otaki,,2021
1779306.631,5488058.0175,13016223,KWWN006924,Wastewater,,,,,,WWWW,,INUS,Otaki,,
1769842.491,5470733.2045,13016224,KWWN006648,Wastewater,,,,,,WWCE,,INUS,Paraparaumu,,
1780758.419,5485146.2205,13016225,KWWN007016,Wastewater,,,,,,WWCON,,INUS,Otaki,,
1770338.113,5474206.0335,13016226,KWWN006589,Wastewater,,,,,,WWMH,,INUS,Waikanae,,2013
1771029.845,5474837.5525,13016227,KWWN006384,Wastewater,,,,,,WWVA,,INUS,Waikanae,20121211112725,2012
1767797.669,5472522.7635,13016228,KWWN006320,Wastewater,1.17,1.53,0.78,1.95,2.31,WWMH,,INUS,Paraparaumu,20120514171224,2012
1769900.229,5470790.6025,13016229,KWWN006276,Wastewater,,,,,,WWMH,,INUS,Paraparaumu,20120427115850,
1766646.349,5468389.2695,13016230,KWWN006528,Wastewater,,,,,,WWCE,,INUS,Paraparaumu,,
1780407.028,5486538.2795,13016231,KWWN006940,Wastewater,,,,,,WWCON,,INUS,Otaki,,
1769878.108,5470772.8075,13016232,KWWN006305,Wastewater,,,,,,UNK,,INUS,Paraparaumu,20120427135804,
1781427.906,5486143.0355,13016233,KWWN006970,Wastewater,,,,,,WWCON,,INUS,Otaki,,
1778927.889,5487675.6705,13016234,KWWN006441,Wastewater,3.51,3.88,0.94,4.45,4.82,WWMH,,PRV,Otaki,20130312153010,2012
1782531.657,5485297.5135,13016235,KWWN006993,Wastewater,,,,,,WWCON,,INUS,Otaki,,
1767834.541,5469847.7905,13016236,KWWN007508,Wastewater,3.06,3.41,2.42,5.48,5.83,WWMH,,PRV,Paraparaumu,B1-A,2013
1778212.743,5486790.3635,13016237,KWWN006810,Wastewater,,,,,,WWCON,,INUS,Otaki,,
1769092.923,5472045.1625,13016238,KWWN006336,Wastewater,4.12,4.48,,,,WWMH,,INUS,Paraparaumu,20120608115317,2004
1771035.709,5474839.6845,13016239,KWWN006380,Wastewater,,,,,,UNK,,INUS,Waikanae,20121211110918,2012
1768788.533,5468646.1925,13016240,KWWN006167,Wastewater,,,,,,WWMH,,PRV,Paraparaumu,20110411105207,2008
1780408.214,5486538.4985,13016241,KWWN006943,Wastewater,,,,,,WWCON,,INUS,Otaki,,
1769893.654,5470714.1155,13016242,KWWN006675,Wastewater,,,,,,WWCE,,INUS,Paraparaumu,,
1768138.703,5470580.6885,13016243,KWWN006485,Wastewater,5.43,5.78,0.76,6.19,6.54,WWMH,,INUS,Paraparaumu,20131204124938,2005
1769898.556,5470762.7695,13016244,KWWN006661,Wastewater,,,,,,WWCE,,INUS,Paraparaumu,,
1766912.024,5470584.7775,13016245,KWWN006443,Wastewater,4.32,4.68,1.32,5.64,6,WWMH,,INUS,Paraparaumu,20130419092257,2008
1771050.597,5474101.7085,13016246,KWWN006351,Wastewater,-0.22,0.14,3.04,2.82,3.18,WWMH,,INUS,Waikanae,20120627153935,2012
1768779.64,5468622.1805,13016247,KWWN006171,Wastewater,,,,,,WWMH,,PRV,Paraparaumu,20110411105316,2008
1769858.178,5470747.1745,13016248,KWWN006313,Wastewater,,,,,,WWFM,,INUS,Paraparaumu,20120427141848,
1778883.559,5487237.1325,13016249,KWWN006900,Wastewater,,,,,,WWCON,,INUS,Otaki,,
1766921.825,5467613.4155,13016250,KWWN006192,Wastewater,3.44,3.79,0.81,4.25,4.6,WWMH,,INUS,Paraparaumu,20110503170633,2008
1779358.281,5488423.7335,13016251,KWWN006920,Wastewater,,,,,,WWCON,,INUS,Otaki,,
1767794.803,5470164.1285,13016252,KWWN007497,Wastewater,,,,,,WWMH,,PRV,Paraparaumu,F1,2013
1769897.955,5470730.1065,13016253,KWWN006673,Wastewater,,,,,,WWCE,,INUS,Paraparaumu,,
1769887.037,5470785.0315,13016254,KWWN006755,Wastewater,,,,,,WWCE,,INUS,Paraparaumu,,
1769063.076,5468914.3905,13016255,KWWN006542,Wastewater,,,,,,WWCON,,PRV,Paraparaumu,,
1780757.676,5485146.5295,13016256,KWWN007017,Wastewater,,,,,,WWCON,,INUS,Otaki,,
1781755.238,5485242.6545,13016257,KWWN006199,Wastewater,,,2.8,,,WWMH,,INUS,Otaki,20110513150343,
1780761.421,5485418.3805,13016258,KWWN006614,Wastewater,7.49,7.86,1.4,8.89,9.26,WWMH,,INUS,Otaki,,2021
1774693.437,5472351.9105,13016259,KWWN006132,Wastewater,39.92,40.27,1.73,41.65,42,WWMH,,INUS,Waikanae,20110215162302,2008
1769881.303,5470771.9925,13016260,KWWN006749,Wastewater,,,,,,WWCE,,INUS,Paraparaumu,,
1774492.698,5474084.4675,13016261,KWWN006265,Wastewater,14.48,14.83,2.09,16.57,16.92,WWMH,,INUS,Waikanae,20120411085130,2012
1769497.978,5469066.9265,13016262,KWWN006701,Wastewater,,,,,,WWCE,,PRV,Paraparaumu,,2003
1769914.388,5470768.6955,13016263,KWWN006660,Wastewater,,,,,,WWCE,,INUS,Paraparaumu,,
1769682.014,5472464.4985,13016264,KWWN006625,Wastewater,,,,,,WWCON,,INUS,Paraparaumu,,
1769923.682,5470186.9945,13016265,KWWN006109,Wastewater,7.46,7.81,0.66,8.12,8.47,WWMH,,INUS,Paraparaumu,20101216083302,2009
1769313.546,5470003.8935,13016266,KWWN006681,Wastewater,8.39,8.74,1.62,10.01,10.36,WWMH,,PRV,Paraparaumu,,2016
1769729.25,5473464.9305,13016267,KWWN006855,Wastewater,,,,,,WWCON,,INUS,Waikanae,,
1769802.749,5470190.6315,13016268,KWWN006116,Wastewater,7.33,7.68,0.75,8.08,8.43,WWMH,,INUS,Paraparaumu,20101216085753,2009
1767055.916,5469449.6675,13016269,KWWN006056,Wastewater,4.39,4.75,1.3,5.7,6.05,WWMH,,INUS,Paraparaumu,20100423112242,2008
1780739.65,5487179.0165,13016270,KWWN007020,Wastewater,,,,,,WWCON,,INUS,Otaki,,
1778240.875,5486940.0145,13016271,KWWN006247,Wastewater,1.73,2.1,1.55,3.28,3.65,WWMH,,INUS,Otaki,20120216101910,
1769886.345,5470103.1535,13016272,KWWN006891,Wastewater,6.58,6.93,1.9,8.48,8.83,WWMH,,PRV,Paraparaumu,,2014
1771009.526,5473059.0645,13016273,KWWN006436,Wastewater,13.18,13.54,0.83,14.01,14.37,WWMH,,PRV,Waikanae,20130306161611,1981
1780500.457,5485936.4855,13016274,KWWN006466,Wastewater,6.8,7.17,1.14,7.94,8.31,WWMH,,PRV,Otaki,20131016093145,2008
1769941.405,5470744.5535,13016275,KWWN006664,Wastewater,,,,,,WWCE,,INUS,Paraparaumu,,
1778745.895,5487779.9085,13016276,KWWN006910,Wastewater,,,,,,WWCON,,INUS,Otaki,,
1768845.603,5468584.9005,13016277,KWWN006156,Wastewater,,,,,,WWMH,,PRV,Paraparaumu,20110411104708,2008
1769868.965,5470708.4865,13016278,KWWN006640,Wastewater,,,,,,WWCE,,INUS,Paraparaumu,,
1769121.386,5467493.4475,13016279,KWWN006250,Wastewater,,,,,,WWCE,,INUS,Paraparaumu,20120220170229,
1769824.422,5470394.2105,13016280,KWWN006732,Wastewater,,,,,,WWCE,,INUS,Paraparaumu,,
1778212.572,5486790.6305,13016281,KWWN006807,Wastewater,,,,,,WWCON,,INUS,Otaki,,
1768783.577,5472871.5465,13016282,KWWN006513,Wastewater,1.76,2.12,2.45,4.21,4.57,WWMH,,INUS,Paraparaumu,,2011
1768873.292,5468615.8545,13016283,KWWN006769,Wastewater,,,,,,WWCE,,PRV,Paraparaumu,,
1778746.268,5487780.5825,13016284,KWWN006909,Wastewater,,,,,,WWCON,,INUS,Otaki,,
1769934.513,5470755.3615,13016285,KWWN006663,Wastewater,,,,,,WWCE,,INUS,Paraparaumu,,
1766621.42,5466055.2285,13016286,KWWN006596,Wastewater,,,,,,WWCE,,PRV,Paraparaumu,,
1769283.105,5470070.2575,13016287,KWWN006982,Wastewater,8.71,9.06,1.3,10.01,10.36,WWMH,,INUS,Paraparaumu,,2014
1766888.397,5469625.5805,13016288,KWWN006251,Wastewater,,,,,,WWBE,,PRV,Paraparaumu,20120301111424,2009
1769837.473,5470735.1025,13016289,KWWN006763,Wastewater,,,,,,WWCE,,INUS,Paraparaumu,,
1771030.885,5474105.7565,13016290,KWWN006349,Wastewater,,,,2.73,3.09,WWMH,,INUS,Waikanae,20120627153554,2012
1781827.712,5485352.5485,13016291,KWWN006510,Wastewater,,,,,,WWMH,,INUS,Otaki,,
1771355.815,5473338.7105,13016292,KWWN006238,Wastewater,,,,,,WWMH,,PRV,Waikanae,20111101102551,1994
1768404.743,5470457.3095,13016293,KWWN007490,Wastewater,,,,,,WWCON,,PRV,Paraparaumu,,2015
1767740.209,5470198.6905,13016294,KWWN007498,Wastewater,,,,,,WWMH,,PRV,Paraparaumu,C7,2013
1778772.08,5486111.5605,13016295,KWWN006840,Wastewater,,,,,,WWCON,,INUS,Otaki,,
1766934.85,5471438.7805,13016296,KWWN006877,Wastewater,,,,,,WWCON,,INUS,Paraparaumu,,
1770326.447,5471231.4315,13016297,KWWN006275,Wastewater,,,,,,WWCON,,INUS,Paraparaumu,PSP00096,
1767166.972,5467716.5965,13016298,KWWN006600,Wastewater,,,,,,WWCE,,INUS,Paraparaumu,,
1769873.799,5470744.6975,13016299,KWWN006758,Wastewater,,,,,,WWCE,,INUS,Paraparaumu,,
1770042.189,5473154.8815,13016300,KWWN006592,Wastewater,,,,,,WWCE,,INUS,Waikanae,,
1769879.503,5470798.7155,13016301,KWWN006751,Wastewater,,,,,,WWCE,,INUS,Paraparaumu,,
1768879.587,5468626.4415,13016302,KWWN006161,Wastewater,,,,,,WWMH,,PRV,Paraparaumu,20110411104950,2008
1768882.479,5468694.6495,13016303,KWWN006545,Wastewater,,,,,,WWCE,,PRV,Paraparaumu,,
1781894.478,5485464.4645,13016304,KWWN007005,Wastewater,,,,,,WWCON,,INUS,Otaki,,
1769846.359,5470732.9985,13016305,KWWN006652,Wastewater,,,,,,WWCE,,INUS,Paraparaumu,,
1767016.452,5467534.3745,13016306,KWWN006627,Wastewater,,,,,,WWCE,,INUS,Paraparaumu,,
1768798.985,5468517.7675,13016307,KWWN006180,Wastewater,,,,,,WWMH,,PRV,Paraparaumu,20110411111511,2008
1771380.533,5475358.6335,13016308,KWWN006460,Wastewater,3.64,4,1.07,4.71,5.07,WWMH,,PRV,Waikanae,20130910092811,2013
1774620.216,5472492.4995,13016309,KWWN006125,Wastewater,38.51,38.86,1.05,39.56,39.91,WWMH,,INUS,Waikanae,20110215154819,2008
1774719.312,5472273.4285,13016310,KWWN006138,Wastewater,41.34,41.69,1.41,42.75,43.1,WWMH,,INUS,Waikanae,20110215163835,2008
1770178.0,5472075.2405,13016311,KWWN006315,Wastewater,8.59,8.95,1.15,9.74,10.1,WWMH,,INUS,Paraparaumu,20120503092416,2006
1768009.714,5470932.4625,13016312,KWWN006359,Wastewater,2.37,2.72,1.28,3.65,4,WWMH,,INUS,Paraparaumu,20120727155735,2011
1767160.973,5467717.1295,13016313,KWWN006601,Wastewater,,,,,,WWCE,,INUS,Paraparaumu,,
1769839.651,5470136.2255,13016314,KWWN006106,Wastewater,6.83,7.18,1.2,8.03,8.38,WWMH,,INUS,Paraparaumu,20101216083123,2009
1769880.102,5470791.2715,13016315,KWWN006753,Wastewater,,,,,,WWCE,,INUS,Paraparaumu,,
1772520.718,5474314.9915,13016316,KWWN006613,Wastewater,,,,,,WWCE,,INUS,Waikanae,,
1778213.2,5486791.2405,13016317,KWWN006806,Wastewater,,,,,,WWCON,,INUS,Otaki,,
1780311.012,5486644.5185,13016318,KWWN006487,Wastewater,3.76,4.13,1.2,4.96,5.33,WWMH,,INUS,Otaki,20140320141344,2013
1779673.16,5486171.0705,13016319,KWWN006842,Wastewater,,,,,,WWCON,,INUS,Otaki,,
1771233.99,5473251.4345,13016320,KWWN006872,Wastewater,,,,,,WWCON,,INUS,Waikanae,,2018
1774799.322,5473441.4445,13016321,KWWN006341,Wastewater,,,,,,WWCON,,PRV,Waikanae,20120618111337,1992
1774625.376,5474009.4695,13016322,KWWN006261,Wastewater,15.51,15.86,1.48,16.99,17.34,WWMH,,INUS,Waikanae,20120411084840,2012
1769333.239,5469949.9835,13016323,KWWN006976,Wastewater,7.69,8.04,1.87,9.56,9.91,WWMH,,INUS,Paraparaumu,,2014
1766621.552,5466066.6875,13016324,KWWN006597,Wastewater,,,,,,WWCE,,PRV,Paraparaumu,,
1782859.413,5485798.9445,13016325,KWWN006269,Wastewater,32.91,33.29,0.99,33.9,34.28,WWMH,,INUS,Otaki,20120424103938,2000
1768551.04,5469277.5845,13016326,KWWN006582,Wastewater,,,,6.9,7.25,WWVA,,INUS,Paraparaumu,,2020
1782403.143,5485559.9075,13016327,KWWN006998,Wastewater,,,,,,WWCON,,INUS,Otaki,,
1771030.541,5474834.0895,13016328,KWWN006774,Wastewater,,,,,,WWCE,,INUS,Waikanae,,
1769856.583,5470698.1675,13016329,KWWN006644,Wastewater,,,,,,WWCE,,INUS,Paraparaumu,,
1770065.702,5470121.1275,13016330,KWWN006935,Wastewater,9.77,10.12,1.2,10.97,11.32,WWMH,,INUS,Paraparaumu,,2014
1771233.747,5473252.7765,13016331,KWWN006869,Wastewater,,,,,,WWCON,,INUS,Waikanae,,2018
1774520.081,5472488.5365,13016332,KWWN006428,Wastewater,,,,,,WWMH,,INUS,Waikanae,20130214151948,2005
1778213.008,5486790.7435,13016333,KWWN006808,Wastewater,,,,,,WWCON,,INUS,Otaki,,
1773598.614,5473530.6585,13016334,KWWN006687,Wastewater,,,,,,WWCE,,PRV,Waikanae,,2001
1780191.318,5486023.9435,13016335,KWWN006928,Wastewater,,,,,,WWCON,,INUS,Otaki,,
1780737.218,5487178.5735,13016336,KWWN007024,Wastewater,,,,,,WWCON,,INUS,Otaki,,
1769342.453,5470828.5645,13016337,KWWN006370,Wastewater,,,,,,WWVA,,INUS,Paraparaumu,20121101155329,2012
1768155.173,5470531.0495,13016338,KWWN006477,Wastewater,4.48,4.83,1.65,6.13,6.48,WWMH,,INUS,Paraparaumu,20131204124537,2005
1780189.676,5486022.2035,13016339,KWWN006933,Wastewater,,,,,,WWCON,,INUS,Otaki,,
1768781.479,5472872.3255,13016340,KWWN006508,Wastewater,1.83,2.19,2.41,4.24,4.6,WWMH,,INUS,Paraparaumu,,2011
1769727.8,5473465.8005,13016341,KWWN006850,Wastewater,,,,,,WWCON,,INUS,Waikanae,,
1769881.481,5470732.5035,13016342,KWWN006768,Wastewater,,,,,,WWCE,,INUS,Paraparaumu,,
1774633.865,5472456.5195,13016343,KWWN006126,Wastewater,38.26,38.61,1.24,39.5,39.85,WWMH,,INUS,Waikanae,20110215161130,2008
1771258.006,5475299.6495,13016344,KWWN006378,Wastewater,,,,,,WWVA,,INUS,Waikanae,20121211102718,2012
1767632.046,5469028.7505,13016345,KWWN006789,Wastewater,,,,,,WWCON,,INUS,Paraparaumu,,2014
1774811.27,5473176.9615,13016346,KWWN006586,Wastewater,,,,,,WWCE,,INUS,Waikanae,,
1768882.867,5468629.8115,13016347,KWWN006162,Wastewater,,,,,,WWMH,,PRV,Paraparaumu,20110411105006,2008
1781894.989,5485464.9835,13016348,KWWN007004,Wastewater,,,,,,WWCON,,INUS,Otaki,,
1767505.694,5467742.9195,13016349,KWWN006529,Wastewater,,,,,,WWCE,,PRV,Paraparaumu,,
1769880.075,5470762.3875,13016350,KWWN006310,Wastewater,,,,,,WWVA,,INUS,Paraparaumu,20120427140622,
1774670.229,5472445.6275,13016351,KWWN006128,Wastewater,38.59,38.94,1.93,40.52,40.87,WWMH,,INUS,Waikanae,20110215161326,2008
1768707.694,5468549.1855,13016352,KWWN006183,Wastewater,,,,,,WWMH,,PRV,Paraparaumu,20110411112732,2008
1780561.365,5485753.4365,13016353,KWWN006957,Wastewater,7.42,7.79,1.32,8.74,9.11,WWMH,,INUS,Otaki,,2014
1778430.446,5486235.4255,13016354,KWWN006827,Wastewater,,,,,,WWCON,,INUS,Otaki,,
1769867.694,5470765.1025,13016355,KWWN006307,Wastewater,,,,,,WWVA,,INUS,Paraparaumu,20120427135925,
1771062.011,5474104.2345,13016356,KWWN006343,Wastewater,1.12,1.48,1.82,2.94,3.3,WWMH,,INUS,Waikanae,20120627141736,2012
1769868.485,5470765.8365,13016357,KWWN006739,Wastewater,,,,,,WWCE,,INUS,Paraparaumu,,
1769015.048,5467600.8995,13016358,KWWN007485,Wastewater,,,,,,WWMH,,INUS,Paraparaumu,,1979
1771256.484,5475304.0335,13016359,KWWN007065,Wastewater,,,,,,WWCON,,INUS,Waikanae,,
1766993.068,5469282.6275,13016360,KWWN006044,Wastewater,2.98,3.33,2.27,5.24,5.6,WWMH,,INUS,Paraparaumu,20100423111539,2008
1770238.689,5472029.5165,13016361,KWWN006316,Wastewater,,,2.45,,,WWMH,,INUS,Paraparaumu,20120503093507,1980
1769895.423,5470712.2225,13016362,KWWN006656,Wastewater,,,,,,WWCE,,INUS,Paraparaumu,,
1769867.701,5470710.2175,13016363,KWWN006649,Wastewater,,,,,,WWCE,,INUS,Paraparaumu,,
1780720.308,5486696.7595,13016364,KWWN006951,Wastewater,,,,,,WWCON,,INUS,Otaki,,
1770396.089,5473973.3355,13016365,KWWN007080,Wastewater,,,,,,WWCON,,INUS,Waikanae,,
1769261.503,5468217.5755,13016366,KWWN006435,Wastewater,,,1.1,,,WWMH,,INUS,Paraparaumu,20130218120021,
1769877.304,5470772.3415,13016367,KWWN006306,Wastewater,,,,,,WWVA,,INUS,Paraparaumu,20120427135806,
1775017.991,5473502.9445,13016368,KWWN006563,Wastewater,,,,,,WWCE,,INUS,Waikanae,,
1766905.853,5471007.6715,13016369,KWWN006524,Wastewater,,,,,,WWCE,,INUS,Paraparaumu,,
1769882.34,5470085.0195,13016370,KWWN006623,Wastewater,6.45,6.8,1.99,8.44,8.79,WWMH,,PRV,Paraparaumu,,2014
1780721.313,5486696.2115,13016371,KWWN006953,Wastewater,,,,,,WWCON,,INUS,Otaki,,
1778427.81,5486235.3705,13016372,KWWN006830,Wastewater,,,,,,WWCON,,INUS,Otaki,,
1780756.223,5486420.1665,13016373,KWWN006449,Wastewater,,,,,,WWMH,,INUS,Otaki,20130513112306,
1774502.271,5472496.2595,13016374,KWWN006716,Wastewater,,,,,,WWCE,,PRV,Waikanae,,
1769831.394,5470715.4715,13016375,KWWN006292,Wastewater,,,,,,UNK,,INUS,Paraparaumu,20120427130443,
1772263.957,5472834.7565,13016376,KWWN006608,Wastewater,,,,,,WWCE,,INUS,Waikanae,,
1781791.481,5485275.6055,13016377,KWWN006200,Wastewater,,,3.1,,,WWMH,,INUS,Otaki,20110513153528,
1768999.346,5472778.6045,13016378,KWWN006098,Wastewater,-0.33,0.03,4.88,4.55,4.91,WWMH,,INUS,Paraparaumu,20101109162501,2008
1769963.341,5470110.7045,13016379,KWWN006902,Wastewater,7.33,7.68,1.16,8.49,8.84,WWMH,,PRV,Paraparaumu,,2014
1782402.261,5485560.3255,13016380,KWWN006997,Wastewater,,,,,,WWCON,,INUS,Otaki,,
1769768.586,5470499.2795,13016381,KWWN006422,Wastewater,,,,,,UNK,,INUS,Paraparaumu,20130208154923,
1780759.606,5485145.0185,13016382,KWWN007012,Wastewater,,,,,,WWCON,,INUS,Otaki,,
1766957.548,5466719.4145,13016383,KWWN006533,Wastewater,,,,,,WWCE,,INUS,Paraparaumu,,
1769221.339,5470983.5415,13016384,KWWN006637,Wastewater,,,,,,WWCON,,INUS,Paraparaumu,,
1767952.489,5471462.6395,13016385,KWWN006594,Wastewater,,,,,,WWCE,,INUS,Paraparaumu,,
1766906.701,5467693.1805,13016386,KWWN006186,Wastewater,3.55,3.9,0.93,4.48,4.83,WWMH,,INUS,Paraparaumu,20110503161851,2008
1769888.64,5470761.5405,13016387,KWWN006278,Wastewater,,,,,,WWMH,,INUS,Paraparaumu,20120427115858,
1780389.213,5486598.9105,13016388,KWWN006489,Wastewater,3.27,3.64,1.78,5.05,5.42,WWMH,,INUS,Otaki,20140320141847,2013
1767001.028,5467576.7405,13016389,KWWN006195,Wastewater,1.34,1.69,3.12,4.46,4.81,WWMH,,INUS,Paraparaumu,20110504091528,2008
1768992.861,5469234.7085,13016390,KWWN006634,Wastewater,,,,,,WWCE,,PRV,Paraparaumu,,
1781893.021,5485466.4995,13016391,KWWN007003,Wastewater,,,,,,WWCON,,INUS,Otaki,,
1769839.491,5470724.4145,13016392,KWWN006293,Wastewater,,,,,,UNK,,INUS,Paraparaumu,20120427130445,
1778802.363,5488200.6105,13016393,KWWN006913,Wastewater,,,,,,WWCON,,INUS,Otaki,,
1782402.71,5485560.1185,13016394,KWWN006999,Wastewater,,,,,,WWCON,,INUS,Otaki,,
1780759.179,5485145.5485,13016395,KWWN007014,Wastewater,,,,,,WWCON,,INUS,Otaki,,
1768733.637,5471297.1925,13016396,KWWN006445,Wastewater,,,,,,WWMH,,INUS,Paraparaumu,20130419141838,2012
1781426.25,5486143.5215,13016397,KWWN006974,Wastewater,,,,,,WWCON,,INUS,Otaki,,
1769173.066,5472677.9975,13016398,KWWN006095,Wastewater,3.26,3.62,2.14,5.4,5.76,WWMH,,INUS,Paraparaumu,20101109144236,2008
1768879.208,5468675.9925,13016399,KWWN006151,Wastewater,,,,,,WWMH,,PRV,Paraparaumu,20110411104403,2008
1770331.786,5473206.3525,13016400,KWWN006857,Wastewater,,,,,,WWCON,,INUS,Waikanae,,
1769785.349,5470155.8855,13016401,KWWN006115,Wastewater,7.02,7.37,0.96,7.98,8.33,WWMH,,INUS,Paraparaumu,20101216085630,2009
1770044.249,5473224.0095,13016402,KWWN006593,Wastewater,,,,,,WWCE,,INUS,Waikanae,,
1770205.061,5472115.2815,13016403,KWWN006365,Wastewater,10.22,10.58,0.9,11.12,11.48,WWMH,,PRV,Paraparaumu,20120928092821,2007
1774616.597,5474042.6265,13016404,KWWN006262,Wastewater,15.27,15.62,1.48,16.75,17.1,WWMH,,INUS,Waikanae,20120411084918,2012
1782054.788,5485763.4565,13016405,KWWN006985,Wastewater,,,,,,WWCON,,INUS,Otaki,,
1778407.188,5486445.6405,13016406,KWWN006821,Wastewater,,,,,,WWCON,,INUS,Otaki,,
1769922.122,5470710.9395,13016407,KWWN006658,Wastewater,,,,,,WWCE,,INUS,Paraparaumu,,
1781742.281,5486165.9965,13016408,KWWN006078,Wastewater,,,,,,WWMH,,INUS,Otaki,20100524113046,1980
1769918.487,5470728.2305,13016409,KWWN006756,Wastewater,,,,,,WWCE,,INUS,Paraparaumu,,
1766867.355,5469630.6395,13016410,KWWN006073,Wastewater,,,,,,WWCE,,PRV,Paraparaumu,20100429113521,2009
1778430.227,5486234.6925,13016411,KWWN006826,Wastewater,,,,,,WWCON,,INUS,Otaki,,
1771782.412,5473153.0365,13016412,KWWN006494,Wastewater,5.77,6.13,1.4,7.17,7.53,WWMH,,PRV,Waikanae,20140429112346,2014
1778523.656,5487844.6595,13016413,KWWN006906,Wastewater,,,,,,WWWW,,INUS,Otaki,,
1781603.955,5485293.6885,13016414,KWWN006147,Wastewater,11.19,11.57,1.46,12.65,13.03,WWMH,,INUS,Otaki,20110318114909,2010
1768779.821,5468637.3935,13016415,KWWN006169,Wastewater,8.16,8.51,1.43,9.59,9.94,WWMH,,PRV,Paraparaumu,20110411105246,2008
1769883.011,5470757.1805,13016416,KWWN006299,Wastewater,,,,,,WWMH,,INUS,Paraparaumu,20120427134419,
1779019.973,5488622.0065,13016417,KWWN006785,Wastewater,,,,,,WWCON,,INUS,Otaki,,
1769916.281,5470688.7545,13016418,KWWN006312,Wastewater,,,,,,UNK,,INUS,Paraparaumu,20120427141743,
1767014.273,5467540.3605,13016419,KWWN006628,Wastewater,,,,,,WWCE,,INUS,Paraparaumu,,
1771258.546,5475298.1915,13016420,KWWN006377,Wastewater,,,,,,UNK,,INUS,Waikanae,20121211102454,2012
1769879.228,5470765.1925,13016421,KWWN006743,Wastewater,,,,,,WWCE,,INUS,Paraparaumu,,
1769879.853,5470768.8975,13016422,KWWN006741,Wastewater,,,,,,WWCE,,INUS,Paraparaumu,,
1771257.88,5475299.7815,13016423,KWWN006413,Wastewater,,,,,,WWVA,,INUS,Waikanae,20121212092811,2012
1768757.374,5468580.8155,13016424,KWWN006176,Wastewater,,,,,,WWMH,,PRV,Paraparaumu,20110411111322,2008
1769880.369,5470756.3165,13016425,KWWN006302,Wastewater,,,,,,UNK,,INUS,Paraparaumu,20120427134644,
1780720.914,5486697.0215,13016426,KWWN006952,Wastewater,,,,,,WWCON,,INUS,Otaki,,
1769917.352,5470731.3155,13016427,KWWN006283,Wastewater,,,,,,WWMH,,INUS,Paraparaumu,20120427115935,
1770644.238,5474705.9535,13016428,KWWN007072,Wastewater,,,,,,WWCON,,INUS,Waikanae,,
1780739.389,5487179.6195,13016429,KWWN007021,Wastewater,,,,,,WWCON,,INUS,Otaki,,
1766841.15,5469738.6445,13016430,KWWN006591,Wastewater,,,,,,WWCON,,INUS,Paraparaumu,,
1769772.669,5470073.2035,13016431,KWWN006111,Wastewater,7,7.35,0.87,7.87,8.22,WWMH,,INUS,Paraparaumu,20101216084051,2009
1767709.018,5466394.8995,13016432,KWWN006535,Wastewater,,,,,,WWCE,,PRV,Paraparaumu,,
1769868.277,5470702.4545,13016433,KWWN006638,Wastewater,,,,,,WWCE,,INUS,Paraparaumu,,
1780440.047,5485971.8335,13016434,KWWN006470,Wastewater,6.93,7.3,0.94,7.87,8.24,WWMH,,PRV,Otaki,20131016094855,2008
1781738.097,5485273.0725,13016435,KWWN006201,Wastewater,,,2.1,,,WWMH,,PRV,Otaki,20110513153719,
1778773.572,5486110.5215,13016436,KWWN006836,Wastewater,,,,,,WWCON,,INUS,Otaki,,
1769893.73,5470711.7145,13016437,KWWN006659,Wastewater,,,,,,WWCE,,INUS,Paraparaumu,,
1779123.765,5486299.6175,13016438,KWWN006578,Wastewater,,,,,,WWCE,,INUS,Otaki,,
1769224.752,5470979.7185,13016439,KWWN006429,Wastewater,,,,,,WWMH,,INUS,Paraparaumu,20130214163823,2005
1768634.773,5468681.2565,13016440,KWWN006735,Wastewater,,,,,,WWCE,,INUS,Paraparaumu,,2000
1780214.303,5486573.6665,13016441,KWWN006776,Wastewater,,,,,,WWWW,,INUS,Otaki,,
1768059.767,5470963.9845,13016442,KWWN006691,Wastewater,,,,,,WWCON,,INUS,Paraparaumu,,
1768172.785,5467788.5345,13016443,KWWN006446,Wastewater,4.28,4.63,2.03,6.31,6.66,WWMH,,PRV,Paraparaumu,20130419162421,2012
1768076.753,5470978.9715,13016444,KWWN006356,Wastewater,3.69,4.04,0.68,4.37,4.72,WWMH,,INUS,Paraparaumu,20120727154025,2011
1780757.771,5485145.7695,13016445,KWWN007015,Wastewater,,,,,,WWCON,,INUS,Otaki,,
1770396.6,5473974.0165,13016446,KWWN007081,Wastewater,,,,,,WWCON,,INUS,Waikanae,,
1779675.42,5486168.6805,13016447,KWWN006846,Wastewater,,,,,,WWCON,,INUS,Otaki,,
1774710.98,5472329.4915,13016448,KWWN006136,Wastewater,41,41.35,1.12,42.12,42.47,WWMH,,INUS,Waikanae,20110215163622,2008
1767010.195,5467538.8775,13016449,KWWN006194,Wastewater,4.22,4.57,0.35,4.57,4.92,WWMH,,INUS,Paraparaumu,20110504091435,2008
1769339.229,5470069.6175,13016450,KWWN006986,Wastewater,9.37,9.72,0.86,10.23,10.58,WWMH,,INUS,Paraparaumu,,2014
1779215.864,5488259.9925,13016451,KWWN007489,Wastewater,4.24,4.61,0.61,4.85,5.22,WWMH,,INUS,Otaki,,2015
1769920.073,5470756.2825,13016452,KWWN006667,Wastewater,,,,,,WWCE,,INUS,Paraparaumu,,
1769908.983,5470743.0645,13016453,KWWN006669,Wastewater,,,,,,WWCE,,INUS,Paraparaumu,,
1772967.52,5472560.2725,13016454,KWWN006684,Wastewater,,,,,,WWCE,,INUS,Waikanae,,
1774535.646,5473741.6825,13016455,KWWN006814,Wastewater,19.74,20.09,0.94,20.68,21.03,WWMH,,INUS,Waikanae,,2013
1774640.503,5472438.2875,13016456,KWWN006127,Wastewater,38.38,38.73,1.79,40.17,40.52,WWMH,,INUS,Waikanae,20110215161206,2008
1769923.698,5470746.8635,13016457,KWWN006668,Wastewater,,,,,,WWCE,,INUS,Paraparaumu,,
1767157.581,5469338.7815,13016458,KWWN006062,Wastewater,2.6,2.96,1.77,4.38,4.73,WWMH,,INUS,Paraparaumu,20100423112853,2008
1778882.428,5487237.4835,13016459,KWWN006899,Wastewater,,,,,,WWCON,,INUS,Otaki,,
1768780.438,5467824.6675,13016460,KWWN006546,Wastewater,,,,,,WWCE,,INUS,Paraparaumu,,
1768079.097,5470526.2905,13016461,KWWN006482,Wastewater,5.26,5.61,0.84,6.1,6.45,WWMH,,INUS,Paraparaumu,20131204124850,2005
1780720.014,5486697.3645,13016462,KWWN006949,Wastewater,,,,,,WWCON,,INUS,Otaki,,
1774667.75,5473975.9655,13016463,KWWN006363,Wastewater,16.14,16.49,0.93,17.07,17.42,WWMH,,INUS,Waikanae,20120920115526,2012
1778746.529,5487781.1195,13016464,KWWN006908,Wastewater,,,,,,WWCON,,INUS,Otaki,,
1782530.936,5485297.6155,13016465,KWWN006995,Wastewater,,,,,,WWCON,,INUS,Otaki,,
1768747.454,5472731.7455,13016466,KWWN006408,Wastewater,3.1,3.46,1.65,4.75,5.11,WWMH,,INUS,Paraparaumu,,2011
1769867.547,5472723.3665,13016467,KWWN006526,Wastewater,,,,,,WWCE,,INUS,Paraparaumu,,
1769876.247,5470765.0185,13016468,KWWN006744,Wastewater,,,,,,WWCE,,INUS,Paraparaumu,,
1769863.514,5470702.4475,13016469,KWWN006647,Wastewater,,,,,,WWCE,,INUS,Paraparaumu,,
1767227.005,5470719.2095,13016470,KWWN006368,Wastewater,3.65,4,0.73,4.38,4.73,WWMH,,INUS,Paraparaumu,20121015152038,2007
1769736.606,5470179.8375,13016471,KWWN006117,Wastewater,7.33,7.68,0.96,8.29,8.64,WWMH,,INUS,Paraparaumu,20101216090246,2009
1769853.16,5470717.5875,13016472,KWWN006651,Wastewater,,,,,,WWCE,,INUS,Paraparaumu,,
1779673.402,5486171.8945,13016473,KWWN006841,Wastewater,,,,,,WWWW,,INUS,Otaki,,
1769694.847,5472468.1405,13016474,KWWN006123,Wastewater,3.24,3.6,0.52,3.76,4.12,WWMH,,INUS,Paraparaumu,20110208130703,2011
1768069.099,5467690.4045,13016475,KWWN006491,Wastewater,,,,,,WWCE,,INUS,Paraparaumu,20140408161406,
1782402.449,5485559.6005,13016476,KWWN007000,Wastewater,,,,,,WWCON,,INUS,Otaki,,
1768797.481,5468514.6925,13016477,KWWN006181,Wastewater,,,,,,WWMH,,PRV,Paraparaumu,20110411111527,2008
1769309.763,5468814.6955,13016478,KWWN006354,Wastewater,,,,,,WWMH,,INUS,Paraparaumu,20120702145115,
1780408.636,5486539.3105,13016479,KWWN006945,Wastewater,,,,,,WWCON,,INUS,Otaki,,
1773615.139,5473560.8835,13016480,KWWN006688,Wastewater,,,,,,WWCE,,PRV,Waikanae,,2001
1771232.267,5473343.0755,13016481,KWWN006236,Wastewater,,,,,,WWMH,,PRV,Waikanae,2011110110250,1994
1780722.878,5485277.2675,13016482,KWWN006255,Wastewater,,,,,,WWMH,,INUS,Otaki,20120410141836,2008
1778773.872,5486111.2045,13016483,KWWN006837,Wastewater,,,,,,WWCON,,INUS,Otaki,,
1778802.741,5488200.4135,13016484,KWWN006914,Wastewater,,,,,,WWCON,,INUS,Otaki,,
1768927.738,5472963.8995,13016485,KWWN006454,Wastewater,1.65,2.01,3.18,4.83,5.19,WWMH,,INUS,Paraparaumu,20130712152549,2010
1771031.449,5474099.2295,13016486,KWWN006345,Wastewater,0.06,0.42,2.86,2.92,3.28,WWMH,,INUS,Waikanae,20120627142009,2012
1769838.584,5470725.2295,13016487,KWWN006762,Wastewater,,,,,,WWCE,,INUS,Paraparaumu,,
1769882.787,5470754.7885,13016488,KWWN006279,Wastewater,,,,,,WWMH,,INUS,Paraparaumu,20120427115901,
1767883.439,5470057.0335,13016489,KWWN007494,Wastewater,,,,,,WWMH,,PRV,Paraparaumu,C4,2013
1781855.813,5486004.4565,13016490,KWWN006978,Wastewater,,,3.75,9.98,10.36,WWWW,,INUS,Otaki,,
1767926.041,5469757.5195,13016491,KWWN007510,Wastewater,4.48,4.83,1.85,6.33,6.68,WWMH,,PRV,Paraparaumu,B2,2013
1767639.726,5469009.6615,13016492,KWWN006119,Wastewater,,,,,,WWVA,,INUS,Paraparaumu,20110127143605,2011
1768965.761,5473010.7965,13016493,KWWN006456,Wastewater,2.27,2.63,1.17,3.44,3.8,WWMH,,INUS,Paraparaumu,20130712152617,2010
1769860.455,5470068.4835,13016494,KWWN006624,Wastewater,6.25,6.6,1.73,7.98,8.33,WWMH,,INUS,Paraparaumu,,2015
1782950.443,5485585.8095,13016495,KWWN006118,Wastewater,33.02,33.4,1.6,34.62,35,WWMH,,INUS,Otaki,20110121154458,2006
1769880.925,5470756.0585,13016496,KWWN006280,Wastewater,,,,,,WWWW,,INUS,Paraparaumu,20120427115905,
1780889.934,5486486.8145,13016497,KWWN006959,Wastewater,,,,,,WWCON,,INUS,Otaki,,
1774719.445,5472423.5375,13016498,KWWN006129,Wastewater,40.93,41.28,1.93,42.86,43.21,WWMH,,INUS,Waikanae,20110215161652,2008
1778428.1,5486236.1005,13016499,KWWN006831,Wastewater,,,,,,WWCON,,INUS,Otaki,,
1772460.218,5475940.4165,13016500,KWWN006727,Wastewater,,,,,,WWCON,,INUS,Waikanae,,2001
1769923.588,5470744.1685,13016501,KWWN006672,Wastewater,,,,,,WWCE,,INUS,Paraparaumu,,
1779221.088,5488361.8985,13016502,KWWN006921,Wastewater,,,,,,WWCON,,INUS,Otaki,,
1767138.423,5469393.7395,13016503,KWWN006060,Wastewater,3,3.36,0.98,3.98,4.34,WWMH,,INUS,Paraparaumu,20100423112814,2008
1769184.546,5471447.3975,13016504,KWWN006090,Wastewater,4.65,5,1.66,6.31,6.66,WWMH,,INUS,Paraparaumu,20100922114940,2010
1768463.317,5470343.8585,13016505,KWWN006405,Wastewater,,,,,,WWVA,,INUS,Paraparaumu,,2008
1774552.085,5474122.2285,13016506,KWWN006264,Wastewater,14.99,15.34,1.33,16.32,16.67,WWMH,,INUS,Waikanae,20120411085050,2012
1768764.083,5468586.7705,13016507,KWWN006175,Wastewater,,,,,,WWMH,,PRV,Paraparaumu,20110411111307,2008
1768071.045,5468105.9765,13016508,KWWN006697,Wastewater,,,,,,WWCE,,INUS,Paraparaumu,,
1778406.134,5486445.4445,13016509,KWWN006818,Wastewater,,,,,,WWCON,,INUS,Otaki,,
1769883.578,5470795.0635,13016510,KWWN006752,Wastewater,,,,,,WWCE,,INUS,Paraparaumu,,
1774749.526,5472338.2045,13016511,KWWN006135,Wastewater,49.3,49.65,1.5,50.8,51.15,WWMH,,INUS,Waikanae,20110215163551,2008
1782402.412,5485558.5775,13016512,KWWN006399,Wastewater,,,,,,WWVA,,INUS,Otaki,20121211154646,2012
1768865.772,5468608.2095,13016513,KWWN006159,Wastewater,,,,,,WWMH,,PRV,Paraparaumu,20110411104811,2008
1778775.42,5486110.1605,13016514,KWWN006884,Wastewater,,,,,,WWCON,,INUS,Otaki,,
1773669.805,5473800.2045,13016515,KWWN006686,Wastewater,,,,,,WWCE,,INUS,Waikanae,,
1769844.162,5470727.6945,13016516,KWWN006759,Wastewater,,,,,,WWCE,,INUS,Paraparaumu,,
1769822.12,5473052.6405,13016517,KWWN006864,Wastewater,,,,,,WWCON,,INUS,Waikanae,,
1780656.892,5485533.7025,13016518,KWWN006616,Wastewater,6.49,6.86,1.03,7.52,7.89,WWMH,,INUS,Otaki,,2021
1774474.78,5472970.7785,13016519,KWWN006558,Wastewater,,,,,,WWCE,,INUS,Waikanae,,
1771233.634,5473251.7365,13016520,KWWN006870,Wastewater,,,,,,WWCON,,INUS,Waikanae,,2018
1769985.242,5470007.9015,13016521,KWWN006916,Wastewater,7.26,7.61,1.5,8.76,9.11,WWMH,,PRV,Paraparaumu,,2016
1771232.267,5473254.5675,13016522,KWWN006866,Wastewater,,,,,,WWCON,,INUS,Waikanae,,
1778695.724,5487508.0605,13016523,KWWN006801,Wastewater,,,,,,WWCON,,INUS,Otaki,,
1778429.755,5486235.6385,13016524,KWWN006829,Wastewater,,,,,,WWCON,,INUS,Otaki,,
1769901.445,5470722.4315,13016525,KWWN006290,Wastewater,,,,,,WWVA,,INUS,Paraparaumu,20120427120027,
1769832.901,5470715.7985,13016526,KWWN006764,Wastewater,,,,,,WWCE,,INUS,Paraparaumu,,
1781771.352,5485510.8405,13016527,KWWN006141,Wastewater,10.8,11.18,1.23,12.03,12.41,WWMH,,INUS,Otaki,20110218132137,2010
1782533.187,5485296.2375,13016528,KWWN006989,Wastewater,,,,,,WWCON,,INUS,Otaki,,
1781841.814,5485641.7075,13016529,KWWN006609,Wastewater,,,,,,WWCE,,INUS,Otaki,,
1781427.428,5486143.9225,13016530,KWWN006972,Wastewater,,,,,,WWCON,,INUS,Otaki,,
1778406.074,5486445.9535,13016531,KWWN006820,Wastewater,,,,,,WWCON,,INUS,Otaki,,
1770139.085,5473732.8465,13016532,KWWN006621,Wastewater,,,,,,WWMH,,INUS,Waikanae,,2010
1767077.224,5469453.9705,13016533,KWWN006055,Wastewater,3.76,4.11,1.68,5.44,5.79,WWMH,,INUS,Paraparaumu,20100423112221,2008
1768492.334,5470897.8225,13016534,KWWN006587,Wastewater,,,,,,WWVA,,INUS,Paraparaumu,,2003
1768151.429,5467731.1905,13016535,KWWN006241,Wastewater,,,,,,WWCE,,PRV,Paraparaumu,20111208114022,
1781855.402,5486002.2915,13016536,KWWN006979,Wastewater,,,,,,WWCON,,INUS,Otaki,,
1771608.315,5473535.6325,13016537,KWWN006556,Wastewater,,,1.25,,,WWMH,,INUS,Waikanae,,
1781426.069,5486143.9815,13016538,KWWN006975,Wastewater,,,,,,WWCON,,INUS,Otaki,,
1768910.01,5470921.5925,13016539,KWWN006401,Wastewater,,,,,,WWCON,,INUS,Paraparaumu,,2012
1769922.022,5470745.3965,13016540,KWWN006670,Wastewater,,,,,,WWCE,,INUS,Paraparaumu,,
1778407.049,5486445.2165,13016541,KWWN006819,Wastewater,,,,,,WWCON,,INUS,Otaki,,
1768985.737,5473012.1675,13016542,KWWN006455,Wastewater,2.46,2.82,1.21,3.67,4.03,WWMH,,INUS,Paraparaumu,20130712152615,2010
1769938.979,5470752.1625,13016543,KWWN006297,Wastewater,,,,,,WWVA,,INUS,Paraparaumu,20120427133012,
1770648.171,5474704.9985,13016544,KWWN006388,Wastewater,,,,,,WWCON,,INUS,Waikanae,20121211115714,
1777963.641,5486463.1445,13016545,KWWN006816,Wastewater,,,,,,WWCON,,INUS,Otaki,,
1768140.869,5468452.3515,13016546,KWWN006326,Wastewater,4.62,4.97,1.72,6.34,6.69,WWMH,,INUS,Paraparaumu,20120518153213,2005
1770066.459,5470178.2975,13016547,KWWN006925,Wastewater,7.38,7.73,0.78,8.16,8.51,WWMH,,INUS,Paraparaumu,,2014
1768611.746,5471869.1065,13016548,KWWN006439,Wastewater,2.55,2.9,1.6,4.15,4.5,WWMH,,INUS,Paraparaumu,20130312112407,2010
1769204.09,5470668.3225,13016549,KWWN006373,Wastewater,,,,,,WWVA,,INUS,Paraparaumu,20121101155941,2012
1768172.534,5467785.2455,13016550,KWWN006493,Wastewater,,,,,,UNK,,INUS,Paraparaumu,20140408165752,2012
1771568.767,5474955.6195,13016551,KWWN006330,Wastewater,1.25,1.61,0.94,2.19,2.55,WWMH,,INUS,Waikanae,20120522091803,2011
1774519.416,5472489.0415,13016552,KWWN006717,Wastewater,,,,,,WWCE,,INUS,Waikanae,,
1767004.409,5469432.8275,13016553,KWWN006050,Wastewater,5.69,6.04,1.65,7.34,7.69,WWMH,,INUS,Paraparaumu,20100423111831,2008
1766735.198,5468299.2875,13016554,KWWN006433,Wastewater,4.36,4.71,2.07,6.43,6.78,WWMH,,INUS,Paraparaumu,20130218112634,2002
1778774.75,5486110.8565,13016555,KWWN006835,Wastewater,,,,,,WWCON,,INUS,Otaki,,
1768150.033,5470544.3525,13016556,KWWN006478,Wastewater,5.45,5.8,0.82,6.27,6.62,WWMH,,PRV,Paraparaumu,20131204124632,2005
1770006.93,5470071.9205,13016557,KWWN006904,Wastewater,7.34,7.69,1.25,8.59,8.94,WWMH,,PRV,Paraparaumu,,2014
1769951.442,5470056.1315,13016558,KWWN006905,Wastewater,6.95,7.3,1.71,8.66,9.01,WWMH,,PRV,Paraparaumu,,2014
1769338.026,5469030.9205,13016559,KWWN006543,Wastewater,,,,,,WWCE,,INUS,Paraparaumu,,
1771030.5,5474837.4415,13016560,KWWN006415,Wastewater,,,,,,WWVA,,INUS,Waikanae,20121212101944,2012
1780214.318,5486573.2485,13016561,KWWN006938,Wastewater,,,,,,WWCON,,INUS,Otaki,,
1771030.926,5474834.4645,13016562,KWWN006682,Wastewater,,,,,,WWCE,,INUS,Waikanae,,
1780473.703,5486050.9125,13016563,KWWN006473,Wastewater,5.93,6.3,1.64,7.57,7.94,WWMH,,INUS,Otaki,20131016095114,2008
1778697.312,5487507.5915,13016564,KWWN006797,Wastewater,,,,,,WWCON,,INUS,Otaki,,
1782401.427,5485555.7735,13016565,KWWN006394,Wastewater,,,,,,UNK,,INUS,Otaki,20121211153232,2012
1780739.128,5487178.8335,13016566,KWWN007022,Wastewater,,,,,,WWCON,,INUS,Otaki,,
1768767.136,5468583.9235,13016567,KWWN006174,Wastewater,,,,,,WWMH,,PRV,Paraparaumu,20110411111252,2008
1769342.935,5470827.9685,13016568,KWWN006371,Wastewater,,,,,,WWCON,,INUS,Paraparaumu,20121101155545,2012
1768739.013,5472837.3205,13016569,KWWN006410,Wastewater,2.21,2.57,1.5,3.71,4.07,WWMH,,INUS,Paraparaumu,,2011
1781088.714,5485528.7335,13016570,KWWN006883,Wastewater,,,,,,WWCON,,INUS,Otaki,,
1780758.665,5485144.9545,13016571,KWWN007013,Wastewater,,,,,,WWCON,,INUS,Otaki,,
1778774.426,5486110.1615,13016572,KWWN006834,Wastewater,,,,,,WWCON,,INUS,Otaki,,
1767342.487,5471932.6625,13016573,KWWN006071,Wastewater,,,,,,WWCE,,INUS,Paraparaumu,20100428110148,2008
1780147.58,5486449.6175,13016574,KWWN006724,Wastewater,,,,,,WWCE,,INUS,Otaki,,
1769845.617,5470723.6165,13016575,KWWN006737,Wastewater,,,,,,WWCE,,INUS,Paraparaumu,,
1770394.946,5473972.7505,13016576,KWWN007076,Wastewater,,,,,,WWWW,,INUS,Waikanae,,
1772115.592,5473508.3085,13016577,KWWN006463,Wastewater,4.79,5.15,1.1,5.89,6.25,WWMH,,PRV,Waikanae,20131011115210,2013
1781757.807,5485290.4285,13016578,KWWN006202,Wastewater,,,,,,WWMH,,PRV,Otaki,20110513153810,
1768861.461,5468603.9765,13016579,KWWN006158,Wastewater,,,,,,WWMH,,PRV,Paraparaumu,20110411104744,2008
1779306.482,5488057.6965,13016580,KWWN006923,Wastewater,,,,,,WWCON,,INUS,Otaki,,
1769022.501,5472038.2005,13016581,KWWN006333,Wastewater,2.99,3.35,0.85,3.84,4.2,WWMH,,PRV,Paraparaumu,20120608113532,2004
1767634.99,5472443.6875,13016582,KWWN006461,Wastewater,1.76,2.12,0.61,2.37,2.73,WWMH,,PRV,Paraparaumu,20130925110222,2013
1774546.157,5473850.3295,13016583,KWWN006257,Wastewater,16.94,17.29,1.93,18.87,19.22,WWMH,,INUS,Waikanae,20120411084429,2012
1767026.313,5469329.0815,13016584,KWWN006047,Wastewater,8.46,8.81,1.01,9.46,9.82,WWMH,,INUS,Paraparaumu,20100423111641,2008
1780407.336,5486538.9125,13016585,KWWN006942,Wastewater,,,,,,WWCON,,INUS,Otaki,,
1771257.745,5475299.3345,13016586,KWWN006379,Wastewater,,,,,,WWVA,,INUS,Waikanae,20121211102919,2012
1769064.336,5468918.2205,13016587,KWWN006541,Wastewater,,,,,,WWCE,,INUS,Paraparaumu,,
1780759.092,5485144.5515,13016588,KWWN007011,Wastewater,,,,,,WWCON,,INUS,Otaki,,
1766379.903,5465593.3835,13016589,KWWN006540,Wastewater,,,,,,WWCON,,INUS,Paraparaumu,,1981
1770646.725,5474705.8975,13016590,KWWN006417,Wastewater,,,,,,WWVA,,INUS,Waikanae,20121212102945,2012
1769879.813,5470756.5745,13016591,KWWN006301,Wastewater,,,,,,WWVA,,INUS,Paraparaumu,20120427134450,
1773923.05,5472827.1605,13016592,KWWN007479,Wastewater,,,,,,WWMH,,INUS,Waikanae,WSM00359a,1980
1768106.754,5470548.7555,13016593,KWWN006480,Wastewater,4.9,5.25,1.33,6.23,6.58,WWMH,,INUS,Paraparaumu,20131204124742,2005
1782531.964,5485295.9945,13016594,KWWN006992,Wastewater,,,,,,WWCON,,INUS,Otaki,,
1780525.633,5485781.3285,13016595,KWWN006967,Wastewater,7.14,7.51,1.14,8.28,8.65,WWMH,,INUS,Otaki,,2014
1771255.938,5475302.8785,13016596,KWWN006773,Wastewater,,,,,,WWCE,,INUS,Waikanae,,
1767319.264,5471986.5865,13016597,KWWN006087,Wastewater,5.91,6.26,0.7,6.61,6.96,WWMH,,PRV,Paraparaumu,20100727150848,2010
1778523.805,5487844.4105,13016598,KWWN006907,Wastewater,,,,,,WWCON,,INUS,Otaki,,
1774622.074,5472105.3585,13016599,KWWN006731,Wastewater,,,,,,WWCE,,INUS,Waikanae,,
1778881.431,5487236.5785,13016600,KWWN006897,Wastewater,,,,,,WWCON,,INUS,Otaki,,
1769171.677,5472626.4095,13016601,KWWN006096,Wastewater,2.18,2.54,3.08,5.26,5.62,WWMH,,INUS,Paraparaumu,20101109144344,2008
1769080.163,5468317.7035,13016602,KWWN006421,Wastewater,,,,,,WWCON,,INUS,Paraparaumu,20130130161316,2015
1778745.277,5487780.2465,13016603,KWWN006792,Wastewater,,,,,,WWCON,,INUS,Otaki,,
1779674.33,5486172.1605,13016604,KWWN006843,Wastewater,,,,,,WWCON,,INUS,Otaki,,
1768515.019,5471958.3825,13016605,KWWN006518,Wastewater,,,,,,WWCE,,INUS,Paraparaumu,,
1770643.92,5474705.6515,13016606,KWWN007071,Wastewater,,,,,,WWCON,,INUS,Waikanae,,
1768703.732,5472809.3805,13016607,KWWN006411,Wastewater,2.55,2.91,1.21,3.76,4.12,WWMH,,INUS,Paraparaumu,,2011
1777963.213,5486463.2445,13016608,KWWN006815,Wastewater,,,,,,WWCON,,INUS,Otaki,,
1771029.261,5474106.1545,13016609,KWWN006347,Wastewater,-0.34,0.02,3.06,2.72,3.08,WWMH,,INUS,Waikanae,20120627142226,2012
1774500.099,5473339.7065,13016610,KWWN006076,Wastewater,35.39,35.75,0.7,36.09,36.45,WWMH,,INUS,Waikanae,20100429115509,2010
1771525.153,5473241.7865,13016611,KWWN006321,Wastewater,4.13,4.49,1.21,5.34,5.7,WWMH,,INUS,Waikanae,20120517114446,2011
1766531.338,5465796.2105,13016612,KWWN006536,Wastewater,,,,,,WWCE,,INUS,Paraparaumu,,1981
1768863.511,5468656.5795,13016613,KWWN006153,Wastewater,,,,,,WWMH,,PRV,Paraparaumu,20110411104508,2008
1769198.387,5470959.9445,13016614,KWWN006431,Wastewater,,,,,,WWMH,,PRV,Paraparaumu,20130214164608,2005
1781428.41,5486143.3125,13016615,KWWN006968,Wastewater,,,,,,WWWW,,INUS,Otaki,,
1769902.47,5470726.5745,13016616,KWWN006298,Wastewater,,,,,,WWVA,,INUS,Paraparaumu,20120427133658,
1778213.473,5486790.5975,13016617,KWWN006812,Wastewater,,,,,,WWCON,,INUS,Otaki,,
1768572.551,5471913.6305,13016618,KWWN007486,Wastewater,2.54,2.89,1.18,3.72,4.07,WWMH,,PRV,Paraparaumu,,2015
1771614.273,5473224.4375,13016619,KWWN006323,Wastewater,4.88,5.24,0.77,5.65,6.01,WWMH,,INUS,Waikanae,20120517114639,2011
1769894.214,5470795.9635,13016620,KWWN006748,Wastewater,,,,,,WWCE,,INUS,Paraparaumu,,
1769728.27,5473465.0305,13016621,KWWN006852,Wastewater,,,,,,WWCON,,INUS,Waikanae,,
1771062.236,5474111.7855,13016622,KWWN006342,Wastewater,,,,,,WWCON,,INUS,Waikanae,20120627141611,2012
1768172.498,5467784.7805,13016623,KWWN006492,Wastewater,,,,,,UNK,,PRV,Paraparaumu,20140408165446,2012
1768801.328,5472800.7215,13016624,KWWN006714,Wastewater,2.72,3.08,1.74,4.46,4.82,WWMH,,INUS,Paraparaumu,,2011
1780890.12,5486485.2265,13016625,KWWN006964,Wastewater,,,,,,WWCON,,INUS,Otaki,,
1768642.42,5468746.1595,13016626,KWWN006733,Wastewater,,,,,,WWCE,,INUS,Paraparaumu,,
1770645.0,5474705.6275,13016627,KWWN006705,Wastewater,,,,,,WWCE,,INUS,Waikanae,,
1768888.982,5468635.6685,13016628,KWWN006155,Wastewater,,,,,,WWMH,,PRV,Paraparaumu,20110411104618,2008
1778212.839,5486791.0895,13016629,KWWN006805,Wastewater,,,,,,WWCON,,INUS,Otaki,,
1781773.193,5485528.5475,13016630,KWWN006142,Wastewater,11.03,11.41,1.22,12.25,12.63,WWMH,,INUS,Otaki,20110218132358,2010
1769894.45,5470778.3625,13016631,KWWN006277,Wastewater,,,,,,WWMH,,INUS,Paraparaumu,20120427115853,
1768993.097,5472717.5415,13016632,KWWN006104,Wastewater,1.07,1.43,2.59,3.66,4.02,WWMH,,INUS,Paraparaumu,20101109163854,2008
1782401.394,5485558.8175,13016633,KWWN006396,Wastewater,,,,,,WWVA,,INUS,Otaki,20121211154148,2012
1769784.674,5470530.9535,13016634,KWWN006583,Wastewater,,,,,,WWCE,,INUS,Paraparaumu,,
1767900.866,5469782.5345,13016635,KWWN007509,Wastewater,5.15,5.5,1.17,6.32,6.67,WWMH,,PRV,Paraparaumu,B1,2013
1782402.919,5485560.5565,13016636,KWWN006996,Wastewater,,,,,,WWWW,,INUS,Otaki,,
1769869.066,5470712.8045,13016637,KWWN006680,Wastewater,,,,,,WWCE,,INUS,Paraparaumu,,
1769021.988,5472760.4945,13016638,KWWN006099,Wastewater,-0.09,0.27,4.24,4.15,4.51,WWMH,,INUS,Paraparaumu,20101109162559,2008
1768626.002,5471174.0075,13016639,KWWN006082,Wastewater,2.56,2.91,1.84,4.4,4.75,WWMH,,INUS,Paraparaumu,20100601110923,2006
1779676.47,5486169.6605,13016640,KWWN006847,Wastewater,,,,,,WWCON,,INUS,Otaki,,
1778745.955,5487781.3725,13016641,KWWN006788,Wastewater,,,,,,WWCON,,INUS,Otaki,,
1767056.644,5469484.7905,13016642,KWWN006057,Wastewater,4.71,5.07,1.38,6.1,6.45,WWMH,,INUS,Paraparaumu,20100423112301,2008
1766897.281,5467804.2225,13016643,KWWN006619,Wastewater,,,,,,WWCE,,INUS,Paraparaumu,,
1769882.616,5470597.6075,13016644,KWWN006571,Wastewater,,,,,,WWCE,,INUS,Paraparaumu,,
1767960.99,5470961.5235,13016645,KWWN006360,Wastewater,3.41,3.76,0.86,4.27,4.62,WWMH,,INUS,Paraparaumu,20120727155826,2011
1769087.813,5472677.3695,13016646,KWWN006102,Wastewater,0.73,1.09,2.95,3.68,4.04,WWMH,,INUS,Paraparaumu,20101109162853,2008
1771545.174,5474950.4965,13016647,KWWN006329,Wastewater,1.48,1.84,0.85,2.33,2.69,WWMH,,INUS,Waikanae,20120522091753,2011
1766218.183,5465614.3055,13016648,KWWN006538,Wastewater,,,,,,WWCE,,INUS,Paraparaumu,,
1771032.399,5474835.9005,13016649,KWWN006683,Wastewater,,,,,,WWCE,,INUS,Waikanae,,
1782402.003,5485559.8535,13016650,KWWN006712,Wastewater,,,,,,WWCE,,INUS,Otaki,,
1768800.908,5468645.6865,13016651,KWWN006165,Wastewater,,,,,,WWMH,,PRV,Paraparaumu,20110411105127,2008
1769018.005,5472034.5785,13016652,KWWN006722,Wastewater,,,,,,WWCE,,PRV,Paraparaumu,,2013
1778696.217,5487508.6575,13016653,KWWN006800,Wastewater,,,,,,WWCON,,INUS,Otaki,,
1782834.549,5485705.4555,13016654,KWWN006271,Wastewater,32.25,32.63,1.18,33.43,33.81,WWMH,,INUS,Otaki,20120424104007,2000
1780296.97,5486465.1085,13016655,KWWN006723,Wastewater,,,,,,WWCE,,INUS,Otaki,,
1781777.469,5485548.8875,13016656,KWWN006144,Wastewater,11.3,11.68,0.11,11.41,11.79,WWMH,,INUS,Otaki,20110218132632,2010
1780407.872,5486537.8165,13016657,KWWN006941,Wastewater,,,,,,WWCON,,INUS,Otaki,,
1766966.514,5469363.8725,13016658,KWWN006048,Wastewater,4.61,4.96,1.67,6.28,6.63,WWMH,,INUS,Paraparaumu,20100423111731,2008
1766935.28,5471439.3405,13016659,KWWN006878,Wastewater,,,,,,WWWW,,INUS,Paraparaumu,,
1766889.086,5468450.3585,13016660,KWWN006531,Wastewater,,,,,,WWCE,,INUS,Paraparaumu,,
1767974.683,5472292.8505,13016661,KWWN006506,Wastewater,,,3.18,,,WWMH,,INUS,Paraparaumu,20140613092243,
1778697.641,5487508.0845,13016662,KWWN006796,Wastewater,,,,,,WWCON,,INUS,Otaki,,
1767269.032,5470683.0335,13016663,KWWN006367,Wastewater,3.17,3.53,0.96,4.13,4.49,WWMH,,INUS,Paraparaumu,20121015151913,2007
1781747.81,5486164.4235,13016664,KWWN006618,Wastewater,,,,,,WWCE,,INUS,Otaki,,
1767720.194,5469388.8365,13016665,KWWN006793,Wastewater,,,,,,WWCON,,INUS,Paraparaumu,,2014
1780737.881,5487178.4125,13016666,KWWN007023,Wastewater,,,,,,WWCON,,INUS,Otaki,,
1780838.716,5485272.3015,13016667,KWWN006070,Wastewater,,,,,,WWMH,,INUS,Otaki,20100426101407,2008
1766555.36,5469578.7345,13016668,KWWN006206,Wastewater,,,,,,WWCON,,INUS,Paraparaumu,,
1767017.029,5467697.9455,13016669,KWWN006604,Wastewater,,,,,,WWCE,,INUS,Paraparaumu,,2015
1769863.568,5470706.7405,13016670,KWWN006639,Wastewater,,,,,,WWCE,,INUS,Paraparaumu,,
1780190.003,5486023.4525,13016671,KWWN006931,Wastewater,,,,,,WWCON,,INUS,Otaki,,
1767906.76,5472812.2055,13016672,KWWN006425,Wastewater,,,,,,WWMH,,PRV,Paraparaumu,20130211155003,2007
1783178.075,5485870.3075,13016673,KWWN006514,Wastewater,,,,,,WWCE,,INUS,Otaki,,
1768832.876,5468691.0675,13016674,KWWN006154,Wastewater,,,,,,WWMH,,PRV,Paraparaumu,20110411104525,2008
1766995.929,5467507.9875,13016675,KWWN006197,Wastewater,5.5,5.85,0.76,6.26,6.61,WWMH,,INUS,Paraparaumu,20110504092525,2008
1781770.356,5485537.4565,13016676,KWWN006143,Wastewater,11.18,11.56,1.23,12.41,12.79,WWMH,,INUS,Otaki,20110218132510,2010
1769838.966,5470726.5835,13016677,KWWN006765,Wastewater,,,,,,WWCE,,INUS,Paraparaumu,,
1778213.277,5486790.0855,13016678,KWWN006813,Wastewater,,,,,,WWCON,,INUS,Otaki,,
1771031.364,5474836.1295,13016679,KWWN006704,Wastewater,,,,,,WWCE,,INUS,Waikanae,,
1769921.886,5470729.5005,13016680,KWWN006671,Wastewater,,,,,,WWCE,,INUS,Paraparaumu,,
1767028.298,5467538.4665,13016681,KWWN006196,Wastewater,3.93,4.28,0.68,4.61,4.96,WWMH,,INUS,Paraparaumu,20110504091653,2008
1768100.708,5469318.9935,13016682,KWWN006490,Wastewater,,,1.26,,,WWMH,,INUS,Paraparaumu,20140331115351,
1778429.523,5486234.8865,13016683,KWWN006828,Wastewater,,,,,,WWCON,,INUS,Otaki,,
1774772.004,5472354.2295,13016684,KWWN006134,Wastewater,55.08,55.43,2.35,57.43,57.78,WWMH,,INUS,Waikanae,20110215163519,2008
1771588.971,5473210.7525,13016685,KWWN006325,Wastewater,,,,,,WWCE,,INUS,Waikanae,20120517115152,2011
1766754.263,5467347.6105,13016686,KWWN006532,Wastewater,,,,,,WWCON,,INUS,Paraparaumu,,
1769898.984,5470722.8355,13016687,KWWN006288,Wastewater,,,,,,WWMH,,INUS,Paraparaumu,20120427115955,
1769886.021,5470819.0475,13016688,KWWN006272,Wastewater,,,,,,WWWW,,INUS,Paraparaumu,20120427114147,
1774533.057,5474099.2095,13016689,KWWN006263,Wastewater,14.74,15.09,1.83,16.57,16.92,WWMH,,INUS,Waikanae,20120411085013,2012
1780550.453,5485995.5405,13016690,KWWN006468,Wastewater,6.64,7.01,1.44,8.08,8.45,WWMH,,PRV,Otaki,20131016094707,2008
1769844.543,5470732.6055,13016691,KWWN006760,Wastewater,,,,,,WWCE,,INUS,Paraparaumu,,
1770081.756,5469334.8515,13016692,KWWN006612,Wastewater,,,,,,WWMH,,INUS,Paraparaumu,,2018
1780649.673,5485677.1665,13016693,KWWN007483,Wastewater,,,,,,WWMH,,INUS,Otaki,,2006
1780190.16,5486024.0715,13016694,KWWN006929,Wastewater,,,,,,WWCON,,INUS,Otaki,,
1779675.19,5486171.0795,13016695,KWWN006845,Wastewater,,,,,,WWCON,,INUS,Otaki,,
1780513.284,5485958.3715,13016696,KWWN006467,Wastewater,7.01,7.38,0.85,7.86,8.23,WWMH,,PRV,Otaki,20131016094624,2008
1769082.615,5472707.1405,13016697,KWWN006101,Wastewater,0.55,0.91,2.96,3.51,3.87,WWMH,,INUS,Paraparaumu,20101109162754,2008
1766841.934,5469739.7305,13016698,KWWN006523,Wastewater,,,,,,WWCON,,INUS,Paraparaumu,,
1768796.348,5468637.9055,13016699,KWWN006168,Wastewater,,,,,,WWMH,,PRV,Paraparaumu,20110411105224,2008
1767214.676,5470707.6375,13016700,KWWN006369,Wastewater,3.72,4.07,0.56,4.28,4.63,WWMH,,INUS,Paraparaumu,20121015152632,2010
1780781.207,5485087.1755,13016701,KWWN006568,Wastewater,,,,,,WWCE,,INUS,Otaki,,
1768869.686,5471907.9015,13016702,KWWN006339,Wastewater,2.97,3.32,0.9,3.87,4.22,WWMH,,INUS,Paraparaumu,20120608155752,2006
1769822.74,5473052.0205,13016703,KWWN006863,Wastewater,,,,,,WWCON,,INUS,Waikanae,,
1767708.328,5472375.1025,13016704,KWWN006515,Wastewater,,,,,,WWCE,,PRV,Paraparaumu,,
1779019.029,5488623.3185,13016705,KWWN006780,Wastewater,,,,,,WWCON,,INUS,Otaki,,
1780585.271,5485289.2525,13016706,KWWN006565,Wastewater,7.37,7.74,1.7,9.07,9.44,WWMH,,INUS,Otaki,,1980
1766826.95,5471018.2685,13016707,KWWN006235,Wastewater,,,,,,WWMH,,PRV,Paraparaumu,20111014111858,2003
1774692.233,5472290.5115,13016708,KWWN006137,Wastewater,40.92,41.27,1.29,42.21,42.56,WWMH,,INUS,Waikanae,20110215163747,2008
1780889.558,5486485.0255,13016709,KWWN006965,Wastewater,,,,,,WWCON,,INUS,Otaki,OSP00006,
1769058.117,5471433.1935,13016710,KWWN006149,Wastewater,3.73,4.08,0.84,4.57,4.92,WWMH,,INUS,Paraparaumu,20110401110432,2010
1780497.282,5486033.3015,13016711,KWWN006472,Wastewater,6.2,6.57,1.67,7.87,8.24,WWMH,,PRV,Otaki,20131016095035,2008
1768759.841,5471242.8485,13016712,KWWN006458,Wastewater,0.85,1.2,3.78,4.63,4.98,WWMH,,INUS,Paraparaumu,20130826143415,2006
1769861.795,5470704.0945,13016713,KWWN006646,Wastewater,,,,,,WWCE,,INUS,Paraparaumu,,
1768910.543,5470921.0455,13016714,KWWN006402,Wastewater,,,,,,WWCON,,INUS,Paraparaumu,,2012
1769273.858,5470050.2505,13016715,KWWN006981,Wastewater,8.54,8.89,1.39,9.93,10.28,WWMH,,INUS,Paraparaumu,,2014
1779221.378,5488361.7485,13016716,KWWN006922,Wastewater,,,,,,WWCON,,INUS,Otaki,,
1770966.077,5472975.8445,13016717,KWWN006437,Wastewater,15.14,15.5,1.7,16.84,17.2,WWMH,,PRV,Waikanae,20130306162122,1981
1769503.708,5471087.5705,13016718,KWWN006232,Wastewater,,,,,,WWWW,,PRV,Paraparaumu,20111012165150,
1781088.588,5485529.1125,13016719,KWWN006882,Wastewater,,,,,,WWCON,,INUS,Otaki,,
1769923.268,5470706.1585,13016720,KWWN006285,Wastewater,,,,,,WWMH,,INUS,Paraparaumu,20120427115943,
1770054.322,5471634.2755,13016721,KWWN006525,Wastewater,,,,,,WWCE,,INUS,Paraparaumu,,
1780191.11,5486023.1455,13016722,KWWN006930,Wastewater,,,,,,WWCON,,INUS,Otaki,,
1778745.413,5487779.8125,13016723,KWWN006794,Wastewater,,,,,,WWCON,,INUS,Otaki,,
1767645.962,5468882.7945,13016724,KWWN006120,Wastewater,,,,,,WWCON,,INUS,Paraparaumu,20110127143652,2011
1771233.146,5473252.2885,13016725,KWWN006868,Wastewater,,,,,,WWCON,,INUS,Waikanae,,2018
1768067.066,5468109.0095,13016726,KWWN006207,Wastewater,,,,,,WWCE,,INUS,Paraparaumu,PSM00876,
1771759.516,5473114.6885,13016727,KWWN006497,Wastewater,5.7,6.06,1.07,6.77,7.13,WWMH,,PRV,Waikanae,20140429112821,2014
1774511.4,5473701.9225,13016728,KWWN006885,Wastewater,20.43,20.78,1.05,21.48,21.83,WWMH,,INUS,Waikanae,,2013
1777962.866,5486463.3225,13016729,KWWN006886,Wastewater,,,,,,WWWW,,INUS,Otaki,,
1768060.939,5470965.3905,13016730,KWWN006693,Wastewater,,,,,,WWCON,,INUS,Paraparaumu,,
1769755.69,5470106.2825,13016731,KWWN006113,Wastewater,7.27,7.62,0.84,8.11,8.46,WWMH,,INUS,Paraparaumu,20101216084932,2009
1769217.819,5470981.3255,13016732,KWWN006636,Wastewater,,,,,,WWCE,,INUS,Paraparaumu,,
1769852.871,5470690.6555,13016733,KWWN006643,Wastewater,,,,,,WWCE,,INUS,Paraparaumu,,
1769877.317,5470761.9725,13016734,KWWN006303,Wastewater,,,,,,WWVA,,INUS,Paraparaumu,20120427134920,
1768540.751,5471983.0115,13016735,KWWN006519,Wastewater,,,,,,WWCE,,INUS,Paraparaumu,,
1766994.545,5469308.8725,13016736,KWWN006046,Wastewater,3.8,4.15,1.52,5.31,5.67,WWMH,,INUS,Paraparaumu,20100423111621,2008
1779019.133,5488622.0985,13016737,KWWN006784,Wastewater,,,,,,WWCON,,INUS,Otaki,,
1770240.727,5472139.9405,13016738,KWWN006366,Wastewater,10.98,11.34,0.9,11.88,12.24,WWMH,,PRV,Paraparaumu,20120928092905,2007
1770649.5,5474704.9315,13016739,KWWN006385,Wastewater,,,,,,WWCON,,INUS,Waikanae,20121211114911,2012
1768919.86,5470991.4675,13016740,KWWN006124,Wastewater,4.53,4.88,0.93,5.46,5.81,WWMH,,INUS,Paraparaumu,20110209110116,2010
1774494.201,5474059.8155,13016741,KWWN006266,Wastewater,14.68,15.03,2.23,16.91,17.26,WWMH,,INUS,Waikanae,20120411085132,2012
1778427.649,5486235.8925,13016742,KWWN006832,Wastewater,,,,,,WWCON,,INUS,Otaki,,
1769867.991,5470159.3205,13016743,KWWN006107,Wastewater,7.06,7.41,0.71,7.77,8.12,WWMH,,INUS,Paraparaumu,20101216083202,2009
1769219.872,5470981.4115,13016744,KWWN006268,Wastewater,,,,,,WWVA,,INUS,Paraparaumu,20120411091034,
1768059.547,5470964.3495,13016745,KWWN006692,Wastewater,,,,,,WWCON,,INUS,Paraparaumu,,
1778746.511,5487781.5895,13016746,KWWN006787,Wastewater,,,,,,WWWW,,INUS,Otaki,,
1769247.329,5470561.0835,13016747,KWWN007488,Wastewater,,,,,,WWMH,,INUS,Paraparaumu,,2015
1769049.947,5468332.8005,13016748,KWWN006231,Wastewater,,,,,,WWMH,,INUS,Paraparaumu,201110128453,
1766921.789,5467686.0605,13016749,KWWN006187,Wastewater,3.6,3.96,0.88,4.48,4.83,WWMH,,INUS,Paraparaumu,20110503161952,2008
1771257.824,5475301.0315,13016750,KWWN006555,Wastewater,,,,,,WWCE,,INUS,Waikanae,,
1767016.084,5467851.9235,13016751,KWWN006089,Wastewater,,,2.1,,,WWVA,,INUS,Paraparaumu,20100816155516,2010
1770643.625,5474705.9535,13016752,KWWN007073,Wastewater,,,,,,WWCON,,INUS,Waikanae,,
1769276.708,5470029.0225,13016753,KWWN006977,Wastewater,8.33,8.68,1.53,9.86,10.21,WWMH,,INUS,Paraparaumu,,2014
1768107.179,5469807.7885,13016754,KWWN007518,Wastewater,4.21,4.56,1.99,6.2,6.55,WWMH,,PRV,Paraparaumu,A9,2013
1768118.721,5468327.3375,13016755,KWWN006498,Wastewater,4.1,4.45,1.3,5.4,5.75,WWMH,,INUS,Paraparaumu,20140515103337,2013
1768167.704,5468425.0255,13016756,KWWN006595,Wastewater,,,,,,WWCE,,INUS,Paraparaumu,,
1766590.471,5466683.4625,13016757,KWWN006534,Wastewater,,,,,,WWCE,,INUS,Paraparaumu,,
1767787.706,5470151.3155,13016758,KWWN007496,Wastewater,,,,,,WWMH,,PRV,Paraparaumu,C6,2013
1766580.218,5469498.0175,13016759,KWWN006549,Wastewater,,,,,,WWCE,,INUS,Paraparaumu,,
1781893.103,5485465.7495,13016760,KWWN007009,Wastewater,,,,,,WWCON,,INUS,Otaki,,
1771258.617,5475298.4215,13016761,KWWN006376,Wastewater,,,,,,UNK,,INUS,Waikanae,20121211102316,2012
1771231.751,5473254.0995,13016762,KWWN006867,Wastewater,,,,,,WWCON,,INUS,Waikanae,,
1779019.444,5488623.5595,13016763,KWWN006779,Wastewater,,,,,,WWWW,,INUS,Otaki,,
1782402.283,5485558.3505,13016764,KWWN006397,Wastewater,,,,,,WWVA,,INUS,Otaki,20121211154323,2012
1770663.768,5472991.1195,13016765,KWWN006438,Wastewater,,,,,,WWWW,,PRV,Waikanae,20130306162508,1981
1767032.93,5469509.3215,13016766,KWWN006058,Wastewater,4.98,5.34,1.57,6.55,6.91,WWMH,,INUS,Paraparaumu,20100423112320,2008
1772464.62,5475941.7745,13016767,KWWN006728,Wastewater,,,,,,WWCON,,INUS,Waikanae,,2001
1768045.537,5468045.3725,13016768,KWWN006204,Wastewater,2.46,2.81,2.73,5.19,5.54,WWMH,,INUS,Paraparaumu,20110530112621,2006
1780264.033,5486596.0365,13016769,KWWN006611,Wastewater,,,,,,WWCE,,INUS,Otaki,,
1769821.56,5473052.0005,13016770,KWWN006862,Wastewater,,,,,,WWCON,,INUS,Waikanae,,
1780470.161,5485728.1005,13016771,KWWN006936,Wastewater,6.22,6.59,1.49,7.71,8.08,WWMH,,INUS,Otaki,,2014
1782867.986,5485622.5515,13016772,KWWN006121,Wastewater,31.96,32.34,1.66,33.62,34,WWMH,,INUS,Otaki,20110201135151,2010
1780479.618,5486450.9565,13016773,KWWN006778,Wastewater,,,,,,WWWW,,INUS,Otaki,,
1769898.192,5470725.3925,13016774,KWWN006294,Wastewater,,,,,,WWFM,,INUS,Paraparaumu,20120427131842,
1769896.082,5470173.6155,13016775,KWWN006108,Wastewater,7.24,7.59,0.69,7.93,8.28,WWMH,,INUS,Paraparaumu,20101216083230,2009
1769627.8,5469391.8915,13016776,KWWN006730,Wastewater,,,,,,WWCE,,INUS,Paraparaumu,,
1770136.226,5473732.4725,13016777,KWWN006620,Wastewater,,,,,,WWCON,,INUS,Waikanae,,
1769851.212,5470692.2145,13016778,KWWN006642,Wastewater,,,,,,WWCE,,INUS,Paraparaumu,,
1769912.443,5469929.0765,13016779,KWWN006105,Wastewater,7.56,7.91,1.14,8.7,9.05,WWMH,,INUS,Paraparaumu,20101117142417,2005
1778745.684,5487780.9515,13016780,KWWN006790,Wastewater,,,,,,WWCON,,INUS,Otaki,,
1774411.83,5474135.3485,13016781,KWWN006267,Wastewater,13.96,14.31,2.46,16.42,16.77,WWMH,,INUS,Waikanae,20120411085231,2012
1782532.502,5485295.5895,13016782,KWWN006990,Wastewater,,,,,,WWCON,,INUS,Otaki,,
1781609.074,5485306.4725,13016783,KWWN006148,Wastewater,11.35,11.73,1.29,12.64,13.02,WWMH,,INUS,Otaki,20110318114955,2010
1770645.021,5474706.5985,13016784,KWWN006707,Wastewater,,,,,,WWCE,,INUS,Waikanae,,
1771267.931,5473384.3105,13016785,KWWN006237,Wastewater,,,,,,WWMH,,PRV,Waikanae,20111101102521,1994
1769881.832,5470771.5155,13016786,KWWN006747,Wastewater,,,,,,WWCE,,INUS,Paraparaumu,,
1782048.852,5485598.6635,13016787,KWWN006432,Wastewater,,,,,,WWCE,,INUS,Otaki,20130215111839,
1766888.567,5469628.3255,13016788,KWWN006074,Wastewater,,,,,,WWCE,,PRV,Paraparaumu,20100429113529,2009
1769736.255,5470469.7935,13016789,KWWN006088,Wastewater,,,,,,WWWW,,PRV,Paraparaumu,20100729151548,2010
1781428.093,5486143.7075,13016790,KWWN006969,Wastewater,,,,,,WWCON,,INUS,Otaki,,
1769939.199,5470163.6815,13016791,KWWN006110,Wastewater,7.63,7.98,0.84,8.47,8.82,WWMH,,INUS,Paraparaumu,20101216083338,2009
1767024.026,5467513.5705,13016792,KWWN006193,Wastewater,1.7,2.05,2.91,4.61,4.96,WWMH,,INUS,Paraparaumu,20110504091321,2008
1780889.698,5486486.2575,13016793,KWWN006961,Wastewater,,,,,,WWCON,,INUS,Otaki,,
1770402.801,5473972.8055,13016794,KWWN006390,Wastewater,,,,,,UNK,,INUS,Waikanae,20121211143843,2012
1767867.953,5469909.7215,13016795,KWWN007505,Wastewater,0.92,1.27,5.48,6.4,6.75,WWMH,,PRV,Paraparaumu,A3,2013
1766932.6,5471439.4305,13016796,KWWN006873,Wastewater,,,,,,WWCON,,INUS,Paraparaumu,,
1768613.328,5468951.4105,13016797,KWWN006695,Wastewater,,,,,,WWMH,,INUS,Paraparaumu,,2013
1774397.549,5473145.5225,13016798,KWWN006249,Wastewater,,,,,,WWMH,,INUS,Waikanae,20120216163019,1979
1770644.647,5474705.6205,13016799,KWWN007070,Wastewater,,,,,,WWCON,,INUS,Waikanae,,
1778880.833,5487236.5785,13016800,KWWN006895,Wastewater,,,,,,WWCON,,INUS,Otaki,,
1775273.521,5474055.5595,13016801,KWWN006560,Wastewater,,,,,,WWCE,,INUS,Waikanae,,
1774519.394,5473352.2865,13016802,KWWN006562,Wastewater,,,,,,WWCE,,INUS,Waikanae,,
1769900.432,5470724.1475,13016803,KWWN006289,Wastewater,,,,,,WWMH,,INUS,Paraparaumu,20120427120015,
1769362.714,5470010.5895,13016804,KWWN006987,Wastewater,8.99,9.34,1.37,10.36,10.71,WWMH,,INUS,Paraparaumu,,2014
1767789.207,5469846.4095,13016805,KWWN007492,Wastewater,,,,,,WWCON,,PRV,Paraparaumu,,2013
1768181.046,5471924.1125,13016806,KWWN006516,Wastewater,,,,,,WWCE,,INUS,Paraparaumu,,
1769880.736,5470763.7905,13016807,KWWN006309,Wastewater,,,,,,WWVA,,INUS,Paraparaumu,20120427140620,
1768352.868,5467794.8775,13016808,KWWN006547,Wastewater,,,,,,WWCE,,INUS,Paraparaumu,,1980
1766560.926,5469634.6525,13016809,KWWN006548,Wastewater,,,,,,WWCE,,PRV,Paraparaumu,,
1774700.852,5472248.6515,13016810,KWWN006140,Wastewater,41.54,41.89,0.98,42.52,42.87,WWMH,,INUS,Waikanae,20110215163938,2008
1771234.15,5473252.2985,13016811,KWWN006871,Wastewater,,,,,,WWCON,,INUS,Waikanae,,2018
1778880.802,5487237.4225,13016812,KWWN006894,Wastewater,,,,,,WWCON,,INUS,Otaki,,
1771258.674,5475297.8895,13016813,KWWN006375,Wastewater,,,,,,UNK,,INUS,Waikanae,20121211095213,2012
1769783.905,5470040.0655,13016814,KWWN006112,Wastewater,7.21,7.56,0.81,8.02,8.37,WWMH,,INUS,Paraparaumu,20101216084848,2009
1780350.514,5485906.4645,13016815,KWWN006570,Wastewater,,,,,,WWCE,,INUS,Otaki,,
1766639.249,5468391.6785,13016816,KWWN006527,Wastewater,,,,,,WWCE,,INUS,Paraparaumu,,
1769885.313,5470763.2345,13016817,KWWN006745,Wastewater,,,,,,WWCE,,INUS,Paraparaumu,,
1780471.628,5486000.2815,13016818,KWWN006471,Wastewater,6.5,6.87,1.41,7.91,8.28,WWMH,,PRV,Otaki,20131016094956,2008
1769895.473,5470739.4805,13016819,KWWN006676,Wastewater,,,,,,WWCE,,INUS,Paraparaumu,,
1768771.966,5468629.2445,13016820,KWWN006170,Wastewater,8.1,8.45,1.34,9.44,9.79,WWMH,,PRV,Paraparaumu,20110411105300,2008
1771035.377,5474839.4365,13016821,KWWN006381,Wastewater,,,,,,UNK,,INUS,Waikanae,20121211111315,2012
1766905.34,5467640.5595,13016822,KWWN006188,Wastewater,2.24,2.6,2.03,4.27,4.63,WWMH,,INUS,Paraparaumu,20110503162108,2008
1780889.36,5486485.4975,13016823,KWWN006963,Wastewater,,,,,,WWCON,,INUS,Otaki,,
1774678.894,5472410.4235,13016824,KWWN006130,Wastewater,38.88,39.23,2.09,40.97,41.32,WWMH,,INUS,Waikanae,20110215161738,2008
1783069.106,5485756.5515,13016825,KWWN006573,Wastewater,,,,,,WWCON,,INUS,Otaki,,
1768190.106,5468200.8665,13016826,KWWN006501,Wastewater,2.95,3.3,1.9,4.85,5.2,WWMH,,INUS,Paraparaumu,20140515104405,2013
1771753.543,5473125.9315,13016827,KWWN006496,Wastewater,5.47,5.83,1.34,6.81,7.17,WWMH,,PRV,Waikanae,20140429112725,2014
1766744.246,5468292.9525,13016828,KWWN006434,Wastewater,4.64,4.99,1.55,6.19,6.54,WWMH,,INUS,Paraparaumu,20130218112743,2002
1774025.543,5473854.8985,13016829,KWWN007487,Wastewater,18.05,18.4,,,,WWMH,,INUS,Waikanae,,2013
1768951.283,5472359.7885,13016830,KWWN006426,Wastewater,3.36,3.72,0.93,4.29,4.65,WWMH,,INUS,Paraparaumu,20130212113458,2005
1780658.717,5485665.0715,13016831,KWWN007482,Wastewater,,,,,,WWMH,,INUS,Otaki,,2006
1768090.862,5468502.7815,13016832,KWWN006327,Wastewater,5.07,5.42,1.22,6.29,6.64,WWMH,,INUS,Paraparaumu,20120518153258,2005
1767364.101,5468449.2155,13016833,KWWN006403,Wastewater,,,,,,WWVA,,INUS,Paraparaumu,,2007
1771029.76,5474109.0275,13016834,KWWN006346,Wastewater,-0.34,0.02,3.07,2.73,3.09,WWMH,,INUS,Waikanae,20120627142223,2012
1769878.222,5470763.4195,13016835,KWWN006746,Wastewater,,,,,,WWCE,,INUS,Paraparaumu,,
1780190.769,5486021.9255,13016836,KWWN006932,Wastewater,,,,,,WWCON,,INUS,Otaki,,
1768858.844,5469238.9975,13016837,KWWN006254,Wastewater,5.43,5.78,1.85,7.28,7.63,WWMH,,INUS,Paraparaumu,20120306144820,
1780770.722,5485347.4375,13016838,KWWN006256,Wastewater,,,,,,WWMH,,INUS,Otaki,20120410142050,2008
1768012.716,5468061.7835,13016839,KWWN006205,Wastewater,2.77,3.12,2.39,5.16,5.51,WWMH,,INUS,Paraparaumu,20110530112702,2006
1766742.192,5468541.2705,13016840,KWWN006475,Wastewater,0.68,1.03,2.55,3.23,3.58,WWMH,,INUS,Paraparaumu,20131101143638,2013
1768631.978,5471828.4925,13016841,KWWN006440,Wastewater,3.09,3.44,0.81,3.9,4.25,WWMH,,INUS,Paraparaumu,20130312112411,2010
1768233.813,5467748.7585,13016842,KWWN006720,Wastewater,,,,,,WWCE,,PRV,Paraparaumu,,
1768857.319,5468599.7395,13016843,KWWN006157,Wastewater,,,,,,WWMH,,PRV,Paraparaumu,20110411104729,2008
1778587.43,5487803.1065,13016844,KWWN006318,Wastewater,2.29,2.66,0.58,2.87,3.24,WWMH,,PRV,Otaki,20120514134653,2011
1771256.733,5475304.1125,13016845,KWWN007064,Wastewater,,,,,,WWCON,,INUS,Waikanae,,
1768715.387,5467898.9595,13016846,KWWN007480,Wastewater,,,,,,WWMH,,INUS,Paraparaumu,,1996
1768720.552,5467931.6695,13016847,KWWN007481,Wastewater,,,,,,WWMH,,INUS,Paraparaumu,,1996
1768975.464,5472368.9665,13016848,KWWN006427,Wastewater,3.81,4.17,0.78,4.59,4.95,WWMH,,INUS,Paraparaumu,20130212113618,2005
1769896.08,5470710.2545,13016849,KWWN006287,Wastewater,,,,,,WWMH,,INUS,Paraparaumu,20120427115949,
1768775.616,5468575.2865,13016850,KWWN006177,Wastewater,,,,,,WWMH,,PRV,Paraparaumu,20110411111338,2008
1768676.465,5468517.4655,13016851,KWWN006182,Wastewater,,,,,,WWMH,,PRV,Paraparaumu,20110411112716,2008
1769728.36,5473466.2105,13016852,KWWN006851,Wastewater,,,,,,WWCON,,INUS,Waikanae,,
1771030.276,5474837.7835,13016853,KWWN006383,Wastewater,,,,,,WWVA,,INUS,Waikanae,20121211112537,2012
1767793.843,5469849.6875,13016854,KWWN007507,Wastewater,,,,5.55,5.9,WWMH,,PRV,Paraparaumu,A1,2013
1768838.501,5468484.6475,13016855,KWWN006173,Wastewater,,,,,,WWMH,,PRV,Paraparaumu,20110411105859,2008
1767137.067,5467719.2555,13016856,KWWN006602,Wastewater,,,,,,WWCE,,INUS,Paraparaumu,,
1769875.314,5470758.5835,13016857,KWWN006308,Wastewater,,,,,,UNK,,INUS,Paraparaumu,20120427140120,
1770395.677,5473972.7365,13016858,KWWN006552,Wastewater,,,,,,WWCE,,INUS,Waikanae,,
1769933.59,5470049.8605,13016859,KWWN006911,Wastewater,6.81,7.16,1.93,8.74,9.09,WWMH,,PRV,Paraparaumu,,2014
1780765.578,5485323.0925,13016860,KWWN006068,Wastewater,,,,,,WWMH,,INUS,Otaki,20100426100313,2008
1770395.656,5473973.1445,13016861,KWWN007078,Wastewater,,,,,,WWCON,,INUS,Waikanae,,
1769916.537,5470753.5325,13016862,KWWN006295,Wastewater,,,,,,WWSUMP,,INUS,Paraparaumu,20120427132803,
1768796.675,5471223.3455,13016863,KWWN006459,Wastewater,,,,4.34,4.69,WWMH,,INUS,Paraparaumu,20130826143552,2013
1768552.349,5469259.2125,13016864,KWWN006725,Wastewater,,,,6.97,7.32,WWMH,,INUS,Paraparaumu,,2020
1767968.819,5469715.2545,13016865,KWWN007511,Wastewater,5.17,5.52,1.13,6.3,6.65,WWMH,,PRV,Paraparaumu,B3,2013
1770135.57,5473732.9105,13016866,KWWN007086,Wastewater,,,,,,WWCON,,INUS,Waikanae,,
1767128.039,5469403.1895,13016867,KWWN006059,Wastewater,3.17,3.53,0.86,4.04,4.39,WWMH,,INUS,Paraparaumu,20100423112554,2008
1768668.202,5468908.2165,13016868,KWWN006462,Wastewater,5.39,5.74,1.39,6.78,7.13,WWMH,,INUS,Paraparaumu,20131001153033,2013
1769875.848,5470766.1545,13016869,KWWN006679,Wastewater,,,,,,WWCE,,INUS,Paraparaumu,,
1782143.718,5485580.9545,13016870,KWWN006511,Wastewater,,,,,,WWCE,,INUS,Otaki,,
1778213.407,5486790.8485,13016871,KWWN006809,Wastewater,,,,,,WWCON,,INUS,Otaki,,
1769927.18,5473360.9535,13016872,KWWN006585,Wastewater,,,,,,WWCE,,INUS,Waikanae,,
1769903.603,5470726.9755,13016873,KWWN006284,Wastewater,,,,,,WWMH,,INUS,Paraparaumu,20120427115938,
1770329.797,5473206.2285,13016874,KWWN006865,Wastewater,,,,,,WWCON,,INUS,Waikanae,,
1769849.605,5470737.7125,13016875,KWWN006757,Wastewater,,,,,,WWCE,,INUS,Paraparaumu,,
1768794.476,5468651.8315,13016876,KWWN006164,Wastewater,,,,,,WWMH,,PRV,Paraparaumu,20110411105107,2008
1768691.007,5471225.7195,13016877,KWWN006081,Wastewater,1.31,1.66,3.05,4.36,4.71,WWMH,,INUS,Paraparaumu,20100601110740,2006
1769925.1,5470746.1755,13016878,KWWN006666,Wastewater,,,,,,WWCE,,INUS,Paraparaumu,,
1780744.162,5485318.2175,13016879,KWWN006066,Wastewater,,,,,,WWMH,,INUS,Otaki,20100426100227,2008
1768868.433,5468687.4585,13016880,KWWN006150,Wastewater,,,,,,WWMH,,PRV,Paraparaumu,20110411104347,2008
1781426.431,5486144.1905,13016881,KWWN006973,Wastewater,,,,,,WWCON,,INUS,Otaki,,
1771031.606,5474835.2645,13016882,KWWN007067,Wastewater,,,,,,WWCON,,INUS,Waikanae,,
1767710.809,5469395.0075,13016883,KWWN006451,Wastewater,,,,,,WWCON,,INUS,Paraparaumu,20130702133028,1999
1769293.456,5472724.7325,13016884,KWWN006145,Wastewater,2.4,2.76,1.78,4.18,4.54,WWMH,,INUS,Paraparaumu,20110304114642,2009
1766963.44,5470692.8915,13016885,KWWN006521,Wastewater,,,,,,WWCE,,INUS,Paraparaumu,,
1779358.44,5488423.4155,13016886,KWWN006775,Wastewater,,,,,,WWCON,,INUS,Otaki,,
1780720.778,5486695.9325,13016887,KWWN006954,Wastewater,,,,,,WWCON,,INUS,Otaki,,
1768374.473,5472002.6595,13016888,KWWN006517,Wastewater,,,,,,WWCE,,INUS,Paraparaumu,,
1778696.645,5487507.7565,13016889,KWWN006799,Wastewater,,,,,,WWCON,,INUS,Otaki,,
1766934.28,5471439.8505,13016890,KWWN006880,Wastewater,,,,,,WWCON,,INUS,Paraparaumu,,
1769614.058,5469403.1345,13016891,KWWN006726,Wastewater,,,,,,WWCE,,INUS,Paraparaumu,,
1766931.535,5467732.4505,13016892,KWWN006184,Wastewater,3.44,3.79,1.72,5.16,5.51,WWMH,,INUS,Paraparaumu,20110502144720,2008
1768097.47,5470563.4585,13016893,KWWN006483,Wastewater,5.09,5.44,1,6.09,6.44,WWMH,,INUS,Paraparaumu,20131204124916,2005
1768872.684,5468619.3805,13016894,KWWN006160,Wastewater,,,,,,WWMH,,PRV,Paraparaumu,20110411104935,2008
1766836.443,5466318.4535,13016895,KWWN006575,Wastewater,,,1.45,,,WWMH,,INUS,Paraparaumu,,2001
1780570.942,5486027.4595,13016896,KWWN006469,Wastewater,6.92,7.29,1.2,8.12,8.49,WWMH,,PRV,Otaki,20131016094750,2008
1780504.145,5485751.3415,13016897,KWWN006966,Wastewater,6.76,7.13,1.35,8.11,8.48,WWMH,,INUS,Otaki,,2014
1767484.29,5471161.2835,13016898,KWWN006332,Wastewater,,,0.87,,,WWMH,,INUS,Paraparaumu,20120528114952,
1769880.15,5470755.1955,13016899,KWWN006740,Wastewater,,,,,,WWCE,,INUS,Paraparaumu,,
1769146.231,5472045.7575,13016900,KWWN006334,Wastewater,4.75,5.11,,,,WWMH,,INUS,Paraparaumu,20120608114654,2004
1769893.791,5470795.5405,13016901,KWWN006750,Wastewater,,,,,,WWCE,,INUS,Paraparaumu,,
1771024.212,5474108.3715,13016902,KWWN006554,Wastewater,,,,,,WWCON,,INUS,Waikanae,,2014
1767819.983,5469860.7885,13016903,KWWN007506,Wastewater,0.2,0.55,5.46,5.66,6.01,WWMH,,PRV,Paraparaumu,A2,2013
1766923.948,5467619.9005,13016904,KWWN006631,Wastewater,,,,,,WWCE,,INUS,Paraparaumu,,
1768966.865,5471220.3975,13016905,KWWN006507,Wastewater,3.06,3.41,1.42,4.48,4.83,WWMH,,INUS,Paraparaumu,,2014
1767632.802,5469036.0005,13016906,KWWN006791,Wastewater,,,,,,WWCON,,INUS,Paraparaumu,,2014
1781088.419,5485529.5435,13016907,KWWN006881,Wastewater,,,,,,WWCON,,INUS,Otaki,,
1781894.816,5485465.3795,13016908,KWWN007006,Wastewater,,,,,,WWCON,,INUS,Otaki,,
1772251.858,5473147.9165,13016909,KWWN006736,Wastewater,,,,,,WWCE,,INUS,Waikanae,,
1771257.6,5475299.4855,13016910,KWWN006412,Wastewater,,,,,,WWVA,,INUS,Waikanae,20121212092621,2012
1767463.731,5472032.8395,13016911,KWWN006072,Wastewater,1.94,2.3,0.62,2.56,2.92,WWMH,,INUS,Paraparaumu,20100428163057,2007
1768159.3,5470525.0805,13016912,KWWN006476,Wastewater,4.37,4.72,1.66,6.03,6.38,WWMH,,INUS,Paraparaumu,20131204124504,2005
1781893.82,5485466.3835,13016913,KWWN007008,Wastewater,,,,,,WWCON,,INUS,Otaki,,
1769241.672,5472517.6605,13016914,KWWN006097,Wastewater,2.64,3,0.94,3.58,3.94,WWMH,,INUS,Paraparaumu,20101109155754,2008
1778697.829,5487507.6255,13016915,KWWN006795,Wastewater,,,,,,WWWW,,INUS,Otaki,,1979
1769913.339,5470755.4715,13016916,KWWN006662,Wastewater,,,,,,WWCE,,INUS,Paraparaumu,,
1774402.34,5473716.8005,13016917,KWWN007491,Wastewater,20.74,21.09,1.21,21.95,22.3,WWMH,,INUS,Waikanae,A10,2013
1780190.125,5486021.6605,13016918,KWWN006934,Wastewater,,,,,,WWCON,,INUS,Otaki,,
1769800.985,5470147.8155,13016919,KWWN006114,Wastewater,6.88,7.23,1.24,8.12,8.47,WWMH,,INUS,Paraparaumu,20101216085526,2009
1767088.624,5469442.0785,13016920,KWWN006054,Wastewater,3.6,3.95,1.55,5.14,5.5,WWMH,,INUS,Paraparaumu,20100423112159,2008
1769881.292,5470770.6165,13016921,KWWN006742,Wastewater,,,,,,WWCE,,INUS,Paraparaumu,,
1768061.887,5470966.1745,13016922,KWWN006357,Wastewater,,,,,,WWCON,,INUS,Paraparaumu,20120727154541,
1782054.967,5485763.6535,13016923,KWWN006984,Wastewater,,,,,,WWCON,,INUS,Otaki,,
1782532.577,5485296.7745,13016924,KWWN006991,Wastewater,,,,,,WWCON,,INUS,Otaki,,
1783060.397,5485615.9045,13016925,KWWN006423,Wastewater,,,,,,WWMH,,PRV,Otaki,20130211111259,2006
1778772.55,5486111.7005,13016926,KWWN006839,Wastewater,,,,,,WWCON,,INUS,Otaki,,
1768774.213,5468492.5505,13016927,KWWN006172,Wastewater,,,,,,WWMH,,PRV,Paraparaumu,20110411105614,2008
1779019.075,5488622.7655,13016928,KWWN006782,Wastewater,,,,,,WWCON,,INUS,Otaki,,
1768078.36,5468267.4475,13016929,KWWN006499,Wastewater,4.88,5.23,1.6,6.48,6.83,WWMH,,INUS,Paraparaumu,20140515104124,2013
1769973.523,5470134.0435,13016930,KWWN006901,Wastewater,7.28,7.63,1.3,8.58,8.93,WWMH,,PRV,Paraparaumu,,2014
1778695.541,5487508.5715,13016931,KWWN006802,Wastewater,,,,,,WWCON,,INUS,Otaki,,
1774651.956,5473253.8245,13016932,KWWN006770,Wastewater,,,,,,WWCE,,INUS,Waikanae,,
1770187.485,5470302.1325,13016933,KWWN006246,Wastewater,,,,9.48,9.84,WWMH,,INUS,Paraparaumu,20120120115330,2008
1779358.981,5488423.2325,13016934,KWWN006509,Wastewater,,,,,,WWCON,,INUS,Otaki,OSP00023,
1769103.674,5467429.1115,13016935,KWWN006572,Wastewater,,,,,,WWCE,,PRV,Paraparaumu,,
1769903.547,5470722.0865,13016936,KWWN006291,Wastewater,,,,,,WWFM,,INUS,Paraparaumu,20120427120037,
1769212.537,5470969.9985,13016937,KWWN006430,Wastewater,,,,,,WWMH,,INUS,Paraparaumu,20130214164059,2005
1767943.303,5469924.9135,13016938,KWWN007513,Wastewater,2.36,2.71,3.61,5.97,6.32,WWMH,,PRV,Paraparaumu,A5-A,2013
1769821.59,5473050.2905,13016939,KWWN006859,Wastewater,,,,,,WWCON,,INUS,Waikanae,,2002
1782847.038,5485770.9025,13016940,KWWN006270,Wastewater,32.68,33.06,0.77,33.45,33.83,WWMH,,INUS,Otaki,20120424103954,2000
1767069.056,5469411.6415,13016941,KWWN006052,Wastewater,4.16,4.52,1.32,5.48,5.84,WWMH,,INUS,Paraparaumu,20100423112122,2008
1768198.479,5467780.8845,13016942,KWWN006242,Wastewater,,,,,,WWMH,,PRV,Paraparaumu,2011120811435,
1767137.377,5469318.8305,13016943,KWWN006063,Wastewater,5.52,5.87,1.37,6.88,7.24,WWMH,,INUS,Paraparaumu,20100423112919,2008
1778034.064,5486779.1945,13016944,KWWN006420,Wastewater,,,1.7,,,WWMH,,INUS,Otaki,20130107102921,
1769880.42,5470755.5265,13016945,KWWN006300,Wastewater,,,,,,WWVA,,INUS,Paraparaumu,20120427134446,
1768911.036,5470921.8445,13016946,KWWN006400,Wastewater,,,,,,WWCON,,INUS,Paraparaumu,,2012
1769955.561,5470130.0965,13016947,KWWN006892,Wastewater,7.06,7.41,1.52,8.58,8.93,WWMH,,PRV,Paraparaumu,,2014
1768900.687,5471990.8285,13016948,KWWN006337,Wastewater,2.16,2.51,1.27,3.43,3.78,WWMH,,INUS,Paraparaumu,20120608155630,2006
1768623.714,5471133.0795,13016949,KWWN006083,Wastewater,3.08,3.43,1.32,4.4,4.75,WWMH,,INUS,Paraparaumu,20100601111040,2006
1768529.924,5471990.6705,13016950,KWWN006590,Wastewater,,,,,,WWCE,,INUS,Paraparaumu,,
1770396.733,5473973.6835,13016951,KWWN007082,Wastewater,,,,,,WWCON,,INUS,Waikanae,,
1778406.452,5486447.5735,13016952,KWWN006822,Wastewater,,,,,,WWCON,,INUS,Otaki,,
1769222.167,5470505.3605,13016953,KWWN006361,Wastewater,11.64,11.99,0.63,12.27,12.62,WWMH,,INUS,Paraparaumu,20120808165236,1999
1774573.082,5473066.4615,13016954,KWWN006632,Wastewater,,,,,,WWCE,,INUS,Waikanae,,
1780501.411,5485740.5855,13016955,KWWN006947,Wastewater,6.64,7.01,1.48,8.12,8.49,WWMH,,INUS,Otaki,,2014
1771031.622,5474835.7745,13016956,KWWN007068,Wastewater,,,,,,WWCON,,INUS,Waikanae,,
1769163.0,5471470.8855,13016957,KWWN006091,Wastewater,4.29,4.64,1.52,5.81,6.16,WWMH,,INUS,Paraparaumu,20100922115207,2010
1774543.583,5473865.0245,13016958,KWWN006258,Wastewater,16.7,17.05,2.2,18.9,19.25,WWMH,,INUS,Waikanae,20120411084525,2012
1769625.691,5470500.2685,13016959,KWWN006544,Wastewater,,,,,,WWCE,,INUS,Paraparaumu,,
1769059.046,5472741.0835,13016960,KWWN006100,Wastewater,0.34,0.7,3.52,3.86,4.22,WWMH,,INUS,Paraparaumu,20101109162656,2008
1768981.431,5469239.5775,13016961,KWWN006633,Wastewater,,,,,,WWCE,,PRV,Paraparaumu,,
1769843.248,5470697.0035,13016962,KWWN006641,Wastewater,,,,,,WWCE,,INUS,Paraparaumu,,
1771589.918,5473237.7975,13016963,KWWN006322,Wastewater,4.52,4.88,0.95,5.47,5.83,WWMH,,INUS,Waikanae,20120517114459,2011
1768066.508,5469826.7475,13016964,KWWN007516,Wastewater,3.64,3.99,2.68,6.32,6.67,WWMH,,PRV,Paraparaumu,A7,2013
1769881.13,5470771.1745,13016965,KWWN006311,Wastewater,,,,,,WWWW,,INUS,Paraparaumu,20120427140713,
1781743.45,5486170.8505,13016966,KWWN006077,Wastewater,,,,,,WWMH,,INUS,Otaki,20100524112859,1980
1771107.451,5474806.8315,13016967,KWWN006442,Wastewater,1.86,2.22,1.58,3.44,3.8,WWMH,,PRV,Waikanae,20130408094035,2012
1774585.951,5473835.2155,13016968,KWWN006771,Wastewater,17.57,17.92,1.53,19.1,19.45,WWMH,,INUS,Waikanae,,2013
1766889.093,5469625.5405,13016969,KWWN006075,Wastewater,3.33,3.69,1.36,4.7,5.05,WWMH,,PRV,Paraparaumu,20100429113559,2009
1770010.991,5470086.2785,13016970,KWWN006903,Wastewater,7.55,7.9,0.96,8.51,8.86,WWMH,,PRV,Paraparaumu,,2014
1770644.557,5474707.1235,13016971,KWWN006706,Wastewater,,,,,,WWCE,,INUS,Waikanae,,
1768044.847,5470955.5105,13016972,KWWN006358,Wastewater,2.39,2.74,1.44,3.83,4.18,WWMH,,INUS,Paraparaumu,20120727155450,2010
1766907.915,5467690.4215,13016973,KWWN006629,Wastewater,,,,,,WWCON,,INUS,Paraparaumu,,2008
1768915.859,5472958.7575,13016974,KWWN006453,Wastewater,1.48,1.84,3.62,5.1,5.46,WWMH,,INUS,Paraparaumu,20130712152547,2010
1774655.728,5473959.3775,13016975,KWWN006364,Wastewater,16.07,16.42,1.17,17.24,17.59,WWMH,,INUS,Waikanae,20120920115607,2012
1780890.644,5486486.4935,13016976,KWWN006960,Wastewater,,,,,,WWCON,,INUS,Otaki,,
1767820.381,5470118.9015,13016977,KWWN007495,Wastewater,,,,,,WWMH,,PRV,Paraparaumu,C5,2013
1769893.421,5470795.1695,13016978,KWWN006754,Wastewater,,,,,,WWCE,,INUS,Paraparaumu,,
1769818.05,5469771.1065,13016979,KWWN006319,Wastewater,17.55,17.9,-0.77,16.78,17.13,WWMH,,INUS,Paraparaumu,20120514162240,2005
1766909.708,5467725.1345,13016980,KWWN006185,Wastewater,2.83,3.19,1.86,4.7,5.05,WWMH,,INUS,Paraparaumu,20110502145030,2008
1769341.675,5470827.0455,13016981,KWWN006372,Wastewater,,,,,,WWVA,,INUS,Paraparaumu,20121101155736,2012
1769866.213,5470726.7855,13016982,KWWN006655,Wastewater,,,,,,WWCE,,INUS,Paraparaumu,,
1771256.484,5475303.7715,13016983,KWWN007063,Wastewater,,,,,,WWCON,,INUS,Waikanae,,
1782402.86,5485559.3655,13016984,KWWN006711,Wastewater,,,,,,WWCE,,INUS,Otaki,,
1779358.981,5488423.9245,13016985,KWWN006919,Wastewater,,,,,,WWCON,,INUS,Otaki,,
1780720.586,5486697.7085,13016986,KWWN006950,Wastewater,,,,,,WWCON,,INUS,Otaki,,
1780432.604,5485448.3635,13016987,KWWN006464,Wastewater,,,,,,WWCON,,INUS,Otaki,20131015162009,
1768068.006,5470541.4455,13016988,KWWN006481,Wastewater,5.44,5.79,0.87,6.31,6.66,WWMH,,INUS,Paraparaumu,20131204124835,2005
1769875.78,5470715.0485,13016989,KWWN006653,Wastewater,,,,,,WWCE,,INUS,Paraparaumu,,
1767105.329,5469231.4285,13016990,KWWN006084,Wastewater,3.4,3.75,0.91,4.3,4.66,WWCON,,INUS,Paraparaumu,20100709120310,2010
1766934.87,5471439.8605,13016991,KWWN006879,Wastewater,,,,,,WWCON,,INUS,Paraparaumu,,
1768942.339,5472997.8625,13016992,KWWN006457,Wastewater,2.04,2.4,1.22,3.26,3.62,WWMH,,INUS,Paraparaumu,20130712152619,2010
1769918.893,5470028.3305,13016993,KWWN006912,Wastewater,6.93,7.28,1.76,8.69,9.04,WWMH,,PRV,Paraparaumu,,2014
1780739.841,5487179.4005,13016994,KWWN007019,Wastewater,,,,,,WWWW,,INUS,Otaki,,
1771030.13,5474837.1845,13016995,KWWN006414,Wastewater,,,,,,WWVA,,INUS,Waikanae,20121212101816,2012
1778697.018,5487508.3975,13016996,KWWN006798,Wastewater,,,,,,WWCON,,INUS,Otaki,,
1770588.291,5474288.5605,13016997,KWWN006729,Wastewater,,,,,,WWCE,,INUS,Waikanae,,
1767044.448,5469212.1175,13016998,KWWN006550,Wastewater,,,,,,WWCE,,INUS,Paraparaumu,,
1771256.106,5475302.5595,13016999,KWWN006772,Wastewater,,,,,,WWCE,,INUS,Waikanae,,
1769920.4,5470719.4195,13017000,KWWN006654,Wastewater,,,,,,WWCE,,INUS,Paraparaumu,,
1780312.455,5485960.0105,13017001,KWWN006505,Wastewater,,,,,,WWVA,,INUS,Otaki,20140530154740,
1767066.948,5469437.5705,13017002,KWWN006053,Wastewater,3.94,4.3,1.61,5.55,5.91,WWMH,,INUS,Paraparaumu,20100423112144,2008
1766933.11,5471438.9805,13017003,KWWN006874,Wastewater,,,,,,WWCON,,INUS,Paraparaumu,,
1770643.898,5474706.1805,13017004,KWWN007074,Wastewater,,,,,,WWCON,,INUS,Waikanae,,
1782531.018,5485296.8845,13017005,KWWN006994,Wastewater,,,,,,WWCON,,INUS,Otaki,,
1778928.867,5487898.0355,13017006,KWWN006606,Wastewater,,,,,,WWCON,,PRV,Otaki,,2006
1768805.522,5468644.8035,13017007,KWWN006166,Wastewater,,,,,,WWMH,,PRV,Paraparaumu,20110411105147,2008
1771767.248,5473130.1815,13017008,KWWN006495,Wastewater,,,,7.08,7.44,WWWW,,PRV,Waikanae,20140429112633,2014
1767312.956,5470792.4995,13017009,KWWN006503,Wastewater,,,1.72,,,WWMH,,INUS,Paraparaumu,20140520092818,
1770645.265,5474706.7995,13017010,KWWN006389,Wastewater,,,,,,UNK,,INUS,Waikanae,20121211131404,2012
1774598.514,5472769.3635,13017011,KWWN006559,Wastewater,,,,,,WWCE,,INUS,Waikanae,,
1780671.99,5485386.2565,13017012,KWWN006069,Wastewater,7.41,7.78,0.7,8.11,8.48,WWMH,,INUS,Otaki,20100426100701,2008
1774304.764,5473779.1255,13017013,KWWN007493,Wastewater,19.54,19.89,1.55,21.09,21.44,WWMH,,INUS,Waikanae,A9,2013
1766924.627,5467632.9025,13017014,KWWN006189,Wastewater,3.43,3.78,0.74,4.17,4.52,WWMH,,INUS,Paraparaumu,20110503162421,2008
1769872.688,5469550.7405,13017015,KWWN006584,Wastewater,,,1.12,,,WWMH,,INUS,Paraparaumu,,
1770053.726,5470139.6155,13017016,KWWN006926,Wastewater,8.93,9.28,1.26,10.19,10.54,WWMH,,INUS,Paraparaumu,,2014
1767070.128,5467641.3515,13017017,KWWN006605,Wastewater,,,,,,WWCE,,INUS,Paraparaumu,,
1778888.06,5487887.0095,13017018,KWWN006607,Wastewater,,,,,,WWCON,,PRV,Otaki,,2006
1767119.337,5467720.8315,13017019,KWWN006603,Wastewater,,,,,,WWCE,,INUS,Paraparaumu,,
1767161.259,5468361.8255,13017020,KWWN006424,Wastewater,,,,,,WWMH,,PRV,Paraparaumu,20130211143527,2007
1780649.847,5486368.6255,13017021,KWWN006579,Wastewater,,,,,,WWCE,,INUS,Otaki,,
1769821.55,5473051.3605,13017022,KWWN006861,Wastewater,,,,,,WWCON,,INUS,Waikanae,,
1774400.141,5473335.3005,13017023,KWWN007057,Wastewater,25.01,25.36,1.38,26.39,26.74,WWMH,,INUS,Waikanae,,2015
1767463.318,5468581.5495,13017024,KWWN006404,Wastewater,,,,,,WWVA,,INUS,Paraparaumu,,
1769878.26,5470732.3135,13017025,KWWN006767,Wastewater,,,,,,WWCE,,INUS,Paraparaumu,,
1768061.957,5470497.2535,13017026,KWWN006486,Wastewater,,,,,,WWWW,,PRV,Paraparaumu,20131204141025,
1768122.489,5470579.4605,13017027,KWWN006484,Wastewater,5.18,5.53,0.99,6.17,6.52,WWMH,,INUS,Paraparaumu,20131204124935,2005
1771031.834,5474835.4635,13017028,KWWN007066,Wastewater,,,,,,WWCON,,INUS,Waikanae,,
1778407.177,5486448.2595,13017029,KWWN006824,Wastewater,,,,,,WWCON,,INUS,Otaki,,
1781893.984,5485464.7945,13017030,KWWN007007,Wastewater,,,,,,WWCON,,INUS,Otaki,,
1781895.187,5485464.3005,13017031,KWWN007001,Wastewater,,,,,,WWWW,,INUS,Otaki,,
1768776.021,5468546.6275,13017032,KWWN006703,Wastewater,,,,,,WWCE,,PRV,Paraparaumu,,
1780737.66,5487179.0965,13017033,KWWN007025,Wastewater,,,,,,WWCON,,INUS,Otaki,,
1770398.078,5473974.4435,13017034,KWWN006391,Wastewater,,,,,,WWCON,,INUS,Waikanae,20121211144307,2012
1766966.014,5466837.9845,13017035,KWWN006474,Wastewater,4.64,4.99,1.1,5.74,6.09,WWMH,,PRV,Paraparaumu,20131029103317,2013
1781763.832,5485233.1825,13017036,KWWN006198,Wastewater,,,2.1,,,WWMH,,INUS,Otaki,20110513150245,
1767328.812,5471996.9305,13017037,KWWN006086,Wastewater,3.14,3.49,1.05,4.19,4.54,WWMH,,INUS,Paraparaumu,20100727150739,2010
1768725.639,5470749.3085,13017038,KWWN006610,Wastewater,,,,,,WWCON,,PRV,Paraparaumu,,
1781427.262,5486143.1875,13017039,KWWN006971,Wastewater,,,,,,WWCON,,INUS,Otaki,,
1770643.534,5474706.3025,13017040,KWWN007075,Wastewater,,,,,,WWCON,,INUS,Waikanae,,
1768746.006,5471308.2055,13017041,KWWN006444,Wastewater,1.55,1.9,3.57,5.12,5.47,WWMH,,INUS,Paraparaumu,20130419141834,2012
1774626.198,5473912.4635,13017042,KWWN006890,Wastewater,16.69,17.04,1,17.69,18.04,WWMH,,INUS,Waikanae,,2013
1780707.58,5485486.5555,13017043,KWWN006617,Wastewater,6.87,7.24,1.77,8.64,9.01,WWMH,,INUS,Otaki,,2021
1767223.36,5467628.7845,13017044,KWWN006190,Wastewater,,,,5.74,6.09,WWMH,,INUS,Paraparaumu,20110503163741,2008
1769139.779,5471992.5365,13017045,KWWN006721,Wastewater,,,,,,WWCE,,PRV,Paraparaumu,,
1769840.945,5470724.7315,13017046,KWWN006766,Wastewater,,,,,,WWCE,,INUS,Paraparaumu,,
1780729.086,5485302.5925,13017047,KWWN006067,Wastewater,,,,,,WWMH,,INUS,Otaki,20100426100244,2008
1769095.038,5471436.9465,13017048,KWWN006093,Wastewater,3.47,3.82,1.27,4.74,5.09,WWMH,,INUS,Paraparaumu,20100922115438,2010
1769866.875,5470714.0905,13017049,KWWN006650,Wastewater,,,,,,WWCE,,INUS,Paraparaumu,,
1770135.745,5473733.4365,13017050,KWWN007087,Wastewater,,,,,,WWCON,,INUS,Waikanae,,
1769850.787,5470777.3075,13017051,KWWN006274,Wastewater,,,,,,WWMH,,INUS,Paraparaumu,20120427114502,
1783166.371,5485576.0615,13017052,KWWN007593,Wastewater,37.84,38.22,1.66,39.5,39.88,WWMH,,INUS,Otaki,A6,2016
1783251.682,5485553.0875,13017053,KWWN007646,Wastewater,39.74,40.12,1.2,40.94,41.32,WWMH,,INUS,Otaki,,2017
1768134.813,5471295.5995,13017054,KWWN007267,Wastewater,,,,,,WWCON,,INUS,Paraparaumu,,
1775347.271,5473752.4985,13017055,KWWN008970,Wastewater,102.73,103.08,2.71,105.44,105.79,WWMH,,INUS,Waikanae,A3-5,2019
1768798.824,5471088.2895,13017056,KWWN008067,Wastewater,,,,,,WWBE,,INUS,Paraparaumu,,2016
1768658.014,5471089.5605,13017057,KWWN008099,Wastewater,,,,,,WWBE,,INUS,Paraparaumu,,2016
1768771.655,5471090.6325,13017058,KWWN008072,Wastewater,,,,,,WWBE,,INUS,Paraparaumu,,2016
1774301.958,5474452.1045,13017059,KWWN009057,Wastewater,,,,,,WWCE,,PRV,Waikanae,,2019
1769244.469,5467062.0395,13017060,KWWN008703,Wastewater,,,,,,WWMH,,PRV,Paraparaumu,,1992
1769589.93,5472726.6255,13017061,KWWN007122,Wastewater,,,,,,WWCON,,INUS,Paraparaumu,,
1768739.282,5471062.5995,13017062,KWWN008077,Wastewater,,,,,,WWBE,,INUS,Paraparaumu,,2016
1769102.172,5470715.6415,13017063,KWWN007309,Wastewater,,,,,,WWCON,,INUS,Paraparaumu,,
1767162.848,5469178.1065,13017064,KWWN007398,Wastewater,,,,,,WWCON,,INUS,Paraparaumu,,
1768762.311,5471060.4045,13017065,KWWN008076,Wastewater,,,,,,WWBE,,INUS,Paraparaumu,,2016
1768756.359,5468658.9995,13017066,KWWN009601,Wastewater,,,,,,WWMH,,PRV,Paraparaumu,,2021
1767071.287,5470456.2175,13017067,KWWN007230,Wastewater,,,,,,WWCON,,INUS,Paraparaumu,,
1774114.17,5474483.4705,13017068,KWWN009073,Wastewater,11.71,12.06,1.08,12.79,13.14,WWMH,,INUS,Waikanae,SSMH A3,2019
1774125.169,5473455.5995,13017069,KWWN007781,Wastewater,,,,,,WWBE,,INUS,Waikanae,,2017
1769104.247,5470714.8545,13017070,KWWN007314,Wastewater,,,,,,WWCON,,INUS,Paraparaumu,,
1768497.908,5469778.1635,13017071,KWWN007775,Wastewater,,,,,,WWMH,,INUS,Paraparaumu,,2017
1780939.405,5486775.2945,13017072,KWWN007746,Wastewater,4.23,4.6,2.91,7.14,7.51,WWMH,,INUS,Otaki,,2008
1768874.476,5469599.1905,13017073,KWWN008108,Wastewater,,,,,,WWWW,,PRV,Paraparaumu,,2017
1771009.314,5474110.1405,13017074,KWWN007580,Wastewater,,,,,,WWVA,,INUS,Waikanae,,2014
1771018.237,5474111.3035,13017075,KWWN007584,Wastewater,,,,,,WWVA,,INUS,Waikanae,,2014
1777904.63,5486403.0445,13017076,KWWN008782,Wastewater,2.13,2.5,0.9,3.03,3.4,WWMH,,INUS,Otaki,,2019
1768249.643,5470546.5485,13017077,KWWN007325,Wastewater,,,,,,WWCON,,INUS,Paraparaumu,,
1769632.772,5472472.9275,13017078,KWWN007825,Wastewater,,,,,,WWWW,,PRV,Paraparaumu,,
1768703.136,5471072.4885,13017079,KWWN008094,Wastewater,,,,,,WWBE,,INUS,Paraparaumu,,2016
1780957.475,5486890.6505,13017080,KWWN007739,Wastewater,4.93,5.3,1.2,6.13,6.5,WWCE,,INUS,Otaki,,2017
1771462.449,5474035.9225,13017081,KWWN007848,Wastewater,,,,,,WWBE,,PRV,Waikanae,,2017
1768639.206,5470499.7425,13017082,KWWN007333,Wastewater,,,,,,WWCON,,INUS,Paraparaumu,,
1770004.942,5471461.4405,13017083,KWWN007194,Wastewater,,,,,,WWCON,,INUS,Paraparaumu,,
1779963.877,5486398.6075,13017084,KWWN008667,Wastewater,,,,,,WWCON,,INUS,Otaki,,
1768693.161,5471274.3525,13017085,KWWN007287,Wastewater,,,,,,WWCON,,INUS,Paraparaumu,,
1768788.922,5471102.5855,13017086,KWWN008068,Wastewater,,,,,,WWBE,,INUS,Paraparaumu,,2016
1766614.663,5466897.8255,13017087,KWWN008110,Wastewater,,,,,,WWWW,,PRV,Paraparaumu,,2017
1771414.724,5474964.2445,13017088,KWWN007809,Wastewater,,,,,,WWCON,,INUS,Waikanae,,2017
1772880.414,5473532.0815,13017089,KWWN009321,Wastewater,,,,,,WWCE,,INUS,Waikanae,,2020
1774676.694,5473766.4655,13017090,KWWN009196,Wastewater,21.46,21.81,1.8,23.26,23.61,WWMH,,INUS,Waikanae,SSMHA8,2020
1782943.175,5485719.9825,13017091,KWWN009989,Wastewater,,,,,,WWCE,,PRV,Otaki,,2018
1768861.152,5469620.1475,13017092,KWWN008107,Wastewater,,,,,,WWMH,,INUS,Paraparaumu,,2017
1768661.269,5471899.8315,13017093,KWWN007152,Wastewater,,,,,,WWCON,,INUS,Paraparaumu,,
1769266.048,5468481.1405,13017094,KWWN007614,Wastewater,26.85,27.2,1.24,28.09,28.44,WWMH,,INUS,Paraparaumu,,2016
1768135.426,5471295.5995,13017095,KWWN007268,Wastewater,,,,,,WWCON,,INUS,Paraparaumu,,
1769841.08,5469851.0035,13017096,KWWN009511,Wastewater,10.15,10.5,2.04,12.19,12.54,WWMH,,INUS,Paraparaumu,,2020
1768150.323,5470320.8745,13017097,KWWN007377,Wastewater,,,,,,WWCON,,INUS,Paraparaumu,,
1769194.757,5467257.2245,13017098,KWWN008701,Wastewater,,,,,,WWMH,,PRV,Paraparaumu,,1992
1772461.66,5475937.1075,13017099,KWWN007045,Wastewater,,,,,,WWCON,,INUS,Waikanae,,2001
1774779.635,5473574.2975,13017100,KWWN009468,Wastewater,37.93,38.28,0.59,38.52,38.87,WWMH,,PRV,Waikanae,,2020
1766401.587,5465798.3115,13017101,KWWN010027,Wastewater,,,,,,WWCON,,INUS,Paraparaumu,,
1766870.293,5470817.1945,13017102,KWWN009095,Wastewater,,,,,,WWWW,,PRV,Paraparaumu,,2020
1769588.449,5472727.0025,13017103,KWWN007125,Wastewater,,,,,,WWCON,,INUS,Paraparaumu,,
1775237.355,5473606.1985,13017104,KWWN008978,Wastewater,86.68,87.03,1.3,87.98,88.33,WWMH,,INUS,Waikanae,C3-3,2019
1769851.352,5470624.2655,13017105,KWWN007370,Wastewater,,,,,,WWCON,,INUS,Paraparaumu,,
1783062.45,5485659.2215,13017106,KWWN009508,Wastewater,37.74,38.12,0.71,38.45,38.83,WWMH,,PRV,Otaki,,2020
1783400.103,5485656.0405,13017107,KWWN008643,Wastewater,43.48,43.86,0.9,44.38,44.76,WWMH,,INUS,Otaki,SSMH2,2019
1768066.077,5470868.0255,13017108,KWWN007299,Wastewater,,,,,,WWCON,,INUS,Paraparaumu,,
1775268.643,5473829.9195,13017109,KWWN008965,Wastewater,82.18,82.53,1.62,83.8,84.15,WWMH,,INUS,Waikanae,B1-1A,2019
1770358.34,5471422.6105,13017110,KWWN008155,Wastewater,,,,,,WWVA,,STANDBY,Paraparaumu,AV02,2017
1768662.381,5471900.4745,13017111,KWWN007153,Wastewater,,,,,,WWCON,,INUS,Paraparaumu,,
1774196.069,5474080.6685,13017112,KWWN007527,Wastewater,15.28,15.63,1.75,17.03,17.38,WWMH,,INUS,Waikanae,A3,2013
1768881.825,5471296.1515,13017113,KWWN007568,Wastewater,,,,,,WWMH,,INUS,Paraparaumu,,2012
1766709.637,5469467.3145,13017114,KWWN007390,Wastewater,,,,,,WWCON,,INUS,Paraparaumu,,
1769074.162,5468672.8325,13017115,KWWN008786,Wastewater,8.65,9,2.83,11.48,11.83,WWMH,,INUS,Paraparaumu,,1976
1769074.352,5471090.6605,13017116,KWWN007834,Wastewater,,,,,,WWCON,,INUS,Paraparaumu,,1994
1772462.279,5475938.8535,13017117,KWWN007465,Wastewater,,,,,,WWCON,,INUS,Waikanae,,2001
1766789.808,5467349.7805,13017118,KWWN007350,Wastewater,,,,,,WWCON,,INUS,Paraparaumu,,
1774256.58,5474356.6805,13017119,KWWN009062,Wastewater,18.87,19.22,2.74,21.61,21.96,WWMH,,INUS,Waikanae,SSMH A7,2019
1774226.678,5474031.0155,13017120,KWWN007981,Wastewater,16.25,16.6,1.43,17.68,18.03,WWMH,,INUS,Waikanae,SSMH-A5,2017
1770027.499,5470061.4995,13017121,KWWN008844,Wastewater,7.81,8.16,1.04,8.85,9.2,WWMH,,PRV,Paraparaumu,,2016
1770119.487,5474200.2625,13017122,KWWN009416,Wastewater,,,1.45,,,WWMH,,INUS,Waikanae,,2020
1766844.4,5468195.1405,13017123,KWWN009537,Wastewater,3.33,3.68,0.82,4.15,4.5,WWMH,,INUS,Paraparaumu,SSMH2,2020
1768786.514,5471077.8165,13017124,KWWN008071,Wastewater,,,,,,WWBE,,INUS,Paraparaumu,,2016
1771008.113,5474111.3295,13017125,KWWN007578,Wastewater,,,,,,WWCON,,INUS,Waikanae,,2014
1766788.815,5470982.7955,13017126,KWWN007261,Wastewater,,,,,,WWCON,,INUS,Paraparaumu,,
1774304.294,5473151.4515,13017127,KWWN008049,Wastewater,,,,,,WWCE,,INUS,Waikanae,,2017
1766930.835,5471353.7795,13017128,KWWN008691,Wastewater,,,,,,WWMH,,PRV,Paraparaumu,,2000
1766542.078,5467933.3235,13017129,KWWN007619,Wastewater,,,,,,WWMH,,INUS,Paraparaumu,,2016
1768816.92,5468413.0275,13017130,KWWN008795,Wastewater,,,,,,WWCE,,PRV,Paraparaumu,,2019
1772464.999,5475941.4945,13017131,KWWN007447,Wastewater,,,,,,WWCON,,INUS,Waikanae,,2001
1766849.058,5469096.7385,13017132,KWWN007400,Wastewater,,,,,,WWCON,,INUS,Paraparaumu,,
1769035.731,5468582.4715,13017133,KWWN009954,Wastewater,,,1.89,,,WWMH,,INUS,Paraparaumu,,
1768593.488,5470006.6685,13017134,KWWN007852,Wastewater,,,,,,WWMH,,INUS,Paraparaumu,,2017
1766600.305,5470443.9565,13017135,KWWN007222,Wastewater,,,,,,WWCON,,INUS,Paraparaumu,,
1768638.972,5470500.9305,13017136,KWWN007329,Wastewater,,,,,,WWCON,,INUS,Paraparaumu,,
1770033.16,5470419.7415,13017137,KWWN009339,Wastewater,,,,,,WWMH,,INUS,Paraparaumu,,2005
1767180.001,5468699.8185,13017138,KWWN007413,Wastewater,,,,,,WWCON,,INUS,Paraparaumu,,
1768633.936,5470499.3105,13017139,KWWN008370,Wastewater,,,,,,WWCON,,INUS,Paraparaumu,,2018
1770861.063,5472975.4765,13017140,KWWN008127,Wastewater,,,,,,WWCON,,STANDBY,Waikanae,,2016
1768863.015,5469240.7415,13017141,KWWN008520,Wastewater,,,,,,WWMH,,INUS,Paraparaumu,,1977
1774482.211,5474091.0655,13017142,KWWN008348,Wastewater,14.33,14.68,2.48,16.81,17.16,WWMH,,INUS,Waikanae,SSMH G1,2017
1772471.095,5475945.8935,13017143,KWWN007450,Wastewater,,,,,,WWCON,,INUS,Waikanae,,2001
1766622.803,5469965.2085,13017144,KWWN009164,Wastewater,,,,,,WWCE,,INUS,Paraparaumu,,2020
1767397.949,5468728.3775,13017145,KWWN007416,Wastewater,,,,,,WWCON,,INUS,Paraparaumu,,
1769710.176,5470791.9205,13017146,KWWN008279,Wastewater,,,,,,WWBE,,INUS,Paraparaumu,,
1769819.698,5469873.7775,13017147,KWWN009514,Wastewater,,,,,,WWCE,,PRV,Paraparaumu,,2020
1768794.28,5469591.8695,13017148,KWWN009293,Wastewater,,,,,,WWCE,,INUS,Paraparaumu,LHCE1,1977
1769261.089,5470563.0355,13017149,KWWN009487,Wastewater,,,,,,WWMH,,INUS,Paraparaumu,,2006
1768169.227,5470767.9915,13017150,KWWN007302,Wastewater,,,,,,WWCON,,INUS,Paraparaumu,,2002
1771361.606,5474024.8055,13017151,KWWN007840,Wastewater,,,,,,WWCON,,INUS,Waikanae,,2017
1775295.907,5473707.0155,13017152,KWWN008998,Wastewater,,,,,,WWCE,,PRV,Waikanae,50,2019
1770359.712,5472540.4455,13017153,KWWN007831,Wastewater,,,,,,WWWW,,PRV,Paraparaumu,,
1782901.154,5485619.3375,13017154,KWWN009984,Wastewater,32.97,33.35,1.71,34.68,35.06,WWMH,,PRV,Otaki,,2018
1766791.209,5467350.2365,13017155,KWWN007353,Wastewater,,,,,,WWCON,,INUS,Paraparaumu,,
1767180.251,5472114.3675,13017156,KWWN007168,Wastewater,,,,,,WWCON,,INUS,Paraparaumu,,
1768797.57,5471324.0905,13017157,KWWN009009,Wastewater,2,2.35,2.62,4.62,4.97,WWMH,,INUS,Paraparaumu,A3,2020
1780897.97,5486919.7335,13017158,KWWN007732,Wastewater,,,,,,WWCE,,INUS,Otaki,,2017
1783239.696,5485640.9585,13017159,KWWN007588,Wastewater,39.26,39.64,2.25,41.51,41.89,WWMH,,INUS,Otaki,A2,2016
1781830.501,5485934.6575,13017160,KWWN008597,Wastewater,9,9.38,1.5,10.5,10.88,WWMH,,INUS,Otaki,,2018
1767470.191,5471845.6545,13017161,KWWN007176,Wastewater,,,,,,WWCON,,INUS,Paraparaumu,,
1772852.05,5473640.2005,13017162,KWWN009317,Wastewater,16.73,17.09,1.51,18.24,18.6,WWMH,,INUS,Waikanae,SSMH A8,2020
1769208.492,5468370.3335,13017163,KWWN007616,Wastewater,21.43,21.78,2.12,23.55,23.9,WWMH,,INUS,Paraparaumu,,2016
1771526.916,5474008.3255,13017164,KWWN007843,Wastewater,,,,,,WWCON,,INUS,Waikanae,,2017
1767015.623,5471276.8345,13017165,KWWN007688,Wastewater,,,,,,WWMH,,PRV,Paraparaumu,,2016
1766789.147,5467349.7585,13017166,KWWN007348,Wastewater,,,,,,WWCON,,INUS,Paraparaumu,,
1768660.998,5471900.2415,13017167,KWWN007149,Wastewater,,,,,,WWCON,,INUS,Paraparaumu,,
1774100.179,5473442.0695,13017168,KWWN007783,Wastewater,,,,,,WWBE,,INUS,Waikanae,,2017
1774261.658,5474086.1915,13017169,KWWN007983,Wastewater,15.64,15.99,1.37,17.01,17.36,WWMH,,INUS,Waikanae,SSMH-A3,2017
1781858.68,5486002.8205,13017170,KWWN008596,Wastewater,8.23,8.61,1.76,9.99,10.37,WWMH,,INUS,Otaki,,2018
1771020.909,5474109.5455,13017171,KWWN007583,Wastewater,,,,,,WWVA,,INUS,Waikanae,,2014
1770327.083,5471231.3385,13017172,KWWN007437,Wastewater,,,,,,WWCON,,INUS,Paraparaumu,,
1767673.489,5470792.9785,13017173,KWWN007240,Wastewater,,,,,,WWCON,,PRV,Paraparaumu,,
1768776.259,5468655.2475,13017174,KWWN009605,Wastewater,8.28,8.63,0.73,9.01,9.36,WWMH,,PRV,Paraparaumu,,2017
1767856.93,5472014.2465,13017175,KWWN007163,Wastewater,,,,,,WWCON,,INUS,Paraparaumu,,
1772459.674,5475938.7205,13017176,KWWN007043,Wastewater,,,,,,WWCON,,INUS,Waikanae,,2001
1774434.234,5472726.2025,13017177,KWWN007106,Wastewater,,,,,,WWCE,,INUS,Waikanae,,
1772463.66,5475940.1505,13017178,KWWN007446,Wastewater,,,,,,WWCON,,INUS,Waikanae,,2001
1768896.816,5472750.8125,13017179,KWWN007133,Wastewater,,,,,,WWCON,,INUS,Paraparaumu,,1996
1768169.022,5470768.5475,13017180,KWWN007301,Wastewater,,,,,,WWCON,,INUS,Paraparaumu,,2002
1769433.594,5467960.8525,13017181,KWWN008665,Wastewater,36.93,37.28,0.8,37.73,38.08,WWCE,,INUS,Paraparaumu,,2005
1766697.988,5466390.8905,13017182,KWWN007345,Wastewater,,,,,,WWCON,,INUS,Paraparaumu,,
1775354.069,5473846.2275,13017183,KWWN008995,Wastewater,,,,,,WWCE,,PRV,Waikanae,47,2019
1766585.243,5469214.6655,13017184,KWWN007391,Wastewater,,,,,,WWCON,,INUS,Paraparaumu,,
1766553.967,5469578.2885,13017185,KWWN007387,Wastewater,,,,,,WWCON,,INUS,Paraparaumu,,
1769244.4,5469731.1895,13017186,KWWN009630,Wastewater,6.54,6.89,1.08,7.62,7.97,WWMH,,INUS,Paraparaumu,,2020
1769102.989,5470714.5235,13017187,KWWN007311,Wastewater,,,,,,WWCON,,INUS,Paraparaumu,,
1766134.057,5465579.5895,13017188,KWWN010035,Wastewater,,,,,,WWCON,,INUS,Paraparaumu,,
1768232.059,5469624.0985,13017189,KWWN007607,Wastewater,6.58,6.93,0.97,7.55,7.9,WWMH,,INUS,Paraparaumu,,2016
1769340.635,5471335.3175,13017190,KWWN007207,Wastewater,,,,,,WWCON,,INUS,Paraparaumu,,
1766273.098,5466187.2085,13017191,KWWN007336,Wastewater,,,,,,WWCON,,INUS,Paraparaumu,,
1780738.916,5487179.4895,13017192,KWWN007026,Wastewater,,,,,,WWCON,,INUS,Otaki,,
1775400.302,5473775.3055,13017193,KWWN008983,Wastewater,113.21,113.56,1.41,114.62,114.97,WWMH,,INUS,Waikanae,A4-4,2019
1767863.741,5466399.0525,13017194,KWWN007674,Wastewater,,,,,,WWCON,,INUS,Paraparaumu,,2016
1775227.397,5473634.8165,13017195,KWWN008927,Wastewater,81.3,81.65,2.29,83.59,83.94,WWMH,,INUS,Waikanae,,2019
1767005.411,5470572.1925,13017196,KWWN009279,Wastewater,3.15,3.51,1.15,4.3,4.66,WWMH,,PRV,Paraparaumu,,2019
1766698.19,5466392.8405,13017197,KWWN007339,Wastewater,,,,,,WWCON,,INUS,Paraparaumu,,
1768241.137,5469631.6525,13017198,KWWN007605,Wastewater,6.47,6.82,1.18,7.65,8,WWMH,,INUS,Paraparaumu,,2016
1766467.175,5465693.7875,13017199,KWWN010016,Wastewater,,,,,,WWCON,,INUS,Paraparaumu,,
1767398.776,5468728.1825,13017200,KWWN007415,Wastewater,,,,,,WWCON,,INUS,Paraparaumu,,
1768135.493,5471295.2105,13017201,KWWN007270,Wastewater,,,,,,WWCON,,INUS,Paraparaumu,,
1774221.15,5474512.5005,13017202,KWWN009066,Wastewater,13.44,13.79,1.86,15.3,15.65,WWMH,,INUS,Waikanae,SSMH B2,2019
1769658.98,5473857.2055,13017203,KWWN007099,Wastewater,,,,,,WWCON,,INUS,Waikanae,,
1773931.207,5472920.1155,13017204,KWWN007655,Wastewater,,,,,,WWMH,,INUS,Waikanae,,
1772051.441,5475933.6475,13017205,KWWN007048,Wastewater,,,,,,WWCON,,INUS,Waikanae,,
1783385.408,5485631.9975,13017206,KWWN008648,Wastewater,,,,,,WWBE,,INUS,Otaki,,2019
1767180.427,5472115.0605,13017207,KWWN007170,Wastewater,,,,,,WWCON,,INUS,Paraparaumu,,
1774134.766,5473233.9945,13017208,KWWN008875,Wastewater,24.65,25,2.29,26.94,27.29,WWMH,,INUS,Waikanae,,2019
1772874.345,5473443.0175,13017209,KWWN008259,Wastewater,,,,,,WWMH,,PRV,Waikanae,,
1767962.459,5466774.8445,13017210,KWWN007943,Wastewater,5.85,6.2,1.37,7.22,7.57,WWMH,,INUS,Paraparaumu,MH1,2017
1769341.443,5471335.4355,13017211,KWWN007205,Wastewater,,,,,,WWCON,,INUS,Paraparaumu,,
1773486.092,5473331.1165,13017212,KWWN009364,Wastewater,,,,21.35,21.7,WWMH,,PRV,Waikanae,,1979
1773943.383,5472818.1555,13017213,KWWN008244,Wastewater,,,,,,WWMH,,INUS,Waikanae,,
1778641.403,5487705.1065,13017214,KWWN008131,Wastewater,,,,,,WWMH,,PRV,Otaki,,1989
1768713.778,5469516.3425,13017215,KWWN009434,Wastewater,,,,,,WWCE,,INUS,Paraparaumu,,2020
1770000.245,5470000.0465,13017216,KWWN008842,Wastewater,7.47,7.82,1.25,8.72,9.07,WWMH,,PRV,Paraparaumu,,2016
1767469.679,5471845.3345,13017217,KWWN007178,Wastewater,,,,,,WWCON,,INUS,Paraparaumu,,
1774103.119,5473434.1755,13017218,KWWN007785,Wastewater,22.49,22.84,1.91,24.4,24.75,WWMH,,INUS,Waikanae,,2017
1768327.427,5471461.8615,13017219,KWWN007274,Wastewater,,,,,,WWWW,,INUS,Paraparaumu,,
1768151.114,5470320.8235,13017220,KWWN007378,Wastewater,,,,,,WWCON,,INUS,Paraparaumu,,
1769221.273,5470986.8405,13017221,KWWN007879,Wastewater,,,,,,WWMH,,INUS,Paraparaumu,,
1774284.376,5474118.8365,13017222,KWWN007984,Wastewater,15.32,15.67,1.46,16.78,17.13,WWMH,,INUS,Waikanae,SSMH-A2,2017
1769732.57,5472292.9605,13017223,KWWN009331,Wastewater,1.95,2.31,1.91,3.86,4.22,WWMH,,INUS,Paraparaumu,SSMH A1,2020
1766675.963,5470302.3625,13017224,KWWN007612,Wastewater,,,,,,WWCE,,INUS,Paraparaumu,,2016
1768596.709,5468966.7715,13017225,KWWN009469,Wastewater,,,,,,WWMH,,INUS,Paraparaumu,,2013
1768249.876,5470546.0195,13017226,KWWN007324,Wastewater,,,,,,WWCON,,INUS,Paraparaumu,,
1774721.093,5473738.9415,13017227,KWWN009195,Wastewater,24.99,25.34,2.37,27.36,27.71,WWMH,,INUS,Waikanae,SSMH A7,2020
1768694.431,5471911.8975,13017228,KWWN008480,Wastewater,1.5,1.85,1.98,3.48,3.83,WWMH,,INUS,Paraparaumu,,1988
1767673.038,5470791.8125,13017229,KWWN007235,Wastewater,,,,,,WWCON,,PRV,Paraparaumu,,
1774123.949,5473460.0725,13017230,KWWN007780,Wastewater,22.09,22.44,2,24.09,24.44,WWMH,,INUS,Waikanae,,2017
1780644.153,5486701.2065,13017231,KWWN007622,Wastewater,,,,,,WWVA,,INUS,Otaki,,
1781401.146,5485629.7235,13017232,KWWN009482,Wastewater,9.83,10.21,1.29,11.12,11.5,WWMH,,INUS,Otaki,,2019
1767673.238,5470793.2985,13017233,KWWN007241,Wastewater,,,,,,WWCON,,PRV,Paraparaumu,,
1767817.71,5466489.8405,13017234,KWWN009285,Wastewater,,,,,,WWCE,,INUS,Paraparaumu,,2020
1767525.816,5470940.4675,13017235,KWWN007247,Wastewater,,,,,,WWCON,,INUS,Paraparaumu,,
1775246.928,5473774.6135,13017236,KWWN008974,Wastewater,82.76,83.11,2.85,85.61,85.96,WWMH,,INUS,Waikanae,B1-1,2019
1768848.226,5471132.9845,13017237,KWWN007355,Wastewater,3.47,3.82,1.11,4.58,4.93,WWMH,,INUS,Paraparaumu,,2014
1768065.747,5470868.2835,13017238,KWWN007295,Wastewater,,,,,,WWCON,,INUS,Paraparaumu,,
1774168.761,5474036.1265,13017239,KWWN007526,Wastewater,15.77,16.12,1.78,17.55,17.9,WWMH,,INUS,Waikanae,A4,2013
1768650.943,5471101.7245,13017240,KWWN008096,Wastewater,,,,,,WWBE,,INUS,Paraparaumu,,2016
1774598.645,5473351.8105,13017241,KWWN008119,Wastewater,,,,,,WWCE,,INUS,Waikanae,,2017
1769557.02,5472242.4405,13017242,KWWN009334,Wastewater,3.57,3.93,0.98,4.55,4.91,WWMH,,INUS,Paraparaumu,SSMH A4,2020
1769057.719,5471183.9355,13017243,KWWN007361,Wastewater,,,1.35,,,WWMH,,INUS,Paraparaumu,,
1769818.981,5469870.5605,13017244,KWWN009515,Wastewater,,,,,,WWCE,,PRV,Paraparaumu,,2020
1767756.091,5470230.2375,13017245,KWWN008510,Wastewater,5.77,6.12,0.79,6.56,6.91,WWMH,,PRV,Paraparaumu,C9,2019
1769035.4,5471483.3025,13017246,KWWN007216,Wastewater,,,,,,WWCON,,INUS,Paraparaumu,,1995
1778836.322,5487655.7245,13017247,KWWN007611,Wastewater,,,,,,WWCON,,INUS,Otaki,,2016
1769060.022,5468291.5465,13017248,KWWN007533,Wastewater,,,,,,WWBE,,INUS,Paraparaumu,,2015
1768857.723,5469313.4785,13017249,KWWN007425,Wastewater,,,,,,WWCON,,INUS,Paraparaumu,,
1769162.797,5467345.1315,13017250,KWWN008698,Wastewater,40.05,40.4,1.1,41.15,41.5,WWMH,,PRV,Paraparaumu,,1988
1779755.531,5486246.5075,13017251,KWWN008470,Wastewater,3.78,4.15,1.58,5.36,5.73,WWMH,,INUS,Otaki,MH3,2016
1767524.671,5470940.7655,13017252,KWWN007245,Wastewater,,,,,,WWCON,,INUS,Paraparaumu,,
1767857.475,5472014.2975,13017253,KWWN007165,Wastewater,,,,,,WWCON,,INUS,Paraparaumu,,
1779734.017,5486297.4315,13017254,KWWN008469,Wastewater,3.43,3.8,1.46,4.89,5.26,WWMH,,INUS,Otaki,MH2,2016
1766867.673,5470836.5815,13017255,KWWN009096,Wastewater,,,,,,WWCON,,PRV,Paraparaumu,,2020
1766311.502,5466603.8795,13017256,KWWN008911,Wastewater,,,0.65,,,WWMH,,INUS,Paraparaumu,,2005
1768172.564,5471993.8075,13017257,KWWN008818,Wastewater,,,,,,WWMH,,INUS,Paraparaumu,,
1766574.751,5466882.0155,13017258,KWWN008112,Wastewater,,,,5.48,5.83,WWMH,,PRV,Paraparaumu,,2017
1769477.862,5467982.4375,13017259,KWWN008746,Wastewater,35.01,35.36,1,36.01,36.36,WWMH,,INUS,Paraparaumu,,1985
1770070.688,5472760.8735,13017260,KWWN007116,Wastewater,,,,,,WWCON,,INUS,Paraparaumu,,
1768690.473,5471276.7145,13017261,KWWN007293,Wastewater,,,,,,WWCON,,INUS,Paraparaumu,,
1770330.045,5473205.3265,13017262,KWWN007032,Wastewater,,,,,,WWCON,,INUS,Waikanae,,
1766936.649,5471389.0145,13017263,KWWN008694,Wastewater,,,,,,WWMH,,PRV,Paraparaumu,,2000
1768177.34,5472621.3205,13017264,KWWN007137,Wastewater,,,,,,WWCON,,INUS,Paraparaumu,,
1768899.597,5471271.9505,13017265,KWWN007567,Wastewater,,,,,,WWMH,,INUS,Paraparaumu,,2012
1768717.583,5469519.2425,13017266,KWWN009433,Wastewater,,,,,,WWCE,,INUS,Paraparaumu,,2020
1769258.592,5469711.3555,13017267,KWWN009629,Wastewater,6.3,6.65,1.34,7.64,7.99,WWMH,,INUS,Paraparaumu,,2020
1768789.244,5468668.4085,13017268,KWWN009604,Wastewater,,,,,,WWMH,,PRV,Paraparaumu,,2017
1778777.335,5486239.2005,13017269,KWWN009560,Wastewater,2.21,2.58,0.87,3.08,3.45,WWMH,,INUS,Otaki,,2021
1767975.753,5466601.8745,13017270,KWWN007946,Wastewater,6.35,6.7,0.85,7.2,7.55,WWMH,,INUS,Paraparaumu,MH4,2017
1769658.487,5473856.1565,13017271,KWWN007091,Wastewater,,,,,,WWCON,,INUS,Waikanae,,
1767279.282,5471109.9315,13017272,KWWN007254,Wastewater,,,,,,WWCON,,INUS,Paraparaumu,,
1768855.872,5469313.4145,13017273,KWWN007426,Wastewater,,,,,,WWCON,,INUS,Paraparaumu,,
1770541.9,5473621.4505,13017274,KWWN009277,Wastewater,,,,,,WWCE,,INUS,Waikanae,,2020
1770327.918,5471230.6925,13017275,KWWN007636,Wastewater,,,,,,WWCON,,INUS,Paraparaumu,,
1766790.99,5467350.5015,13017276,KWWN007352,Wastewater,,,,,,WWCON,,INUS,Paraparaumu,,
1768729.92,5468678.5065,13017277,KWWN008582,Wastewater,7.55,7.9,,,,WWMH,,INUS,Paraparaumu,,2012
1768176.098,5472620.8745,13017278,KWWN007141,Wastewater,,,,,,WWCON,,INUS,Paraparaumu,,
1767016.605,5468314.4945,13017279,KWWN007410,Wastewater,,,,,,WWCON,,INUS,Paraparaumu,,
1768891.23,5471352.4805,13017280,KWWN009011,Wastewater,2.91,3.26,1.77,4.68,5.03,WWMH,,INUS,Paraparaumu,A5,2020
1769969.457,5470971.5055,13017281,KWWN008271,Wastewater,4.99,5.34,,,,WWCON,,INUS,Paraparaumu,43ELSY-4,2014
1772458.525,5475937.3225,13017282,KWWN007042,Wastewater,,,,,,WWCON,,INUS,Waikanae,,2001
1767179.684,5472115.3245,13017283,KWWN007169,Wastewater,,,,,,WWCON,,INUS,Paraparaumu,,
1775201.81,5473620.9265,13017284,KWWN008994,Wastewater,76.61,76.96,1.52,78.13,78.48,WWMH,,INUS,Waikanae,C1-6,2019
1767071.999,5470454.8805,13017285,KWWN007233,Wastewater,,,,,,WWCON,,INUS,Paraparaumu,,
1768419.588,5469598.7755,13017286,KWWN008337,Wastewater,7.28,7.63,1.47,8.75,9.1,WWMH,,INUS,Paraparaumu,SSMH B-3,2015
1770071.075,5472760.2555,13017287,KWWN007034,Wastewater,,,,,,WWCON,,INUS,Paraparaumu,,
1771378.654,5474030.2165,13017288,KWWN007839,Wastewater,,,,,,WWCON,,INUS,Waikanae,,2017
1774345.364,5474078.5285,13017289,KWWN007995,Wastewater,16.05,16.4,1.19,17.24,17.59,WWMH,,INUS,Waikanae,SSMH-B3,2017
1770314.577,5472744.4415,13017290,KWWN007478,Wastewater,,,,,,WWCON,,PRV,Paraparaumu,,
1775412.967,5473841.7355,13017291,KWWN008964,Wastewater,111.36,111.71,1.89,113.25,113.6,WWMH,,INUS,Waikanae,A3-1,2019
1767744.495,5470259.9025,13017292,KWWN008512,Wastewater,,,,8.81,9.16,WWMH,,PRV,Paraparaumu,C11,2019
1769634.66,5472293.8905,13017293,KWWN009333,Wastewater,2.68,3.04,1.62,4.3,4.66,WWMH,,INUS,Paraparaumu,SSMH A3,2020
1774234.09,5474123.6845,13017294,KWWN007528,Wastewater,14.8,15.15,1.68,16.48,16.83,WWMH,,INUS,Waikanae,A2,2013
1766532.283,5468118.4475,13017295,KWWN007418,Wastewater,,,,,,WWCON,,INUS,Paraparaumu,,
1768352.555,5469603.4415,13017296,KWWN008340,Wastewater,6.58,6.93,1.42,8,8.35,WWMH,,INUS,Paraparaumu,SSMH A-2,2015
1766995.031,5466242.6355,13017297,KWWN007476,Wastewater,6.91,7.26,1.32,8.23,8.58,WWMH,,INUS,Paraparaumu,,2001
1768691.168,5471276.6855,13017298,KWWN007292,Wastewater,,,,,,WWCON,,INUS,Paraparaumu,,
1782128.673,5485528.0775,13017299,KWWN008705,Wastewater,11.19,11.56,1.42,12.61,12.98,WWMH,,INUS,Otaki,,2019
1782709.573,5485914.5625,13017300,KWWN009612,Wastewater,,,,,,WWCE,,PRV,Otaki,,2021
1766601.153,5470443.4155,13017301,KWWN007225,Wastewater,,,,,,WWCON,,INUS,Paraparaumu,,
1775447.124,5473787.0285,13017302,KWWN008986,Wastewater,121.32,121.67,1.2,122.52,122.87,WWMH,,INUS,Waikanae,A4-1,2019
1780895.139,5486917.2565,13017303,KWWN007731,Wastewater,,,,,,WWCE,,INUS,Otaki,,2017
1769498.622,5469798.7615,13017304,KWWN007429,Wastewater,,,,,,WWCON,,INUS,Paraparaumu,,
1768098.002,5472085.1725,13017305,KWWN009636,Wastewater,,,,,,WWCE,,INUS,Paraparaumu,,2020
1774325.015,5473141.5565,13017306,KWWN008050,Wastewater,,,,,,WWMH,,PRV,Waikanae,,2017
1766848.659,5469097.3015,13017307,KWWN007401,Wastewater,,,,,,WWCON,,INUS,Paraparaumu,,
1767742.199,5470253.8125,13017308,KWWN008511,Wastewater,6.79,7.14,2,8.79,9.14,WWMH,,PRV,Paraparaumu,C10,2019
1767226.705,5471916.8925,13017309,KWWN007893,Wastewater,,,,,,WWCON,,INUS,Paraparaumu,,2017
1774209.67,5474407.6405,13017310,KWWN009063,Wastewater,15.12,15.47,1.07,16.19,16.54,WWMH,,INUS,Waikanae,SSMH A6,2019
1780587.429,5485281.0315,13017311,KWWN008317,Wastewater,7.47,7.84,1.8,9.27,9.64,WWMH,,INUS,Otaki,,2017
1766698.873,5466392.1145,13017312,KWWN007342,Wastewater,,,,,,WWCON,,INUS,Paraparaumu,,
1769426.938,5470754.1125,13017313,KWWN007318,Wastewater,,,,,,WWCON,,INUS,Paraparaumu,,
1768424.171,5470323.0325,13017314,KWWN008115,Wastewater,,,,,,WWVA,,INUS,Paraparaumu,,
1768897.505,5471995.4745,13017315,KWWN007146,Wastewater,,,,,,WWCON,,INUS,Paraparaumu,,
1769371.718,5467311.7245,13017316,KWWN007913,Wastewater,47,47.35,2.11,49.11,49.46,WWMH,,INUS,Paraparaumu,,
1774116.739,5473886.3835,13017317,KWWN007531,Wastewater,17.97,18.32,1.38,19.35,19.7,WWMH,,INUS,Waikanae,C1,2013
1783366.34,5485640.5415,13017318,KWWN008644,Wastewater,42.18,42.56,1.26,43.44,43.82,WWMH,,INUS,Otaki,SSMH1,2019
1766318.194,5466602.7055,13017319,KWWN008913,Wastewater,,,0.91,,,WWMH,,INUS,Paraparaumu,,2005
1769727.066,5473467.1105,13017320,KWWN007101,Wastewater,,,,,,WWWW,,INUS,Waikanae,,
1767429.26,5467120.7205,13017321,KWWN007432,Wastewater,,,,,,WWWW,,INUS,Paraparaumu,,
1772458.93,5475931.1015,13017322,KWWN007469,Wastewater,,,,,,WWVA,,INUS,Waikanae,,2010
1768654.583,5468734.6345,13017323,KWWN008676,Wastewater,,,0.2,,,WWMH,,INUS,Paraparaumu,,2003
1766835.837,5468196.0675,13017324,KWWN009536,Wastewater,,,,3.94,4.29,WWMH,,INUS,Paraparaumu,SSMH1,2020
1768699.2,5468601.8105,13017325,KWWN008672,Wastewater,7.59,7.94,1.07,8.66,9.01,WWMH,,INUS,Paraparaumu,,2011
1769103.992,5470714.2175,13017326,KWWN007313,Wastewater,,,,,,WWCON,,INUS,Paraparaumu,,
1774138.272,5473402.5815,13017327,KWWN007794,Wastewater,,,,,,WWBE,,INUS,Waikanae,,2017
1769071.648,5471194.6735,13017328,KWWN007375,Wastewater,,,,,,WWCON,,INUS,Paraparaumu,,
1767978.872,5471865.8825,13017329,KWWN007182,Wastewater,,,,,,WWWW,,INUS,Paraparaumu,,
1768249.41,5470546.0815,13017330,KWWN007326,Wastewater,,,,,,WWCON,,INUS,Paraparaumu,,
1780641.247,5485438.7445,13017331,KWWN008383,Wastewater,,,,,,WWCE,,INUS,Otaki,,2021
1768231.706,5471069.7475,13017332,KWWN007190,Wastewater,,,,,,WWCON,,INUS,Paraparaumu,,2000
1775357.298,5473628.7295,13017333,KWWN008987,Wastewater,112.15,112.5,1.72,113.87,114.22,WWMH,,INUS,Waikanae,A5-1,2019
1767857.418,5472013.7435,13017334,KWWN007164,Wastewater,,,,,,WWCON,,INUS,Paraparaumu,,
1766467.595,5465694.5065,13017335,KWWN010017,Wastewater,,,,,,WWCON,,INUS,Paraparaumu,,
1766769.108,5468559.7375,13017336,KWWN007406,Wastewater,,,,,,WWCON,,INUS,Paraparaumu,,
1770014.777,5470047.7045,13017337,KWWN008843,Wastewater,7.59,7.94,1.21,8.8,9.15,WWMH,,PRV,Paraparaumu,,2016
1767069.842,5470457.1355,13017338,KWWN007226,Wastewater,,,,,,WWWW,,INUS,Paraparaumu,,
1768693.651,5471275.2065,13017339,KWWN007288,Wastewater,,,,,,WWCON,,INUS,Paraparaumu,,
1775314.277,5473821.8535,13017340,KWWN008971,Wastewater,91.64,91.99,1.35,92.99,93.34,WWMH,,INUS,Waikanae,A1-8,2019
1767526.115,5470941.3465,13017341,KWWN007249,Wastewater,,,,,,WWCON,,INUS,Paraparaumu,,
1769589.557,5472726.9065,13017342,KWWN007124,Wastewater,,,,,,WWCON,,INUS,Paraparaumu,,
1769104.483,5470714.4495,13017343,KWWN007315,Wastewater,,,,,,WWCON,,INUS,Paraparaumu,,
1767978.679,5471865.1485,13017344,KWWN007183,Wastewater,,,,,,WWCON,,INUS,Paraparaumu,,
1768169.711,5470768.1725,13017345,KWWN007303,Wastewater,,,,,,WWCON,,INUS,Paraparaumu,,2002
1768857.47,5471366.3205,13017346,KWWN009010,Wastewater,2.57,2.92,2.29,4.86,5.21,WWMH,,INUS,Paraparaumu,A4,2020
1768388.092,5469633.8245,13017347,KWWN008339,Wastewater,6.88,7.23,1.57,8.45,8.8,WWMH,,INUS,Paraparaumu,SSMH B-1,2015
1780908.498,5486921.5695,13017348,KWWN007733,Wastewater,,,,,,WWCE,,INUS,Otaki,,2017
1769853.53,5470145.6455,13017349,KWWN007444,Wastewater,,,,,,WWCE,,INUS,Paraparaumu,,2015
1774032.678,5472999.5935,13017350,KWWN009496,Wastewater,,,,,,WWCE,,PRV,Waikanae,,1982
1769845.992,5469855.6245,13017351,KWWN009516,Wastewater,,,,,,WWCE,,PRV,Paraparaumu,,2020
1770004.228,5471461.0945,13017352,KWWN007193,Wastewater,,,,,,WWCON,,INUS,Paraparaumu,,
1766273.037,5466188.0715,13017353,KWWN007337,Wastewater,,,,,,WWCON,,INUS,Paraparaumu,,
1767163.53,5469176.6155,13017354,KWWN007397,Wastewater,,,,,,WWCON,,INUS,Paraparaumu,,
1775215.486,5473635.9325,13017355,KWWN008993,Wastewater,79.37,79.72,1.44,80.81,81.16,WWMH,,INUS,Waikanae,C1-5,2019
1783247.028,5485626.8315,13017356,KWWN007602,Wastewater,,,,,,WWCE,,INUS,Otaki,,2016
1768082.905,5467615.7715,13017357,KWWN008921,Wastewater,,,,,,WWCON,,INUS,Paraparaumu,,
1775241.961,5473758.7325,13017358,KWWN008996,Wastewater,,,,,,WWCE,,PRV,Waikanae,48,2019
1770808.2,5472793.7435,13017359,KWWN008128,Wastewater,,,,,,WWCON,,STANDBY,Paraparaumu,,2016
1768913.993,5470959.9805,13017360,KWWN007364,Wastewater,3.73,4.08,1.18,4.91,5.26,WWMH,,INUS,Paraparaumu,,2012
1783281.327,5485622.0805,13017361,KWWN007590,Wastewater,40.81,41.19,1.35,42.16,42.54,WWMH,,INUS,Otaki,A1,2016
1770135.371,5473733.6395,13017362,KWWN007089,Wastewater,,,,,,WWCON,,INUS,Waikanae,,
1774147.134,5473419.3975,13017363,KWWN007795,Wastewater,,,,24.82,25.17,WWCE,,INUS,Waikanae,,2017
1775391.094,5473848.7635,13017364,KWWN008979,Wastewater,105.69,106.04,1.52,107.21,107.56,WWMH,,INUS,Waikanae,A3-2,2019
1767255.265,5471940.4975,13017365,KWWN007886,Wastewater,,,,,,WWCE,,PRV,Paraparaumu,,2017
1768690.549,5469499.6985,13017366,KWWN009436,Wastewater,,,,,,WWCE,,INUS,Paraparaumu,,2020
1768768.141,5468647.2985,13017367,KWWN009600,Wastewater,,,,,,WWMH,,PRV,Paraparaumu,,2021
1768721.815,5468666.0455,13017368,KWWN008584,Wastewater,7.48,7.83,,,,WWMH,,INUS,Paraparaumu,,2012
1775309.74,5473545.0815,13017369,KWWN008926,Wastewater,,,,,,WWCE,,PRV,Waikanae,,2019
1771526.438,5474010.2055,13017370,KWWN007844,Wastewater,,,,,,WWCON,,INUS,Waikanae,,2017
1775309.961,5473548.7415,13017371,KWWN008962,Wastewater,125.71,126.06,1.32,127.03,127.38,WWMH,,INUS,Waikanae,A1-1,2019
1780771.737,5485057.0575,13017372,KWWN008215,Wastewater,7.81,8.18,2.4,10.21,10.58,WWCE,,INUS,Otaki,,2018
1774243.016,5474064.7425,13017373,KWWN007982,Wastewater,15.93,16.28,1.25,17.18,17.53,WWMH,,INUS,Waikanae,SSMH-A4,2017
1774130.054,5473424.5315,13017374,KWWN007791,Wastewater,,,,,,WWBE,,INUS,Waikanae,,2017
1768896.006,5472751.4455,13017375,KWWN007130,Wastewater,,,,,,WWCON,,INUS,Paraparaumu,,1996
1780075.763,5486390.5695,13017376,KWWN009564,Wastewater,4.45,4.82,0.79,5.63,6,WWCE,,INUS,Otaki,,2023
1768694.34,5469502.3675,13017377,KWWN009435,Wastewater,,,,,,WWCE,,INUS,Paraparaumu,,2020
1772463.161,5475935.6515,13017378,KWWN007046,Wastewater,,,,,,WWCON,,INUS,Waikanae,,2001
1769240.478,5469422.3675,13017379,KWWN009326,Wastewater,,,0.6,,,WWMH,,PRV,Paraparaumu,,
1774078.08,5474462.3705,13017380,KWWN009074,Wastewater,8.36,8.71,2.24,10.6,10.95,WWMH,,INUS,Waikanae,SSMH A1,2019
1768177.885,5472621.2895,13017381,KWWN007136,Wastewater,,,,,,WWWW,,INUS,Paraparaumu,,
1767864.788,5466397.8415,13017382,KWWN007678,Wastewater,,,,,,WWCON,,INUS,Paraparaumu,,2016
1774746.173,5473777.7225,13017383,KWWN009198,Wastewater,26.69,27.04,1,27.69,28.04,WWMH,,INUS,Waikanae,SSMH 01,2020
1766466.929,5465695.0635,13017384,KWWN010020,Wastewater,,,,,,WWCON,,INUS,Paraparaumu,,
1775254.438,5473709.5205,13017385,KWWN008990,Wastewater,89.02,89.37,1.71,90.73,91.08,WWMH,,INUS,Waikanae,C1-3,2019
1767672.997,5470792.9515,13017386,KWWN007239,Wastewater,,,,,,WWCON,,PRV,Paraparaumu,,
1767327.545,5467316.5365,13017387,KWWN009389,Wastewater,,,,,,WWMH,,INUS,Paraparaumu,,1999
1769008.105,5467732.4265,13017388,KWWN009993,Wastewater,,,,,,WWCON,,INUS,Paraparaumu,,2021
1769694.58,5472284.1405,13017389,KWWN009332,Wastewater,2.28,2.64,1.75,4.03,4.39,WWMH,,INUS,Paraparaumu,SSMH A2,2020
1772467.066,5475940.8895,13017390,KWWN007445,Wastewater,,,,,,WWCON,,INUS,Waikanae,,2001
1770541.795,5473621.9115,13017391,KWWN009276,Wastewater,,,,,,WWCE,,INUS,Waikanae,,2020
1766697.686,5466391.3625,13017392,KWWN007343,Wastewater,,,,,,WWCON,,INUS,Paraparaumu,,
1769341.065,5471335.7745,13017393,KWWN007206,Wastewater,,,,,,WWCON,,INUS,Paraparaumu,,
1772839.54,5473542.2705,13017394,KWWN009313,Wastewater,15.93,16.29,1.33,17.26,17.62,WWMH,,INUS,Waikanae,SSMH A4,2020
1769729.8,5472305.7505,13017395,KWWN009330,Wastewater,1.77,2.13,0.95,2.72,3.08,WWMH,,INUS,Paraparaumu,SSMH B1,2020
1774582.965,5473326.5035,13017396,KWWN008120,Wastewater,,,,,,WWCE,,INUS,Waikanae,,2017
1769588.449,5472727.3795,13017397,KWWN007127,Wastewater,,,,,,WWCON,,INUS,Paraparaumu,,
1768680.192,5471069.3285,13017398,KWWN008090,Wastewater,,,,,,WWBE,,INUS,Paraparaumu,,2016
1768633.998,5469972.7225,13017399,KWWN007856,Wastewater,,,,,,WWCON,,INUS,Paraparaumu,,2016
1768658.189,5471092.8355,13017400,KWWN008098,Wastewater,,,,,,WWBE,,INUS,Paraparaumu,,2016
1766576.302,5466888.0145,13017401,KWWN008113,Wastewater,,,,,,WWCON,,PRV,Paraparaumu,,2017
1783047.107,5485671.2835,13017402,KWWN009509,Wastewater,35.93,36.31,2.1,38.03,38.41,WWWW,,PRV,Otaki,,2020
1767673.028,5470792.2645,13017403,KWWN007237,Wastewater,,,,,,WWCON,,PRV,Paraparaumu,,
1769968.049,5470973.7965,13017404,KWWN008268,Wastewater,,,,,,WWBE,,INUS,Paraparaumu,,2014
1780931.01,5486135.1655,13017405,KWWN008264,Wastewater,,,,,,WWWW,,PRV,Otaki,,
1769103.324,5470715.2015,13017406,KWWN007312,Wastewater,,,,,,WWCON,,INUS,Paraparaumu,,
1768638.582,5470501.0175,13017407,KWWN007327,Wastewater,,,,,,WWWW,,INUS,Paraparaumu,,
1767070.711,5470455.6515,13017408,KWWN007229,Wastewater,,,,,,WWCON,,INUS,Paraparaumu,,
1767086.793,5466216.8615,13017409,KWWN007477,Wastewater,7.55,7.9,0.85,8.4,8.75,WWMH,,INUS,Paraparaumu,,2001
1768205.242,5469685.2835,13017410,KWWN007606,Wastewater,6.93,7.28,0.61,7.54,7.89,WWMH,,INUS,Paraparaumu,C1,2016
1772051.905,5475934.2255,13017411,KWWN007050,Wastewater,,,,,,WWCON,,INUS,Waikanae,,
1771434.535,5473520.7525,13017412,KWWN007112,Wastewater,,,,,,WWCON,,PRV,Waikanae,,
1775362.387,5473791.3955,13017413,KWWN008973,Wastewater,104.76,105.11,1.13,105.89,106.24,WWMH,,INUS,Waikanae,A3-4,2019
1768110.412,5468047.0825,13017414,KWWN007866,Wastewater,4.13,4.48,1.1,5.23,5.58,WWMH,,PRV,Paraparaumu,,2017
1781881.834,5485895.7115,13017415,KWWN008593,Wastewater,9.45,9.83,1.57,11.02,11.4,WWMH,,INUS,Otaki,,2018
1772701.082,5472900.7415,13017416,KWWN008654,Wastewater,12.76,13.12,1.25,14.01,14.37,WWMH,,INUS,Waikanae,Manhole 3,2019
1766132.65,5465578.2705,13017417,KWWN010032,Wastewater,,,,,,WWCON,,INUS,Paraparaumu,,
1769035.033,5471483.3955,13017418,KWWN007217,Wastewater,,,,,,WWCON,,INUS,Paraparaumu,,1995
1767234.941,5471920.0405,13017419,KWWN007888,Wastewater,,,,,,WWCE,,PRV,Paraparaumu,,2017
1768061.368,5470965.7325,13017420,KWWN007460,Wastewater,,,,,,WWCON,,INUS,Paraparaumu,,
1769894.192,5469556.0595,13017421,KWWN007358,Wastewater,,,1.25,,,WWMH,,INUS,Paraparaumu,,
1770004.689,5471461.9645,13017422,KWWN007196,Wastewater,,,,,,WWCON,,INUS,Paraparaumu,,
1767180.991,5468699.1605,13017423,KWWN007412,Wastewater,,,,,,WWCON,,INUS,Paraparaumu,,
1768747.469,5469843.8365,13017424,KWWN007859,Wastewater,,,,,,WWVA,,INUS,Paraparaumu,,2016
1766133.52,5465577.8705,13017425,KWWN010031,Wastewater,,,,,,WWCON,,INUS,Paraparaumu,,
1771521.602,5473168.2435,13017426,KWWN007540,Wastewater,4.83,5.19,0.9,5.73,6.09,WWMH,,PRV,Waikanae,,2015
1767278.731,5471109.3765,13017427,KWWN007252,Wastewater,,,,,,WWCON,,INUS,Paraparaumu,,
1781855.004,5486002.4185,13017428,KWWN008579,Wastewater,,,,,,WWCON,,INUS,Otaki,,
1769589.072,5472726.4695,13017429,KWWN007123,Wastewater,,,,,,WWCON,,INUS,Paraparaumu,,
1768897.133,5472750.8405,13017430,KWWN007135,Wastewater,,,,,,WWCON,,INUS,Paraparaumu,,1996
1769071.344,5471194.9345,13017431,KWWN007373,Wastewater,,,,,,WWWW,,INUS,Paraparaumu,,1980
1766584.636,5469215.0185,13017432,KWWN007392,Wastewater,,,,,,WWCON,,INUS,Paraparaumu,,
1768734.747,5468667.0035,13017433,KWWN008124,Wastewater,7.12,7.47,,,,WWMH,,INUS,Paraparaumu,,2012
1766628.299,5468694.1645,13017434,KWWN007404,Wastewater,,,,,,WWCON,,INUS,Paraparaumu,,
1770644.352,5474705.3175,13017435,KWWN007031,Wastewater,,,,,,WWCON,,INUS,Waikanae,,
1768814.496,5468415.4415,13017436,KWWN008794,Wastewater,,,0.39,,,WWMH,,PRV,Paraparaumu,,2019
1768886.51,5471158.0615,13017437,KWWN007354,Wastewater,2.95,3.3,1.39,4.34,4.69,WWMH,,INUS,Paraparaumu,,2014
1768631.501,5470497.4215,13017438,KWWN007331,Wastewater,,,,,,WWCON,,INUS,Paraparaumu,,2018
1768735.751,5467968.0835,13017439,KWWN008621,Wastewater,,,,,,WWCON,,INUS,Paraparaumu,,2019
1769658.814,5473855.8915,13017440,KWWN007090,Wastewater,,,,,,WWCON,,INUS,Waikanae,,
1768591.665,5471380.1345,13017441,KWWN007282,Wastewater,,,,,,WWCON,,INUS,Paraparaumu,,
1774289.58,5474435.3205,13017442,KWWN009058,Wastewater,,,,,,WWCE,,PRV,Waikanae,,2019
1768816.327,5469607.6955,13017443,KWWN009309,Wastewater,,,,,,WWCE,,INUS,Paraparaumu,LHCE4,2020
1769948.739,5471052.4375,13017444,KWWN008270,Wastewater,4.69,5.04,,,,WWCON,,INUS,Paraparaumu,43ELSY-3,2014
1774195.501,5474505.8155,13017445,KWWN009054,Wastewater,,,,,,WWCE,,PRV,Waikanae,,2019
1766869.131,5470842.2335,13017446,KWWN008861,Wastewater,,,,,,WWMH,,PRV,Paraparaumu,,2019
1767244.106,5468199.7165,13017447,KWWN007804,Wastewater,,,,,,WWMH,,INUS,Paraparaumu,,1984
1769708.253,5470779.5375,13017448,KWWN008281,Wastewater,6.33,6.68,,,,WWCON,,INUS,Paraparaumu,,
1768639.849,5469007.0805,13017449,KWWN009471,Wastewater,,,,,,WWMH,,INUS,Paraparaumu,,2013
1771019.366,5474102.2095,13017450,KWWN007572,Wastewater,0.21,0.57,,,,WWMH,,INUS,Waikanae,,2014
1772468.46,5475942.6125,13017451,KWWN007448,Wastewater,,,,,,WWCON,,INUS,Waikanae,,2001
1783239.314,5485609.3115,13017452,KWWN007603,Wastewater,,,,,,WWCE,,INUS,Otaki,,2016
1766671.855,5469094.2475,13017453,KWWN008106,Wastewater,,,,,,WWCON,,INUS,Paraparaumu,,2017
1774406.331,5473326.7385,13017454,KWWN007056,Wastewater,25.18,25.53,1.53,26.71,27.06,WWMH,,INUS,Waikanae,,2015
1769700.872,5469115.1385,13017455,KWWN009548,Wastewater,11.54,11.89,0.58,12.12,12.47,WWMH,,INUS,Paraparaumu,,2020
1768176.607,5472620.1285,13017456,KWWN007142,Wastewater,,,,,,WWCON,,INUS,Paraparaumu,,
1766599.703,5470444.1155,13017457,KWWN007220,Wastewater,,,,,,WWCON,,INUS,Paraparaumu,,
1782315.25,5485470.6205,13017458,KWWN008373,Wastewater,,,,,,WWCON,,INUS,Otaki,,2018
1768856.475,5469312.5765,13017459,KWWN007428,Wastewater,,,,,,WWCON,,INUS,Paraparaumu,,
1768822.599,5468423.1795,13017460,KWWN008796,Wastewater,,,0.59,,,WWMH,,PRV,Paraparaumu,,2019
1768568.007,5469973.9845,13017461,KWWN007381,Wastewater,,,,,,WWCON,,INUS,Paraparaumu,,
1768564.562,5469978.8545,13017462,KWWN007853,Wastewater,4.39,4.74,,,,WWMH,,INUS,Paraparaumu,,2016
1768089.286,5468202.0005,13017463,KWWN009499,Wastewater,4.72,5.07,0.82,5.54,5.89,WWMH,,PRV,Paraparaumu,,2020
1774200.778,5474013.9555,13017464,KWWN007992,Wastewater,16.25,16.6,1.68,17.93,18.28,WWMH,,INUS,Waikanae,SSMH-A6,2017
1766273.108,5466186.5395,13017465,KWWN007335,Wastewater,,,,,,WWCON,,INUS,Paraparaumu,,
1771019.545,5474109.0535,13017466,KWWN007571,Wastewater,,,,,,WWMH,,INUS,Waikanae,,2014
1768251.834,5470546.9805,13017467,KWWN007320,Wastewater,,,,,,WWCON,,INUS,Paraparaumu,,
1767992.835,5470993.3755,13017468,KWWN009384,Wastewater,4.77,5.12,0.82,5.59,5.94,WWMH,,INUS,Paraparaumu,,2020
1772459.531,5475930.5095,13017469,KWWN007471,Wastewater,,,,,,WWCON,,INUS,Waikanae,,2010
1766699.06,5466392.6055,13017470,KWWN007340,Wastewater,,,,,,WWCON,,INUS,Paraparaumu,,
1774309.911,5474098.7975,13017471,KWWN007994,Wastewater,15.57,15.92,1.43,17,17.35,WWMH,,INUS,Waikanae,SSMH-B2,2017
1780626.266,5485244.6975,13017472,KWWN009654,Wastewater,7.82,8.19,1.74,9.56,9.93,WWMH,,INUS,Otaki,,2021
1767017.96,5468314.2455,13017473,KWWN007409,Wastewater,,,,,,WWCON,,INUS,Paraparaumu,,
1769426.895,5470752.7925,13017474,KWWN007317,Wastewater,,,,,,WWCON,,INUS,Paraparaumu,,
1766628.904,5468695.7895,13017475,KWWN007403,Wastewater,,,,,,WWCON,,INUS,Paraparaumu,,
1769708.91,5470791.6185,13017476,KWWN008263,Wastewater,,,,,,WWVA,,INUS,Paraparaumu,,2015
1768902.421,5471993.8545,13017477,KWWN007144,Wastewater,,,2.1,,,WWMH,,INUS,Paraparaumu,,
1773942.77,5472815.7385,13017478,KWWN008245,Wastewater,,,,,,WWCE,,INUS,Waikanae,,
1767468.793,5471844.7705,13017479,KWWN007180,Wastewater,,,,,,WWCON,,INUS,Paraparaumu,,
1767159.182,5468081.9915,13017480,KWWN007800,Wastewater,,,,,,WWBE,,INUS,Paraparaumu,,2017
1769674.553,5469127.9565,13017481,KWWN009546,Wastewater,11.15,11.5,1.32,12.47,12.82,WWMH,,INUS,Paraparaumu,,2020
1766536.14,5466517.1105,13017482,KWWN008505,Wastewater,,,,,,WWCE,,PRV,Paraparaumu,,
1771525.195,5474008.7595,13017483,KWWN007842,Wastewater,,,,,,WWCON,,INUS,Waikanae,,2017
1771015.52,5474106.8295,13017484,KWWN007574,Wastewater,,,,,,WWFM,,INUS,Waikanae,,2014
1768150.132,5470317.1745,13017485,KWWN008114,Wastewater,,,,,,WWVA,,INUS,Paraparaumu,,2017
1766794.015,5470971.5475,13017486,KWWN007849,Wastewater,,,,,,WWMH,,INUS,Paraparaumu,,2012
1769748.824,5470455.4785,13017487,KWWN007362,Wastewater,,,,,,WWCON,,INUS,Paraparaumu,,
1769578.502,5470476.3335,13017488,KWWN007908,Wastewater,,,,,,WWBE,,INUS,Paraparaumu,,
1766789.058,5467350.3845,13017489,KWWN007347,Wastewater,,,,,,WWCON,,INUS,Paraparaumu,,
1770810.437,5472801.4325,13017490,KWWN008292,Wastewater,,,,,,WWCON,,STANDBY,Paraparaumu,,2016
1767148.792,5467465.3385,13017491,KWWN007770,Wastewater,,,,,,WWCON,,INUS,Paraparaumu,,
1772470.285,5475946.5335,13017492,KWWN007452,Wastewater,,,,,,WWCON,,INUS,Waikanae,,2001
1770326.996,5471231.8425,13017493,KWWN007436,Wastewater,,,,,,WWCON,,INUS,Paraparaumu,,
1768149.237,5468353.8525,13017494,KWWN008390,Wastewater,,,,,,WWCON,,INUS,Paraparaumu,,
1768798.754,5471157.2875,13017495,KWWN008055,Wastewater,,,,,,WWBE,,PRV,Paraparaumu,,2016
1774402.423,5474041.5045,13017496,KWWN008351,Wastewater,15.86,16.21,1.33,17.19,17.54,WWMH,,INUS,Waikanae,SSMH G4,2017
1768643.778,5471097.4415,13017497,KWWN008097,Wastewater,,,,,,WWBE,,INUS,Paraparaumu,,2016
1774438.82,5473252.6405,13017498,KWWN008116,Wastewater,1.03,1.38,,,,WWMH,,INUS,Waikanae,,1979
1775331.396,5473930.8755,13017499,KWWN007916,Wastewater,,,,,,WWMH,,INUS,Waikanae,,
1774765.981,5473662.7485,13017500,KWWN009202,Wastewater,30.85,31.2,2.06,32.91,33.26,WWMH,,INUS,Waikanae,SSMHF4,2020
1769975.401,5470960.8185,13017501,KWWN008129,Wastewater,,,,,,WWMH,,STANDBY,Paraparaumu,,2014
1775185.382,5473510.7835,13017502,KWWN008154,Wastewater,,,,,,WWMH,,PRV,Waikanae,,1988
1766401.467,5465798.8235,13017503,KWWN010028,Wastewater,,,,,,WWCON,,INUS,Paraparaumu,,
1767278.092,5471109.9555,13017504,KWWN007251,Wastewater,,,,,,WWCON,,INUS,Paraparaumu,,
1767279.85,5471110.5935,13017505,KWWN007255,Wastewater,,,,,,WWCON,,INUS,Paraparaumu,,
1769951.669,5470002.6455,13017506,KWWN008835,Wastewater,7.27,7.62,1.14,8.41,8.76,WWMH,,PRV,Paraparaumu,,2016
1766531.622,5468118.5445,13017507,KWWN007419,Wastewater,,,,,,WWCON,,INUS,Paraparaumu,,
1767152.367,5466304.4135,13017508,KWWN007832,Wastewater,,,,,,WWWW,,PRV,Paraparaumu,,
1767387.313,5471905.5585,13017509,KWWN007869,Wastewater,,,,,,WWBE,,PRV,Paraparaumu,,2017
1768275.378,5469543.3565,13017510,KWWN007383,Wastewater,,,,,,WWCON,,INUS,Paraparaumu,,
1766791.059,5467349.8895,13017511,KWWN007351,Wastewater,,,,,,WWCON,,INUS,Paraparaumu,,
1766636.851,5468681.9205,13017512,KWWN007663,Wastewater,1.27,1.62,1.06,2.33,2.68,WWMH,,INUS,Paraparaumu,,2017
1774796.707,5473687.8065,13017513,KWWN009191,Wastewater,30.32,30.67,2.58,32.9,33.25,WWMH,,INUS,Waikanae,SSMH A3,2020
1769312.485,5468689.6335,13017514,KWWN008140,Wastewater,12.1,12.45,2.16,14.26,14.61,WWMH,,INUS,Paraparaumu,,2017
1766467.68,5465693.8235,13017515,KWWN010015,Wastewater,,,,,,WWCON,,INUS,Paraparaumu,,
1767179.493,5472114.1725,13017516,KWWN007166,Wastewater,,,,,,WWWW,,INUS,Paraparaumu,,
1775319.045,5473794.2845,13017517,KWWN008958,Wastewater,92.56,92.91,2.5,95.06,95.41,WWMH,,INUS,Waikanae,A1-7,2019
1780941.203,5487388.5775,13017518,KWWN007830,Wastewater,,,,,,WWWW,,PRV,Otaki,,
1774505.522,5473647.7255,13017519,KWWN007645,Wastewater,,,,,,WWCON,,INUS,Waikanae,,2015
1781875.008,5485880.0265,13017520,KWWN008592,Wastewater,9.6,9.98,1.61,11.21,11.59,WWMH,,INUS,Otaki,,2018
1774208.26,5474505.0105,13017521,KWWN009065,Wastewater,12.91,13.26,2.46,15.37,15.72,WWMH,,INUS,Waikanae,SSMH B1,2019
1774387.151,5474087.1565,13017522,KWWN008023,Wastewater,15.73,16.08,1.24,16.97,17.32,WWMH,,INUS,Waikanae,SSMH-C2,2017
1775210.733,5473689.8425,13017523,KWWN008975,Wastewater,80.39,80.74,1.16,81.55,81.9,WWMH,,INUS,Waikanae,C4-1,2019
1767980.634,5471864.1235,13017524,KWWN007188,Wastewater,,,,,,WWCON,,INUS,Paraparaumu,,
1774320.545,5474182.0525,13017525,KWWN007985,Wastewater,14.52,14.87,1.95,16.47,16.82,WWMH,,INUS,Waikanae,SSMH-A1,2017
1768896.46,5472751.8465,13017526,KWWN007129,Wastewater,,,,,,WWCON,,INUS,Paraparaumu,,1996
1775256.038,5473689.9175,13017527,KWWN008992,Wastewater,88.47,88.82,1.53,90,90.35,WWMH,,INUS,Waikanae,C1-4,2019
1768800.06,5471177.4625,13017528,KWWN007566,Wastewater,1.27,1.62,3.47,4.74,5.09,WWMH,,INUS,Paraparaumu,SSMH-1B3,2012
1772457.794,5475932.2065,13017529,KWWN007468,Wastewater,,,,,,WWMH,,INUS,Waikanae,,2010
1774816.025,5473675.5175,13017530,KWWN009190,Wastewater,31.64,31.99,2.96,34.6,34.95,WWMH,,INUS,Waikanae,SSMH A2,2020
1767373.292,5471912.9345,13017531,KWWN007871,Wastewater,5.89,6.24,1.35,7.24,7.59,WWMH,,INUS,Paraparaumu,,2017
1772471.583,5475945.5245,13017532,KWWN007456,Wastewater,,,,,,WWCON,,INUS,Waikanae,,2001
1767239.508,5471921.4595,13017533,KWWN007891,Wastewater,,,,,,WWCON,,PRV,Paraparaumu,,2017
1767180.604,5472116.3075,13017534,KWWN007173,Wastewater,,,,,,WWCON,,INUS,Paraparaumu,,
1766941.094,5471380.0585,13017535,KWWN008692,Wastewater,,,,,,WWMH,,PRV,Paraparaumu,,2000
1768066.05,5470868.2455,13017536,KWWN007298,Wastewater,,,,,,WWCON,,INUS,Paraparaumu,,
1774194.6,5474470.6505,13017537,KWWN009064,Wastewater,12.63,12.98,2.93,15.56,15.91,WWMH,,INUS,Waikanae,SSMH A5,2019
1768662.824,5471899.7565,13017538,KWWN007156,Wastewater,,,,,,WWCON,,INUS,Paraparaumu,,
1769970.21,5470974.3675,13017539,KWWN008277,Wastewater,,,,,,WWVA,,INUS,Paraparaumu,,2014
1770028.4,5473581.4005,13017540,KWWN008754,Wastewater,2.67,3.03,0.73,3.4,3.76,WWMH,,INUS,Waikanae,,2019
1774172.398,5473210.1945,13017541,KWWN008864,Wastewater,25.8,26.15,1.5,27.3,27.65,WWMH,,PRV,Waikanae,SSMH A2,2019
1771435.059,5473520.0835,13017542,KWWN007110,Wastewater,,,,,,WWCON,,PRV,Waikanae,,
1767974.49,5466644.5405,13017543,KWWN007945,Wastewater,6.98,7.33,0.98,7.96,8.31,WWMH,,INUS,Paraparaumu,MH3,2017
1774287.028,5474211.5515,13017544,KWWN007529,Wastewater,12.85,13.2,2.98,15.83,16.18,WWMH,,INUS,Waikanae,A1,2013
1768638.045,5470500.6115,13017545,KWWN008367,Wastewater,,,,,,WWCON,,INUS,Paraparaumu,,
1780456.118,5486655.4965,13017546,KWWN007654,Wastewater,,,,,,WWMH,,INUS,Otaki,,
1768469.389,5470345.8645,13017547,KWWN008365,Wastewater,,,,,,WWCON,,INUS,Paraparaumu,,2018
1774293.34,5474446.0805,13017548,KWWN009070,Wastewater,20.94,21.29,0.88,21.82,22.17,WWMH,,INUS,Waikanae,SSMH B6,2019
1770031.555,5473577.5885,13017549,KWWN008756,Wastewater,3.12,3.48,0.62,3.74,4.1,WWMH,,INUS,Waikanae,,2019
1768721.375,5471027.2055,13017550,KWWN008083,Wastewater,,,,,,WWBE,,INUS,Paraparaumu,,2016
1768638.111,5470499.6605,13017551,KWWN007332,Wastewater,,,,,,WWCON,,INUS,Paraparaumu,,
1768857.128,5469311.7395,13017552,KWWN007427,Wastewater,,,,,,WWCON,,INUS,Paraparaumu,,
1766598.978,5470443.8085,13017553,KWWN007218,Wastewater,,,,,,WWWW,,INUS,Paraparaumu,,
1767331.013,5467315.7455,13017554,KWWN009390,Wastewater,,,,,,WWMH,,INUS,Paraparaumu,,1999
1766661.136,5468034.6635,13017555,KWWN007421,Wastewater,,,,,,WWCON,,INUS,Paraparaumu,,
1774142.148,5473410.4065,13017556,KWWN007787,Wastewater,22.83,23.18,2.12,24.95,25.3,WWMH,,INUS,Waikanae,,2017
1766133.78,5465578.6405,13017557,KWWN010033,Wastewater,,,,,,WWCON,,INUS,Paraparaumu,,
1769361.745,5468920.6445,13017558,KWWN007424,Wastewater,,,,,,WWCON,,INUS,Paraparaumu,,
1767673.318,5470791.9125,13017559,KWWN007234,Wastewater,,,,,,WWWW,,PRV,Paraparaumu,,
1767179.795,5468699.0465,13017560,KWWN007414,Wastewater,,,,,,WWCON,,INUS,Paraparaumu,,
1781837.603,5485902.4925,13017561,KWWN008591,Wastewater,10.16,10.54,0.75,10.91,11.29,WWMH,,INUS,Otaki,,2018
1767864.864,5466398.7355,13017562,KWWN007677,Wastewater,,,,,,WWCON,,INUS,Paraparaumu,,2016
1768250.674,5470547.0785,13017563,KWWN007323,Wastewater,,,,,,WWCON,,INUS,Paraparaumu,,
1769659.041,5473856.1565,13017564,KWWN007092,Wastewater,,,,,,WWCON,,INUS,Waikanae,,
1772456.625,5475936.0665,13017565,KWWN007047,Wastewater,,,,,,WWWW,,INUS,Waikanae,,2001
1767863.487,5466401.5535,13017566,KWWN007673,Wastewater,,,4.7,,,WWWW,,INUS,Paraparaumu,,2016
1769658.012,5473855.7705,13017567,KWWN007098,Wastewater,,,,,,WWCON,,INUS,Waikanae,,
1770859.95,5473020.0905,13017568,KWWN008153,Wastewater,8.84,9.2,,,,WWVA,,STANDBY,Waikanae,AV05,2017
1769659.356,5473856.5215,13017569,KWWN007094,Wastewater,,,,,,WWCON,,INUS,Waikanae,,
1766790.375,5470983.1435,13017570,KWWN007264,Wastewater,,,,,,WWCON,,INUS,Paraparaumu,,
1766551.744,5467949.1045,13017571,KWWN007621,Wastewater,,,,,,WWMH,,INUS,Paraparaumu,,2016
1772052.319,5475933.8865,13017572,KWWN007051,Wastewater,,,,,,WWCON,,INUS,Waikanae,,
1768586.419,5468990.1825,13017573,KWWN009477,Wastewater,,,,,,WWCE,,INUS,Paraparaumu,,2013
1767034.518,5471384.8575,13017574,KWWN007618,Wastewater,,,,,,WWMH,,PRV,Paraparaumu,,
1775325.471,5473759.3795,13017575,KWWN008959,Wastewater,96.44,96.79,2.57,99.01,99.36,WWMH,,INUS,Waikanae,A1-6,2019
1766467.048,5465694.3875,13017576,KWWN010018,Wastewater,,,,,,WWCON,,INUS,Paraparaumu,,
1775259.309,5473572.1195,13017577,KWWN008967,Wastewater,105.35,105.7,1.71,107.06,107.41,WWCE,,INUS,Waikanae,C5-1,2019
1769787.286,5470749.2095,13017578,KWWN008283,Wastewater,6.53,6.88,,,,WWCON,,INUS,Paraparaumu,43ELSY-2,
1769362.18,5468921.8915,13017579,KWWN007422,Wastewater,,,,,,WWCON,,INUS,Paraparaumu,,
1772855.258,5473521.5415,13017580,KWWN009320,Wastewater,,,,,,WWCE,,PRV,Waikanae,,2020
1769888.146,5471115.2385,13017581,KWWN008261,Wastewater,,,,,,WWCON,,INUS,Paraparaumu,,2016
1768676.221,5471059.9595,13017582,KWWN008089,Wastewater,,,,,,WWBE,,INUS,Paraparaumu,,2016
1768135.531,5471294.8365,13017583,KWWN007272,Wastewater,,,,,,WWCON,,INUS,Paraparaumu,,
1770053.841,5469988.3325,13017584,KWWN007682,Wastewater,,,,,,WWCON,,PRV,Paraparaumu,,
1768172.139,5470769.5985,13017585,KWWN007306,Wastewater,,,,,,WWCON,,INUS,Paraparaumu,,2002
1772460.519,5475935.6855,13017586,KWWN007044,Wastewater,,,,,,WWCON,,INUS,Waikanae,,2001
1768728.657,5468673.0735,13017587,KWWN008583,Wastewater,7.27,7.62,,,,WWMH,,INUS,Paraparaumu,,2012
1769663.176,5469114.5715,13017588,KWWN009506,Wastewater,10.65,11,2.23,12.88,13.23,WWMH,,INUS,Paraparaumu,,2020
1768708.12,5471048.1025,13017589,KWWN008093,Wastewater,,,,,,WWBE,,INUS,Paraparaumu,,2016
1766789.739,5467350.4605,13017590,KWWN007349,Wastewater,,,,,,WWCON,,INUS,Paraparaumu,,
1768627.629,5470496.2495,13017591,KWWN007330,Wastewater,,,,,,WWCON,,INUS,Paraparaumu,,2018
1769591.974,5470470.9825,13017592,KWWN007910,Wastewater,,,,,,WWBE,,INUS,Paraparaumu,,
1769102.535,5468218.1855,13017593,KWWN007037,Wastewater,,,,,,WWBE,,PRV,Paraparaumu,,2014
1768596.785,5470469.5035,13017594,KWWN007328,Wastewater,,,,,,WWCON,,INUS,Paraparaumu,,2018
1768223.43,5470287.4915,13017595,KWWN007696,Wastewater,,,,,,WWMH,,INUS,Paraparaumu,,1984
1771435.177,5473520.6415,13017596,KWWN007111,Wastewater,,,,,,WWCON,,PRV,Waikanae,,
1780796.32,5484979.5615,13017597,KWWN008217,Wastewater,7.41,7.78,3.2,10.61,10.98,WWMH,,INUS,Otaki,SS MH A2,2018
1774197.992,5474420.1705,13017598,KWWN009053,Wastewater,,,,,,WWCE,,PRV,Waikanae,,2019
1767279.903,5471111.2165,13017599,KWWN007257,Wastewater,,,,,,WWCON,,INUS,Paraparaumu,,
1768821.253,5471106.6265,13017600,KWWN008062,Wastewater,,,,,,WWBE,,INUS,Paraparaumu,,2016
1767469.113,5471844.1335,13017601,KWWN007179,Wastewater,,,,,,WWCON,,INUS,Paraparaumu,,
1766445.587,5467523.1705,13017602,KWWN008347,Wastewater,,,,,,WWCON,,INUS,Paraparaumu,,
1769220.674,5470985.2715,13017603,KWWN007880,Wastewater,,,,,,WWCON,,INUS,Paraparaumu,,
1770132.241,5474200.9585,13017604,KWWN009417,Wastewater,,,1.2,,,WWMH,,INUS,Waikanae,,2020
1769588.79,5472727.4585,13017605,KWWN007126,Wastewater,,,,,,WWCON,,INUS,Paraparaumu,,
1772659.137,5472910.0815,13017606,KWWN008652,Wastewater,11.85,12.21,2.01,13.86,14.22,WWMH,,INUS,Waikanae,Manhole 1,2019
1766768.833,5468560.9435,13017607,KWWN007408,Wastewater,,,,,,WWCON,,INUS,Paraparaumu,,
1775322.64,5473572.2865,13017608,KWWN008961,Wastewater,120.83,121.18,2.55,123.38,123.73,WWMH,,INUS,Waikanae,A1-2,2019
1774253.084,5474017.0685,13017609,KWWN008020,Wastewater,16.51,16.86,1.49,18,18.35,WWMH,,INUS,Waikanae,SSMH-D1,2017
1766584.636,5469214.2735,13017610,KWWN007393,Wastewater,,,,,,WWCON,,INUS,Paraparaumu,,
1771021.269,5474105.5805,13017611,KWWN007577,Wastewater,,,,,,WWCON,,INUS,Waikanae,,2014
1766400.649,5465798.6305,13017612,KWWN010024,Wastewater,,,,,,WWCON,,INUS,Paraparaumu,,
1767524.09,5470939.6205,13017613,KWWN007242,Wastewater,,,,,,WWWW,,INUS,Paraparaumu,,
1767613.105,5472497.5845,13017614,KWWN008104,Wastewater,1.41,1.77,1.35,2.76,3.12,WWMH,,INUS,Paraparaumu,,2017
1771023.958,5474110.5785,13017615,KWWN007575,Wastewater,,,,,,WWWW,,INUS,Waikanae,,2014
1766133.232,5465579.9265,13017616,KWWN010036,Wastewater,,,,,,WWCON,,INUS,Paraparaumu,,
1778774.342,5486232.5015,13017617,KWWN009561,Wastewater,2.04,2.41,1.03,3.07,3.44,WWMH,,INUS,Otaki,,2021
1774423.148,5474029.0385,13017618,KWWN008350,Wastewater,15.6,15.95,1.5,17.1,17.45,WWMH,,INUS,Waikanae,SSMH G3,2017
1768591.03,5471380.9545,13017619,KWWN007284,Wastewater,,,,,,WWCON,,INUS,Paraparaumu,,
1770136.209,5473732.7835,13017620,KWWN007039,Wastewater,,,,,,WWCON,,INUS,Waikanae,,
1772051.434,5475933.2645,13017621,KWWN007028,Wastewater,,,,,,WWWW,,INUS,Waikanae,,1998
1768566.75,5469983.5695,13017622,KWWN007851,Wastewater,,,,,,WWMH,,INUS,Paraparaumu,,2017
1772901.34,5473494.2305,13017623,KWWN009311,Wastewater,15.44,15.79,1.9,17.34,17.69,WWMH,,INUS,Waikanae,SSMH A2,2020
1767389.033,5472142.2895,13017624,KWWN009340,Wastewater,1.23,1.59,1.09,2.32,2.68,WWMH,,PRV,Paraparaumu,,2020
1775223.911,5473735.9645,13017625,KWWN008997,Wastewater,,,,,,WWCE,,PRV,Waikanae,49,2019
1768559.006,5469002.5205,13017626,KWWN009470,Wastewater,,,,,,WWMH,,INUS,Paraparaumu,,2013
1767847.65,5466647.1905,13017627,KWWN009501,Wastewater,9.08,9.43,0.95,10.03,10.38,WWMH,,INUS,Paraparaumu,,2020
1778827.801,5488355.6775,13017628,KWWN007521,Wastewater,1.52,1.89,1.13,2.65,3.02,WWMH,,INUS,Otaki,,1979
1772462.528,5475934.6465,13017629,KWWN007467,Wastewater,,,,,,WWCON,,INUS,Waikanae,,2010
1768135.217,5471294.6125,13017630,KWWN007273,Wastewater,,,,,,WWCON,,INUS,Paraparaumu,,
1772461.003,5475932.7815,13017631,KWWN007473,Wastewater,,,,,,WWCON,,INUS,Waikanae,,2010
1768690.67,5471275.9895,13017632,KWWN007291,Wastewater,,,,,,WWCON,,INUS,Paraparaumu,,
1781924.175,5485921.7145,13017633,KWWN008594,Wastewater,9.08,9.46,1.3,10.38,10.76,WWMH,,INUS,Otaki,,2018
1769970.695,5470976.2105,13017634,KWWN008275,Wastewater,4.99,5.34,,,,WWCON,,INUS,Paraparaumu,,2014
1769497.391,5469799.0625,13017635,KWWN007431,Wastewater,,,,,,WWCON,,INUS,Paraparaumu,,
1769171.857,5467377.2615,13017636,KWWN008699,Wastewater,36.35,36.7,1,37.35,37.7,WWCON,,PRV,Paraparaumu,,1988
1767720.421,5472211.7295,13017637,KWWN007458,Wastewater,,,,,,WWCE,,INUS,Paraparaumu,,2015
1768811.605,5471099.0995,13017638,KWWN008063,Wastewater,,,,,,WWBE,,INUS,Paraparaumu,,2016
1768621.186,5471845.0845,13017639,KWWN007359,Wastewater,3.07,3.42,0.98,4.05,4.4,WWMH,,PRV,Paraparaumu,,2014
1771101.076,5474797.4355,13017640,KWWN009241,Wastewater,1.76,2.12,1.33,3.09,3.45,WWMH,,PRV,Waikanae,,2018
1779967.159,5486398.0005,13017641,KWWN009562,Wastewater,3.69,4.06,1.59,5.28,5.65,WWMH,,INUS,Otaki,,2020
1783227.44,5485584.0095,13017642,KWWN007591,Wastewater,38.56,38.94,1.95,40.51,40.89,WWMH,,INUS,Otaki,C2,2016
1769774.904,5470741.8895,13017643,KWWN008282,Wastewater,7.41,7.76,,,,WWCON,,INUS,Paraparaumu,,
1772053.133,5475934.8705,13017644,KWWN007053,Wastewater,,,,,,WWCON,,INUS,Waikanae,,
1770070.494,5472760.4735,13017645,KWWN007115,Wastewater,,,,,,WWCON,,INUS,Paraparaumu,,
1768436.649,5472403.0155,13017646,KWWN008416,Wastewater,2.17,2.53,1.02,3.19,3.55,WWMH,,PRV,Paraparaumu,,2018
1774141.79,5473403.7845,13017647,KWWN007793,Wastewater,,,,,,WWBE,,INUS,Waikanae,,2017
1774106.011,5473429.0125,13017648,KWWN007784,Wastewater,,,,,,WWBE,,INUS,Waikanae,,2017
1768661.768,5471899.1755,13017649,KWWN007155,Wastewater,,,,,,WWCON,,INUS,Paraparaumu,,
1769957.126,5469942.4035,13017650,KWWN007586,Wastewater,7.67,8.02,0.74,8.41,8.76,WWMH,,INUS,Paraparaumu,,2007
1772465.119,5475938.4925,13017651,KWWN007466,Wastewater,,,,,,WWCON,,INUS,Waikanae,,2010
1779678.154,5486167.7915,13017652,KWWN008158,Wastewater,,,,,,WWVA,,INUS,Otaki,,2016
1774480.17,5474083.1755,13017653,KWWN008349,Wastewater,15.05,15.4,1.67,16.72,17.07,WWMH,,INUS,Waikanae,SSMH G2,2017
1769822.054,5473049.1815,13017654,KWWN007103,Wastewater,,,,,,WWWW,,INUS,Waikanae,,2002
1775195.737,5473701.2305,13017655,KWWN008968,Wastewater,76.32,76.67,1.58,77.9,78.25,WWMH,,INUS,Waikanae,C2-2,2019
1769076.587,5468668.0365,13017656,KWWN008790,Wastewater,,,,,,WWCON,,INUS,Paraparaumu,,2008
1768327.87,5471462.4615,13017657,KWWN007276,Wastewater,,,,,,WWCON,,INUS,Paraparaumu,,
1767226.689,5471917.0835,13017658,KWWN007892,Wastewater,,,,,,WWCON,,INUS,Paraparaumu,,2017
1768029.625,5470401.7905,13017659,KWWN007798,Wastewater,,,,,,WWCON,,INUS,Paraparaumu,,2017
1768276.169,5469542.7675,13017660,KWWN007382,Wastewater,,,,,,WWCON,,INUS,Paraparaumu,,
1780892.706,5486914.0055,13017661,KWWN007730,Wastewater,,,,,,WWCE,,INUS,Otaki,,2017
1774477.511,5472554.3885,13017662,KWWN007440,Wastewater,,,,,,WWMH,,INUS,Waikanae,,2000
1772868.67,5473612.2405,13017663,KWWN009315,Wastewater,16.42,16.78,1.25,17.67,18.03,WWMH,,INUS,Waikanae,SSMH A6,2020
1768393.187,5471761.4535,13017664,KWWN007803,Wastewater,,,,3.53,3.88,WWCE,,INUS,Paraparaumu,,2017
1768660.29,5471899.1855,13017665,KWWN007151,Wastewater,,,,,,WWCON,,INUS,Paraparaumu,,
1768391.331,5469568.2055,13017666,KWWN008338,Wastewater,7.03,7.38,1.12,8.15,8.5,WWCE,,INUS,Paraparaumu,SS-MINI-MH-A-4,2015
1768800.653,5471208.4395,13017667,KWWN008061,Wastewater,,,,,,WWBE,,INUS,Paraparaumu,,2016
1766554.002,5469579.1635,13017668,KWWN007386,Wastewater,,,,,,WWCON,,INUS,Paraparaumu,,
1769868.778,5470055.3235,13017669,KWWN007439,Wastewater,,,,,,WWCON,,INUS,Paraparaumu,,2002
1766549.026,5467932.0155,13017670,KWWN007620,Wastewater,,,,,,WWMH,,INUS,Paraparaumu,,2016
1770003.871,5471462.6435,13017671,KWWN007199,Wastewater,,,,,,WWCON,,INUS,Paraparaumu,,
1771013.31,5474110.4395,13017672,KWWN007581,Wastewater,,,,,,WWCON,,INUS,Waikanae,,2014
1774161.543,5473901.7915,13017673,KWWN007524,Wastewater,17.45,17.8,1.65,19.1,19.45,WWMH,,INUS,Waikanae,A7,2013
1766897.972,5469448.1535,13017674,KWWN007396,Wastewater,,,,,,WWCON,,INUS,Paraparaumu,,
1772472.025,5475947.0835,13017675,KWWN007453,Wastewater,,,,,,WWBE,,INUS,Waikanae,,2001
1768913.527,5470920.9995,13017676,KWWN007368,Wastewater,3.19,3.54,1.17,4.36,4.71,WWMH,,INUS,Paraparaumu,,2012
1768662.138,5471900.8855,13017677,KWWN007150,Wastewater,,,,,,WWCON,,INUS,Paraparaumu,,
1774229.56,5474499.5405,13017678,KWWN009067,Wastewater,14.09,14.44,1.33,15.42,15.77,WWMH,,INUS,Waikanae,SSMH B3,2019
1782936.737,5485700.1335,13017679,KWWN009988,Wastewater,,,,,,WWCE,,PRV,Otaki,,2018
1767644.156,5468996.2525,13017680,KWWN007817,Wastewater,,,,,,WWCON,,INUS,Paraparaumu,,2013
1768639.158,5470500.5635,13017681,KWWN008368,Wastewater,,,,,,WWCON,,INUS,Paraparaumu,,
1766911.888,5471371.1995,13017682,KWWN008695,Wastewater,,,,,,WWMH,,PRV,Paraparaumu,,2000
1767524.239,5470940.1845,13017683,KWWN007243,Wastewater,,,,,,WWCON,,INUS,Paraparaumu,,
1770003.937,5471460.6055,13017684,KWWN007200,Wastewater,,,,,,WWCON,,INUS,Paraparaumu,,
1768860.126,5471560.8435,13017685,KWWN007604,Wastewater,3.95,4.3,2.18,6.13,6.48,WWMH,,INUS,Paraparaumu,,2016
1768657.281,5471080.7035,13017686,KWWN008100,Wastewater,,,,,,WWBE,,INUS,Paraparaumu,,2016
1767524.77,5470939.6865,13017687,KWWN007244,Wastewater,,,,,,WWCON,,INUS,Paraparaumu,,
1766960.91,5467591.1175,13017688,KWWN008411,Wastewater,3.62,3.97,0.76,4.38,4.73,WWMH,,INUS,Paraparaumu,,2008
1767737.452,5470201.2645,13017689,KWWN008508,Wastewater,5.41,5.76,1.2,6.61,6.96,WWMH,,PRV,Paraparaumu,C7,2019
1783341.895,5485653.6055,13017690,KWWN008645,Wastewater,42.05,42.43,1.21,43.26,43.64,WWMH,,INUS,Otaki,SSMH4,2019
1774209.665,5473840.6585,13017691,KWWN007522,Wastewater,18.35,18.7,1.6,19.95,20.3,WWMH,,INUS,Waikanae,A8,2013
1771077.356,5474780.0705,13017692,KWWN009242,Wastewater,1.22,1.58,1.63,2.85,3.21,WWMH,,PRV,Waikanae,,2018
1769340.991,5471335.0175,13017693,KWWN007208,Wastewater,,,,,,WWCON,,INUS,Paraparaumu,,
1768320.355,5470507.0365,13017694,KWWN007442,Wastewater,4.32,4.67,0.54,4.86,5.21,WWMH,,INUS,Paraparaumu,,2000
1774679.297,5473666.8945,13017695,KWWN009203,Wastewater,26.32,26.67,2.4,28.72,29.07,WWMH,,INUS,Waikanae,SSMH B1,2020
1768803.733,5471127.9315,13017696,KWWN008053,Wastewater,,,,,,WWBE,,PRV,Paraparaumu,,2016
1772872.89,5473521.7905,13017697,KWWN009312,Wastewater,15.66,16.02,1.82,17.48,17.84,WWMH,,INUS,Waikanae,SSMH A3,2020
1767673.58,5470791.8225,13017698,KWWN007236,Wastewater,,,,,,WWCON,,PRV,Paraparaumu,,
1769361.058,5468921.1395,13017699,KWWN007423,Wastewater,,,,,,WWCON,,INUS,Paraparaumu,,
1767855.889,5472013.3495,13017700,KWWN007160,Wastewater,,,,,,WWCON,,INUS,Paraparaumu,,
1775266.143,5473727.7725,13017701,KWWN008991,Wastewater,89.62,89.97,2.67,92.29,92.64,WWMH,,INUS,Waikanae,C1-2,2019
1766897.504,5469447.1915,13017702,KWWN007394,Wastewater,,,,,,WWCON,,INUS,Paraparaumu,,
1767460.009,5466352.6825,13017703,KWWN007814,Wastewater,11,11.35,0.87,11.87,12.22,WWMH,,INUS,Paraparaumu,,2017
1766789.026,5470983.5395,13017704,KWWN007262,Wastewater,,,,,,WWCON,,INUS,Paraparaumu,,
1774117.326,5473464.3615,13017705,KWWN007782,Wastewater,,,,,,WWBE,,INUS,Waikanae,,2017
1770002.386,5471463.3005,13017706,KWWN007201,Wastewater,,,,,,WWCON,,INUS,Paraparaumu,,
1771179.956,5474630.5345,13017707,KWWN007815,Wastewater,,,,,,WWCON,,INUS,Waikanae,,1974
1771417.48,5474977.4205,13017708,KWWN009641,Wastewater,2.48,2.84,0.97,3.45,3.81,WWMH,,INUS,Waikanae,,2021
1767180.616,5472115.9295,13017709,KWWN007172,Wastewater,,,,,,WWCON,,INUS,Paraparaumu,,
1769949.113,5471051.2625,13017710,KWWN008269,Wastewater,,,,,,WWBE,,INUS,Paraparaumu,,2014
1768662.254,5471898.9955,13017711,KWWN007157,Wastewater,,,,,,WWCON,,INUS,Paraparaumu,,
1769341.534,5471336.2705,13017712,KWWN007204,Wastewater,,,,,,WWCON,,INUS,Paraparaumu,,
1778825.098,5488245.1005,13017713,KWWN007626,Wastewater,0.83,1.2,1.51,2.34,2.71,WWCE,,INUS,Otaki,,2016
1767235.003,5471919.8515,13017714,KWWN007894,Wastewater,,,,,,WWCE,,PRV,Paraparaumu,,2017
1772471.464,5475946.3855,13017715,KWWN007454,Wastewater,,,,,,WWCON,,INUS,Waikanae,,2001
1768591.115,5471381.7845,13017716,KWWN007285,Wastewater,,,,,,WWCON,,INUS,Paraparaumu,,
1775326.367,5473732.0695,13017717,KWWN008969,Wastewater,100.08,100.43,2.56,102.64,102.99,WWMH,,INUS,Waikanae,A1-5,2019
1767856.77,5472013.1455,13017718,KWWN007162,Wastewater,,,,,,WWCON,,INUS,Paraparaumu,,
1769035.506,5471482.1755,13017719,KWWN007212,Wastewater,,,,,,WWCON,,INUS,Paraparaumu,,
1766600.711,5470443.1945,13017720,KWWN007223,Wastewater,,,,,,WWCON,,INUS,Paraparaumu,,
1772855.66,5473571.4605,13017721,KWWN009314,Wastewater,16.17,16.53,1.25,17.42,17.78,WWMH,,INUS,Waikanae,SSMH A5,2020
1780904.746,5486902.5005,13017722,KWWN007710,Wastewater,4.56,4.93,1.67,6.23,6.6,WWMH,,INUS,Otaki,,2008
1769355.629,5468743.9025,13017723,KWWN008139,Wastewater,12.62,12.97,1.31,13.93,14.28,WWMH,,INUS,Paraparaumu,,2017
1777887.746,5486361.8765,13017724,KWWN008783,Wastewater,2.58,2.95,0.9,3.48,3.85,WWMH,,INUS,Otaki,,2019
1773488.935,5473320.2765,13017725,KWWN009365,Wastewater,,,,21.57,21.92,WWCE,,PRV,Waikanae,,2020
1771453.965,5474974.0905,13017726,KWWN007811,Wastewater,,,,,,WWCE,,PRV,Waikanae,,2017
1780659.566,5485668.1745,13017727,KWWN008150,Wastewater,,,,,,WWMH,,INUS,Otaki,,2006
1775179.491,5473637.7845,13017728,KWWN008966,Wastewater,74.98,75.33,1.24,76.22,76.57,WWMH,,INUS,Waikanae,C1-7,2019
1766467.464,5465695.1635,13017729,KWWN010019,Wastewater,,,,,,WWCON,,INUS,Paraparaumu,,
1766401.2,5465798.2405,13017730,KWWN010025,Wastewater,,,,,,WWCON,,INUS,Paraparaumu,,
1768896.773,5472751.5455,13017731,KWWN007132,Wastewater,,,,,,WWCON,,INUS,Paraparaumu,,1996
1768592.318,5471379.1375,13017732,KWWN007280,Wastewater,,,,,,WWCON,,INUS,Paraparaumu,,
1780653.739,5485675.5375,13017733,KWWN008151,Wastewater,,,,,,WWMH,,INUS,Otaki,,2006
1769658.726,5473856.4085,13017734,KWWN007093,Wastewater,,,,,,WWCON,,INUS,Waikanae,,
1778804.764,5488206.6055,13017735,KWWN007625,Wastewater,0.54,0.91,1.89,2.43,2.8,WWMH,,INUS,Otaki,,2016
1767165.368,5468047.0405,13017736,KWWN007801,Wastewater,,,,,,WWBE,,INUS,Paraparaumu,,2017
1767526.171,5466238.8605,13017737,KWWN009126,Wastewater,,,,,,WWMH,,PRV,Paraparaumu,,2018
1767828.422,5466506.7775,13017738,KWWN008021,Wastewater,6.04,6.39,1.72,7.76,8.11,WWMH,,INUS,Paraparaumu,,2018
1768177.706,5472620.7045,13017739,KWWN007138,Wastewater,,,,,,WWCON,,INUS,Paraparaumu,,
1767966.256,5466720.1735,13017740,KWWN007944,Wastewater,6.33,6.68,0.9,7.23,7.58,WWMH,,INUS,Paraparaumu,MH2,2017
1766768.027,5468560.3665,13017741,KWWN007407,Wastewater,,,,,,WWCON,,INUS,Paraparaumu,,
1768177.129,5472620.3385,13017742,KWWN007140,Wastewater,,,,,,WWCON,,INUS,Paraparaumu,,
1769204.948,5468393.0495,13017743,KWWN007615,Wastewater,24.69,25.04,1.57,26.26,26.61,WWMH,,INUS,Paraparaumu,,2016
1779972.207,5486371.6175,13017744,KWWN009563,Wastewater,3.83,4.2,1.74,5.57,5.94,WWMH,,INUS,Otaki,,2020
1769584.835,5470470.7965,13017745,KWWN007909,Wastewater,,,,,,WWBE,,INUS,Paraparaumu,,
1769709.512,5470793.1605,13017746,KWWN008280,Wastewater,6.26,6.61,,,,WWCON,,INUS,Paraparaumu,43ELSY-1,
1771023.933,5474107.0775,13017747,KWWN007576,Wastewater,,,,,,WWCON,,INUS,Waikanae,,2014
1774761.148,5473709.9195,13017748,KWWN009193,Wastewater,27.69,28.04,2.05,29.74,30.09,WWMH,,INUS,Waikanae,SSMH A5,2020
1768760.941,5468640.1795,13017749,KWWN009599,Wastewater,,,,,,WWMH,,PRV,Paraparaumu,,2021
1774785.775,5473694.6365,13017750,KWWN009192,Wastewater,29.77,30.12,2.18,31.95,32.3,WWMH,,INUS,Waikanae,SSMH A4,2020
1768750.222,5468629.6245,13017751,KWWN009598,Wastewater,,,,,,WWMH,,PRV,Paraparaumu,,2021
1772461.279,5475937.4035,13017752,KWWN007463,Wastewater,,,,,,WWCON,,INUS,Waikanae,,2001
1775436.054,5473800.5875,13017753,KWWN008985,Wastewater,117.44,117.79,1.82,119.26,119.61,WWMH,,INUS,Waikanae,A4-2,2019
1774724.3,5473733.4755,13017754,KWWN009194,Wastewater,25.07,25.42,2.35,27.42,27.77,WWMH,,INUS,Waikanae,SSMH A6,2020
1783075.288,5485653.3005,13017755,KWWN009507,Wastewater,38.51,38.89,1,39.51,39.89,WWCON,,INUS,Otaki,,2020
1767470.697,5471844.9885,13017756,KWWN007175,Wastewater,,,,,,WWCON,,INUS,Paraparaumu,,
1768802.095,5468427.8135,13017757,KWWN008793,Wastewater,7.77,8.12,1.21,8.98,9.33,WWMH,,PRV,Paraparaumu,,2019
1766930.272,5466264.3945,13017758,KWWN007475,Wastewater,6.27,6.62,1.38,7.65,8,WWMH,,INUS,Paraparaumu,,2001
1772053.194,5475935.3255,13017759,KWWN007054,Wastewater,,,,,,WWCON,,INUS,Waikanae,,1998
1771393.12,5475010.0005,13017760,KWWN009646,Wastewater,2.33,2.69,0.98,3.31,3.67,WWMH,,INUS,Waikanae,,2021
1775330.522,5473689.8215,13017761,KWWN008963,Wastewater,106.16,106.51,2.27,108.43,108.78,WWMH,,INUS,Waikanae,A1-4,2019
1769868.659,5470054.4375,13017762,KWWN007438,Wastewater,,,,,,WWCON,,INUS,Paraparaumu,,2002
1766904.16,5468183.9805,13017763,KWWN009539,Wastewater,3.89,4.24,0.83,4.72,5.07,WWMH,,INUS,Paraparaumu,SSMH4,2020
1773095.504,5472734.0045,13017764,KWWN007703,Wastewater,,,,,,WWMH,,PRV,Waikanae,,2016
1766824.131,5468471.8895,13017765,KWWN008635,Wastewater,2.52,2.88,1.68,4.21,4.56,WWMH,,INUS,Paraparaumu,,2018
1772459.178,5475939.1495,13017766,KWWN007041,Wastewater,,,,,,WWCON,,INUS,Waikanae,,2001
1768593.212,5471379.6875,13017767,KWWN007279,Wastewater,,,,,,WWCON,,INUS,Paraparaumu,,
1780786.747,5485010.4215,13017768,KWWN008216,Wastewater,7.21,7.58,3.31,10.52,10.89,WWMH,,INUS,Otaki,SS MH A1,2018
1769036.016,5471482.5305,13017769,KWWN007211,Wastewater,,,,,,WWCON,,INUS,Paraparaumu,,
1768172.968,5472618.6485,13017770,KWWN007143,Wastewater,,,,,,WWCON,,INUS,Paraparaumu,,
1766788.387,5470983.7255,13017771,KWWN007260,Wastewater,,,,,,WWCON,,INUS,Paraparaumu,,
1767946.843,5469163.0545,13017772,KWWN009517,Wastewater,6.43,6.78,0.9,7.33,7.68,WWMH,,INUS,Paraparaumu,,2020
1769696.171,5469112.4635,13017773,KWWN009547,Wastewater,11.43,11.78,0.68,12.11,12.46,WWMH,,INUS,Paraparaumu,,2020
1768061.612,5470965.4395,13017774,KWWN007461,Wastewater,,,,,,WWCON,,INUS,Paraparaumu,,
1767917.18,5468454.8385,13017775,KWWN007376,Wastewater,,,,,,WWCON,,INUS,Paraparaumu,,
1775189.674,5473595.7075,13017776,KWWN008479,Wastewater,,,,,,WWMH,,INUS,Waikanae,,1978
1768871.926,5471249.8085,13017777,KWWN007356,Wastewater,1.65,2,,,,WWMH,,INUS,Paraparaumu,,2014
1768813.815,5471223.0445,13017778,KWWN007357,Wastewater,1.19,1.54,,,,WWMH,,INUS,Paraparaumu,,2014
1780729.076,5484903.0755,13017779,KWWN008219,Wastewater,8.08,8.45,2.66,10.74,11.11,WWMH,,INUS,Otaki,SS MH A2,2018
1774090.068,5473415.5555,13017780,KWWN007786,Wastewater,22.65,23,1.98,24.63,24.98,WWMH,,INUS,Waikanae,,2017
1768065.918,5470868.4245,13017781,KWWN007296,Wastewater,,,,,,WWCON,,INUS,Paraparaumu,,
1768172.345,5470769.2355,13017782,KWWN007305,Wastewater,,,,,,WWCON,,INUS,Paraparaumu,,2002
1782142.806,5485537.0095,13017783,KWWN008704,Wastewater,11.04,11.42,1.66,12.71,13.08,WWMH,,INUS,Otaki,,2019
1772460.356,5475931.9915,13017784,KWWN007472,Wastewater,,,,,,WWFM,,INUS,Waikanae,,2010
1768106.177,5469795.3765,13017785,KWWN007519,Wastewater,,,,6.3,6.65,WWMH,,PRV,Paraparaumu,EX1,2013
1774817.128,5473720.4585,13017786,KWWN009200,Wastewater,31.64,31.99,1.55,33.19,33.54,WWMH,,INUS,Waikanae,SSMH F2,2020
1780898.199,5486871.7135,13017787,KWWN007717,Wastewater,,,,,,WWCE,,INUS,Otaki,,2017
1766853.733,5466311.2325,13017788,KWWN007474,Wastewater,5.85,6.2,1.15,7,7.35,WWMH,,INUS,Paraparaumu,,2001
1768926.812,5470933.9495,13017789,KWWN007365,Wastewater,,,,,,WWVA,,INUS,Paraparaumu,,2012
1767862.575,5466692.3205,13017790,KWWN009500,Wastewater,8.65,9,0.96,9.61,9.96,WWMH,,INUS,Paraparaumu,,2020
1768638.191,5470500.9335,13017791,KWWN008366,Wastewater,,,,,,WWCON,,INUS,Paraparaumu,,
1768029.362,5470400.7675,13017792,KWWN007796,Wastewater,,,,,,WWCON,,INUS,Paraparaumu,,2017
1768250.979,5470546.5415,13017793,KWWN007322,Wastewater,,,,,,WWCON,,INUS,Paraparaumu,,
1768804.901,5471172.0555,13017794,KWWN008058,Wastewater,,,,,,WWCE,,PRV,Paraparaumu,,2016
1770068.918,5472761.2005,13017795,KWWN007119,Wastewater,,,,,,WWCON,,INUS,Paraparaumu,,
1768811.798,5471133.4975,13017796,KWWN008054,Wastewater,,,,,,WWCE,,PRV,Paraparaumu,,2016
1769824.572,5469971.6345,13017797,KWWN008363,Wastewater,7.4,7.75,1.14,8.54,8.89,WWMH,,INUS,Paraparaumu,,2018
1767856.371,5472012.7455,13017798,KWWN007159,Wastewater,,,,,,WWCON,,INUS,Paraparaumu,,
1767428.364,5467119.6315,13017799,KWWN007434,Wastewater,,,,,,WWCON,,INUS,Paraparaumu,,
1769659.331,5473856.8365,13017800,KWWN007096,Wastewater,,,,,,WWCON,,INUS,Waikanae,,
1768172.647,5470769.5625,13017801,KWWN007307,Wastewater,,,,,,WWCON,,INUS,Paraparaumu,,2002
1768232.471,5471072.1215,13017802,KWWN007191,Wastewater,,,,,,WWCON,,INUS,Paraparaumu,,2000
1768567.659,5469010.8675,13017803,KWWN009472,Wastewater,,,,,,WWCE,,INUS,Paraparaumu,,2013
1775332.658,5473869.5765,13017804,KWWN007921,Wastewater,86.45,86.8,3.56,90.01,90.36,WWMH,,INUS,Waikanae,,2017
1768168.78,5470768.0885,13017805,KWWN007300,Wastewater,-0.4,-0.05,5.09,4.69,5.04,WWWW,,INUS,Paraparaumu,PSP00095,2002
1767179.281,5472114.8055,13017806,KWWN007167,Wastewater,,,,,,WWCON,,INUS,Paraparaumu,,
1771434.208,5473519.7275,13017807,KWWN007107,Wastewater,,,,,,WWCON,,PRV,Waikanae,,
1774408.15,5474129.0315,13017808,KWWN007993,Wastewater,15.21,15.56,1.4,16.61,16.96,WWMH,,INUS,Waikanae,SSMH-C1,2017
1779682.949,5486294.8695,13017809,KWWN008463,Wastewater,2.01,2.38,2.9,4.91,5.28,WWMH,,INUS,Otaki,MH1,2016
1780953.583,5486861.7035,13017810,KWWN007745,Wastewater,4.93,5.3,1.5,6.43,6.8,WWCE,,INUS,Otaki,,2017
1775282.293,5473766.0665,13017811,KWWN008989,Wastewater,90.07,90.42,1.44,91.51,91.86,WWMH,,INUS,Waikanae,C1-1,2019
1768517.729,5469478.9745,13017812,KWWN007898,Wastewater,,,,,,WWBE,,PRV,Paraparaumu,,2014
1770071.307,5472760.4675,13017813,KWWN007033,Wastewater,,,,,,WWWW,,INUS,Paraparaumu,,
1766600.182,5470443.1815,13017814,KWWN007221,Wastewater,,,,,,WWCON,,INUS,Paraparaumu,,
1780303.719,5486741.1675,13017815,KWWN008817,Wastewater,,,,,,WWWW,,PRV,Otaki,,
1771434.917,5473519.5065,13017816,KWWN007108,Wastewater,,,,,,WWCON,,PRV,Waikanae,,
1768301.832,5470526.1925,13017817,KWWN007441,Wastewater,4.07,4.42,1.75,5.82,6.17,WWMH,,INUS,Paraparaumu,,2000
1766622.825,5468034.5585,13017818,KWWN007104,Wastewater,,,,,,WWMH,,INUS,Paraparaumu,,2005
1772870.19,5473542.8405,13017819,KWWN009319,Wastewater,15.9,16.26,1.59,17.49,17.85,WWMH,,INUS,Waikanae,SSMH B1,2020
1775291.008,5473689.8625,13017820,KWWN008988,Wastewater,99,99.35,1.14,100.14,100.49,WWMH,,INUS,Waikanae,C3-1,2019
1770071.185,5472760.7525,13017821,KWWN007114,Wastewater,,,,,,WWCON,,INUS,Paraparaumu,,
1777923.67,5486475.0385,13017822,KWWN008781,Wastewater,1.46,1.83,1.5,2.96,3.33,WWMH,,INUS,Otaki,,2019
1771435.016,5473521.1005,13017823,KWWN007113,Wastewater,,,,,,WWCON,,PRV,Waikanae,,
1768275.175,5469542.6665,13017824,KWWN007384,Wastewater,,,,,,WWCON,,INUS,Paraparaumu,,
1772846.07,5473629.7705,13017825,KWWN009316,Wastewater,16.59,16.95,1.22,17.81,18.17,WWMH,,INUS,Waikanae,SSMH A7,2020
1771007.498,5474111.1185,13017826,KWWN007582,Wastewater,,,,,,WWCON,,INUS,Waikanae,,2014
1768909.742,5468626.2085,13017827,KWWN007857,Wastewater,,,,,,WWCON,,PRV,Paraparaumu,,
1774474.303,5472649.9325,13017828,KWWN008679,Wastewater,,,1.5,,,WWMH,,PRV,Waikanae,,
1768767.439,5468664.5425,13017829,KWWN009606,Wastewater,8.46,8.81,0.55,9.01,9.36,WWMH,,PRV,Paraparaumu,,2017
1768692.553,5471274.6745,13017830,KWWN007289,Wastewater,,,,,,WWCON,,INUS,Paraparaumu,,
1766790.444,5470982.6945,13017831,KWWN007265,Wastewater,,,,,,WWCON,,INUS,Paraparaumu,,
1767382.474,5471894.5405,13017832,KWWN007870,Wastewater,5.89,6.24,1.35,7.24,7.59,WWMH,,INUS,Paraparaumu,,2017
1767746.202,5470219.0145,13017833,KWWN008509,Wastewater,5.63,5.98,0.92,6.55,6.9,WWMH,,PRV,Paraparaumu,C8,2019
1782908.593,5485663.6425,13017834,KWWN009985,Wastewater,33.3,33.68,1.59,34.89,35.27,WWMH,,PRV,Otaki,,2018
1766698.455,5466391.2135,13017835,KWWN007344,Wastewater,,,,,,WWCON,,INUS,Paraparaumu,,
1771031.082,5474835.9565,13017836,KWWN007030,Wastewater,,,,,,WWCON,,INUS,Waikanae,,
1774196.975,5474422.9735,13017837,KWWN009052,Wastewater,,,,,,WWCE,,PRV,Waikanae,,2019
1768937.452,5471303.1575,13017838,KWWN007569,Wastewater,,,,,,WWMH,,INUS,Paraparaumu,,2012
1766599.531,5470443.3175,13017839,KWWN007219,Wastewater,,,,,,WWCON,,INUS,Paraparaumu,,
1783220.548,5485596.7515,13017840,KWWN007587,Wastewater,38.59,38.97,1.95,40.54,40.92,WWMH,,INUS,Otaki,A3,2016
1772470.379,5475945.0025,13017841,KWWN007451,Wastewater,,,,,,WWVA,,INUS,Waikanae,,2001
1766849.173,5469097.3835,13017842,KWWN007402,Wastewater,,,,,,WWCON,,INUS,Paraparaumu,,
1766709.55,5469468.2945,13017843,KWWN007389,Wastewater,,,,,,WWCON,,INUS,Paraparaumu,,
1782934.495,5485723.1145,13017844,KWWN009986,Wastewater,33.85,34.23,1.67,35.52,35.9,WWMH,,PRV,Otaki,,2018
1774154.314,5473996.6065,13017845,KWWN007525,Wastewater,16.17,16.52,1.84,18.01,18.36,WWMH,,INUS,Waikanae,A5,2013
1772717.933,5472899.0885,13017846,KWWN008655,Wastewater,13.02,13.38,0.84,13.86,14.22,WWMH,,INUS,Waikanae,Manhole 4,2019
1769523.607,5473789.6655,13017847,KWWN008846,Wastewater,,,,,,WWMH,,INUS,Waikanae,,1974
1783107.23,5485901.3705,13017848,KWWN008492,Wastewater,36.36,36.74,2.05,38.41,38.79,WWMH,,INUS,Otaki,,2019
1768563.494,5469976.5515,13017849,KWWN007854,Wastewater,,,,,,WWCON,,INUS,Paraparaumu,,2016
1768638.85,5470498.3065,13017850,KWWN007334,Wastewater,,,,,,WWCON,,INUS,Paraparaumu,,
1767980.725,5471863.5725,13017851,KWWN007189,Wastewater,,,,,,WWCON,,INUS,Paraparaumu,,
1771657.404,5474130.6785,13017852,KWWN010013,Wastewater,5.19,5.55,1.7,6.89,7.25,WWMH,,PRV,Waikanae,,2021
1782345.494,5485476.1885,13017853,KWWN007850,Wastewater,2.17,2.55,,,,WWMH,,INUS,Otaki,,1978
1768061.182,5470965.0665,13017854,KWWN007459,Wastewater,,,,,,WWCON,,INUS,Paraparaumu,,
1767912.093,5468454.8045,13017855,KWWN007608,Wastewater,,,,,,WWCON,,INUS,Paraparaumu,,
1766947.48,5471396.8545,13017856,KWWN008696,Wastewater,,,,,,WWMH,,PRV,Paraparaumu,,2000
1767863.59,5466398.1075,13017857,KWWN007675,Wastewater,,,,,,WWCON,,INUS,Paraparaumu,,2016
1766661.591,5468033.8625,13017858,KWWN007420,Wastewater,,,,,,WWWW,,INUS,Paraparaumu,,
1769341.95,5471335.9115,13017859,KWWN007203,Wastewater,,,,,,WWCON,,INUS,Paraparaumu,,
1767616.231,5467943.5335,13017860,KWWN007901,Wastewater,10.29,10.64,,,,WWMH,,PRV,Paraparaumu,,2017
1772457.999,5475937.7125,13017861,KWWN007040,Wastewater,,,,,,WWCON,,INUS,Waikanae,,2001
1767164.087,5469178.0345,13017862,KWWN007399,Wastewater,,,,,,WWCON,,INUS,Paraparaumu,,
1769952.202,5471051.5865,13017863,KWWN008276,Wastewater,,,,,,WWVA,,INUS,Paraparaumu,,2014
1781896.082,5485984.0905,13017864,KWWN008595,Wastewater,8.52,8.9,1.54,10.06,10.44,WWMH,,INUS,Otaki,,2018
1768045.045,5471029.5405,13017865,KWWN009391,Wastewater,4.09,4.44,1.32,5.41,5.76,WWMH,,INUS,Paraparaumu,,2020
1774715.907,5473638.3055,13017866,KWWN009205,Wastewater,29.16,29.51,1.98,31.14,31.49,WWMH,,INUS,Waikanae,SSMH E1,2020
1774402.696,5473339.7155,13017867,KWWN007100,Wastewater,,,,,,WWMH,,INUS,Waikanae,,2015
1774833.226,5473664.5475,13017868,KWWN009189,Wastewater,33.53,33.88,2.33,35.86,36.21,WWMH,,INUS,Waikanae,SSMH A1,2020
1767791.134,5469847.1375,13017869,KWWN007520,Wastewater,,,,,,WWCON,,PRV,Paraparaumu,,2013
1769060.568,5468292.1865,13017870,KWWN007532,Wastewater,,,,,,WWCE,,INUS,Paraparaumu,,2015
1768659.994,5471899.6715,13017871,KWWN007148,Wastewater,,,,,,WWCON,,INUS,Paraparaumu,,
1770327.436,5471231.6685,13017872,KWWN007435,Wastewater,,,,,,WWWW,,INUS,Paraparaumu,,
1769165.783,5467321.5775,13017873,KWWN008702,Wastewater,40.81,41.16,,,,WWMH,,PRV,Paraparaumu,,
1769034.903,5471483.0535,13017874,KWWN007215,Wastewater,,,,,,WWCON,,INUS,Paraparaumu,,
1783218.348,5485650.1205,13017875,KWWN007589,Wastewater,39.77,40.15,1.31,41.08,41.46,WWMH,,INUS,Otaki,B1,2016
1767673.558,5470792.2635,13017876,KWWN007238,Wastewater,,,,,,WWCON,,PRV,Paraparaumu,,
1768899.984,5471994.5625,13017877,KWWN007145,Wastewater,,,2.7,,,WWWW,,INUS,Paraparaumu,,2014
1767470.098,5471844.6335,13017878,KWWN007177,Wastewater,,,,,,WWCON,,INUS,Paraparaumu,,
1772051.772,5475933.4395,13017879,KWWN007049,Wastewater,,,,,,WWCON,,INUS,Waikanae,,
1769962.117,5469994.4225,13017880,KWWN008834,Wastewater,7.45,7.8,1.06,8.51,8.86,WWMH,,PRV,Paraparaumu,,2016
1767525.169,5470941.0645,13017881,KWWN007248,Wastewater,,,,,,WWCON,,INUS,Paraparaumu,,
1774197.699,5474510.9535,13017882,KWWN009055,Wastewater,,,,,,WWCE,,PRV,Waikanae,,2019
1768151.049,5470320.5325,13017883,KWWN007379,Wastewater,,,,,,WWCON,,INUS,Paraparaumu,,
1770828.063,5472985.8885,13017884,KWWN008299,Wastewater,,,,,,WWCON,,PRV,Waikanae,,2016
1768899.478,5470994.4115,13017885,KWWN007363,Wastewater,4,4.35,1.91,5.91,6.26,WWMH,,INUS,Paraparaumu,,2012
1775168.122,5473656.7975,13017886,KWWN008976,Wastewater,72.63,72.98,1.12,73.75,74.1,WWMH,,INUS,Waikanae,C1-8,2019
1768592.542,5471380.7875,13017887,KWWN007281,Wastewater,,,,,,WWCON,,INUS,Paraparaumu,,
1766948.941,5471361.6675,13017888,KWWN008690,Wastewater,,,,,,WWMH,,PRV,Paraparaumu,,2000
1774847.015,5473058.6255,13017889,KWWN008841,Wastewater,,,,,,WWMH,,PRV,Waikanae,,2012
1768754.754,5471075.2635,13017890,KWWN008073,Wastewater,,,,,,WWBE,,INUS,Paraparaumu,,2016
1766896.947,5469448.0915,13017891,KWWN007395,Wastewater,,,,,,WWCON,,INUS,Paraparaumu,,
1767639.562,5469010.1095,13017892,KWWN007585,Wastewater,,,,,,WWVA,,INUS,Paraparaumu,,2014
1778773.262,5488157.7165,13017893,KWWN007662,Wastewater,,,,,,WWCON,,INUS,Otaki,,2016
1771465.864,5474957.9985,13017894,KWWN007812,Wastewater,,,,,,WWBE,,PRV,Waikanae,,2017
1768692.64,5471041.0515,13017895,KWWN008084,Wastewater,,,,,,WWBE,,INUS,Paraparaumu,,2016
1769035.72,5471482.9205,13017896,KWWN007214,Wastewater,,,,,,WWCON,,INUS,Paraparaumu,,
1767255.123,5471944.7905,13017897,KWWN007887,Wastewater,,,,,,WWCON,,PRV,Paraparaumu,,2017
1766710.635,5469467.9215,13017898,KWWN007388,Wastewater,,,,,,WWCON,,INUS,Paraparaumu,,
1767255.105,5471940.6025,13017899,KWWN007890,Wastewater,,,,,,WWCE,,PRV,Paraparaumu,,2017
1767980.07,5471863.6865,13017900,KWWN007187,Wastewater,,,,,,WWCON,,INUS,Paraparaumu,,
1767239.399,5471921.6385,13017901,KWWN007889,Wastewater,,,,,,WWCON,,PRV,Paraparaumu,,2017
1774349.58,5474164.5795,13017902,KWWN007986,Wastewater,14.79,15.14,1.7,16.49,16.84,WWMH,,INUS,Waikanae,SSMH-B1,2017
1769659.342,5473857.2655,13017903,KWWN007097,Wastewater,,,,,,WWCON,,INUS,Waikanae,,
1771257.583,5475303.1605,13017904,KWWN007029,Wastewater,,,,,,WWWW,,INUS,Waikanae,,
1767979.186,5471864.4565,13017905,KWWN007185,Wastewater,,,,,,WWCON,,INUS,Paraparaumu,,
1772850.6,5473655.1905,13017906,KWWN009318,Wastewater,16.87,17.23,1.28,18.15,18.51,WWMH,,INUS,Waikanae,SSMH A9,2020
1778861.988,5487641.6465,13017907,KWWN007610,Wastewater,,,,,,WWCON,,INUS,Otaki,,2016
1774505.888,5473647.0375,13017908,KWWN007644,Wastewater,,,,,,WWCE,,INUS,Waikanae,,2015
1768134.846,5471295.1315,13017909,KWWN007269,Wastewater,,,,,,WWCON,,INUS,Paraparaumu,,
1766774.94,5470534.0605,13017910,KWWN008684,Wastewater,1.42,1.77,2.76,4.18,4.53,WWMH,,INUS,Paraparaumu,,2019
1775199.761,5473605.7035,13017911,KWWN008999,Wastewater,,,,,,WWCE,,PRV,Waikanae,51,2019
1772463.329,5475940.4145,13017912,KWWN007464,Wastewater,,,,,,WWCON,,INUS,Waikanae,,2001
1775344.331,5473820.9705,13017913,KWWN008980,Wastewater,96.72,97.07,1.61,98.33,98.68,WWMH,,INUS,Waikanae,A2-1,2019
1769169.356,5467293.3995,13017914,KWWN008700,Wastewater,41.65,42,1,42.65,43,WWMH,,PRV,Paraparaumu,,1988
1769035.188,5471482.6315,13017915,KWWN007213,Wastewater,,,,,,WWCON,,INUS,Paraparaumu,,1995
1766401.01,5465798.7205,13017916,KWWN010026,Wastewater,,,,,,WWCON,,INUS,Paraparaumu,,
1769659.028,5473856.7735,13017917,KWWN007095,Wastewater,,,,,,WWCON,,INUS,Waikanae,,
1767069.969,5470456.3835,13017918,KWWN007227,Wastewater,,,,,,WWCON,,INUS,Paraparaumu,,
1771434.351,5473520.2745,13017919,KWWN007109,Wastewater,,,,,,WWCON,,PRV,Waikanae,,
1769785.146,5470747.9445,13017920,KWWN008262,Wastewater,,,,,,WWVA,,INUS,Paraparaumu,,2015
1771011.249,5474104.0485,13017921,KWWN007573,Wastewater,0.38,0.74,,,,WWMH,,INUS,Waikanae,,2014
1771434.515,5473519.6485,13017922,KWWN007035,Wastewater,,,,,,UNK,,PRV,Waikanae,,
1768411.245,5469608.1465,13017923,KWWN008341,Wastewater,7.13,7.48,1.27,8.4,8.75,WWMH,,INUS,Paraparaumu,SSMH B-2,2015
1770003.645,5471462.1715,13017924,KWWN007197,Wastewater,,,,,,WWCON,,INUS,Paraparaumu,,
1768732.914,5471036.6465,13017925,KWWN008082,Wastewater,,,,,,WWBE,,INUS,Paraparaumu,,2016
1766842.269,5469738.4575,13017926,KWWN007385,Wastewater,,,,,,WWCON,,INUS,Paraparaumu,,
1768842.895,5469807.4395,13017927,KWWN007858,Wastewater,,,,,,WWVA,,INUS,Paraparaumu,,2016
1768915.04,5471364.8605,13017928,KWWN009012,Wastewater,3.21,3.56,1.44,4.65,5,WWMH,,INUS,Paraparaumu,A6,2020
1769956.428,5471050.5465,13017929,KWWN008274,Wastewater,4.74,5.09,,,,WWCON,,INUS,Paraparaumu,,
1767180.276,5472116.0935,13017930,KWWN007171,Wastewater,,,,,,WWCON,,INUS,Paraparaumu,,
1766574.29,5466463.5605,13017931,KWWN010010,Wastewater,,,,,,WWCE,,INUS,Paraparaumu,,2021
1766846.14,5468488.6505,13017932,KWWN008629,Wastewater,,,,,,WWMH,,INUS,Paraparaumu,,2018
1767913.641,5468457.1885,13017933,KWWN007609,Wastewater,,,,,,WWCON,,INUS,Paraparaumu,,
1772472.145,5475945.0815,13017934,KWWN007457,Wastewater,,,,,,WWBE,,INUS,Waikanae,,2001
1766400.8,5465798.1465,13017935,KWWN010023,Wastewater,,,,,,WWCON,,INUS,Paraparaumu,,
1768134.873,5471294.7765,13017936,KWWN007271,Wastewater,,,,,,WWCON,,INUS,Paraparaumu,,
1774781.785,5473743.0625,13017937,KWWN009199,Wastewater,28.5,28.85,1.47,29.97,30.32,WWMH,,INUS,Waikanae,SSMH F3,2020
1768149.843,5469634.1505,13017938,KWWN007683,Wastewater,,,,,,WWWW,,PRV,Paraparaumu,,2016
1768660.723,5471898.5415,13017939,KWWN007154,Wastewater,,,,,,WWCON,,INUS,Paraparaumu,,
1770069.136,5472760.9215,13017940,KWWN007117,Wastewater,,,,,,WWCON,,INUS,Paraparaumu,,
1769822.021,5473052.8615,13017941,KWWN007105,Wastewater,,,,,,WWCON,,INUS,Waikanae,,
1774150.222,5473938.8165,13017942,KWWN007523,Wastewater,16.7,17.05,1.92,18.62,18.97,WWMH,,INUS,Waikanae,A6,2013
1774190.0,5473950.7205,13017943,KWWN007530,Wastewater,17.05,17.4,1.57,18.62,18.97,WWMH,,INUS,Waikanae,B1,2013
1772471.805,5475946.8185,13017944,KWWN007455,Wastewater,,,,,,WWCON,,INUS,Waikanae,,2001
1767016.791,5468313.5985,13017945,KWWN007411,Wastewater,,,,,,WWCON,,INUS,Paraparaumu,,
1771186.984,5474630.5315,13017946,KWWN007816,Wastewater,,,,,,WWCON,,INUS,Waikanae,,1974
1774850.977,5472630.1435,13017947,KWWN008797,Wastewater,,,,,,WWMH,,PRV,Waikanae,,1983
1766788.195,5470982.9725,13017948,KWWN007259,Wastewater,,,,,,WWCON,,INUS,Paraparaumu,,
1769273.391,5469690.7675,13017949,KWWN009631,Wastewater,6.71,7.06,0.88,7.59,7.94,WWMH,,INUS,Paraparaumu,,2020
1774273.56,5474458.0305,13017950,KWWN009069,Wastewater,18.68,19.03,1.08,19.76,20.11,WWMH,,INUS,Waikanae,SSMH B5,2019
1768166.035,5471489.3885,13017951,KWWN007623,Wastewater,,,,,,WWVA,,INUS,Paraparaumu,,2000
1768826.662,5471540.0415,13017952,KWWN007595,Wastewater,3.63,3.98,2.19,5.82,6.17,WWMH,,INUS,Paraparaumu,,2016
1774205.719,5474520.5035,13017953,KWWN009056,Wastewater,,,,,,WWCE,,PRV,Waikanae,,2019
1766790.155,5470982.4355,13017954,KWWN007263,Wastewater,,,,,,WWCON,,INUS,Paraparaumu,,
1769074.242,5471090.4975,13017955,KWWN007835,Wastewater,,,,,,WWWW,,INUS,Paraparaumu,,1994
1769448.236,5468579.1005,13017956,KWWN008642,Wastewater,16.52,16.87,0.83,17.35,17.7,WWMH,,INUS,Paraparaumu,,2019
1768792.678,5469590.6095,13017957,KWWN009301,Wastewater,,,,,,WWCE,,INUS,Paraparaumu,LHCE2,2020
1769825.074,5469866.2235,13017958,KWWN009510,Wastewater,8.93,9.28,1.75,10.68,11.03,WWMH,,INUS,Paraparaumu,,2020
1767278.577,5471110.4875,13017959,KWWN007253,Wastewater,,,,,,WWCON,,INUS,Paraparaumu,,
1772930.809,5473497.1605,13017960,KWWN009310,Wastewater,15.2,15.55,2.73,17.93,18.28,WWMH,,INUS,Waikanae,SSMH A1,2020
1767856.276,5472013.7215,13017961,KWWN007161,Wastewater,,,,,,WWCON,,INUS,Paraparaumu,,
1766467.131,5465695.5925,13017962,KWWN010021,Wastewater,,,,,,WWCON,,INUS,Paraparaumu,,
1769785.74,5470749.5975,13017963,KWWN008278,Wastewater,,,,,,WWBE,,INUS,Paraparaumu,,
1767398.301,5468728.8955,13017964,KWWN007417,Wastewater,,,,,,WWCON,,INUS,Paraparaumu,,
1767979.588,5471865.6705,13017965,KWWN007184,Wastewater,,,,,,WWCON,,INUS,Paraparaumu,,
1775335.18,5473797.3325,13017966,KWWN008972,Wastewater,96.13,96.48,1.69,97.82,98.17,WWMH,,INUS,Waikanae,A2-2,2019
1767070.633,5470456.9495,13017967,KWWN007228,Wastewater,,,,,,WWCON,,INUS,Paraparaumu,,
1768251.516,5470547.4935,13017968,KWWN007321,Wastewater,,,,,,WWCON,,INUS,Paraparaumu,,
1769340.597,5471334.9985,13017969,KWWN007209,Wastewater,,,,,,WWCON,,INUS,Paraparaumu,,
1768939.49,5470878.2925,13017970,KWWN007367,Wastewater,4.55,4.9,0.7,5.25,5.6,WWMH,,INUS,Paraparaumu,,2012
1782896.517,5485609.7065,13017971,KWWN009987,Wastewater,32.87,33.25,1.45,34.32,34.7,WWMH,,INUS,Otaki,,2018
1775367.111,5473789.5275,13017972,KWWN008981,Wastewater,104.99,105.34,2.06,107.05,107.4,WWMH,,INUS,Waikanae,A3-3,2019
1774121.754,5473419.5455,13017973,KWWN007790,Wastewater,,,,,,WWBE,,INUS,Waikanae,,2017
1768745.818,5471046.6685,13017974,KWWN008078,Wastewater,,,,,,WWBE,,INUS,Paraparaumu,,2016
1772874.85,5473439.4915,13017975,KWWN008260,Wastewater,,,,,,WWWW,,PRV,Waikanae,,2016
1772464.125,5475937.3145,13017976,KWWN007862,Wastewater,,,,,,WWBE,,INUS,Waikanae,,2002
1774105.62,5474486.7705,13017977,KWWN009072,Wastewater,8.75,9.1,1.32,10.07,10.42,WWMH,,INUS,Waikanae,SSMH A2,2019
1774250.88,5474476.3405,13017978,KWWN009068,Wastewater,17.57,17.92,1.02,18.59,18.94,WWMH,,INUS,Waikanae,SSMH B4,2019
1771009.286,5474111.0765,13017979,KWWN007579,Wastewater,,,,,,WWVA,,INUS,Waikanae,,2014
1767468.679,5471844.3475,13017980,KWWN007181,Wastewater,,,,,,WWCON,,INUS,Paraparaumu,,
1766889.79,5468186.6605,13017981,KWWN009538,Wastewater,3.76,4.11,0.66,4.42,4.77,WWMH,,INUS,Paraparaumu,SSMH3,2020
1766132.932,5465578.9745,13017982,KWWN010034,Wastewater,,,,,,WWCON,,INUS,Paraparaumu,,
1770108.21,5471173.6305,13017983,KWWN008130,Wastewater,,,,,,WWVA,,STANDBY,Paraparaumu,AV01,2016
1774287.44,5474344.3705,13017984,KWWN009061,Wastewater,22.71,23.06,1.09,23.8,24.15,WWMH,,INUS,Waikanae,SSMH A8,2019
1768394.007,5471746.2095,13017985,KWWN007802,Wastewater,,,,,,WWBE,,INUS,Paraparaumu,,2017
1768807.765,5471311.5895,13017986,KWWN009006,Wastewater,3.62,3.97,0.82,4.44,4.79,WWMH,,INUS,Paraparaumu,B1,2020
1768327.664,5471462.1915,13017987,KWWN007275,Wastewater,,,,,,WWCON,,INUS,Paraparaumu,,
1768698.876,5468709.5135,13017988,KWWN008586,Wastewater,7.85,8.2,,,,WWMH,,INUS,Paraparaumu,,2012
1767524.843,5467948.5665,13017989,KWWN009093,Wastewater,,,,,,WWCE,,INUS,Paraparaumu,33A,1979
1768698.524,5471072.5415,13017990,KWWN008095,Wastewater,,,,,,WWBE,,INUS,Paraparaumu,,2016
1772469.022,5475943.3155,13017991,KWWN007449,Wastewater,,,,,,WWFM,,INUS,Waikanae,,2001
1769419.369,5468558.8125,13017992,KWWN008651,Wastewater,,,,,,WWCON,,PRV,Paraparaumu,,
1780701.251,5484871.6005,13017993,KWWN008218,Wastewater,8.3,8.67,2.77,11.07,11.44,WWMH,,INUS,Otaki,SS MH A2,2018
1766629.3,5468694.1575,13017994,KWWN007405,Wastewater,,,,,,WWCON,,INUS,Paraparaumu,,
1769071.893,5471194.4455,13017995,KWWN007374,Wastewater,,,,,,WWCON,,INUS,Paraparaumu,,
1771453.552,5474973.8365,13017996,KWWN007813,Wastewater,,,,,,WWCON,,PRV,Waikanae,,2017
1769188.254,5468355.7645,13017997,KWWN007617,Wastewater,18.62,18.97,2.65,21.27,21.62,WWMH,,INUS,Paraparaumu,,2016
1774152.53,5474475.7705,13017998,KWWN009071,Wastewater,12.27,12.62,3.3,15.57,15.92,WWMH,,INUS,Waikanae,SSMH A4,2019
1775214.475,5473722.2885,13017999,KWWN008977,Wastewater,82.84,83.19,1.3,84.14,84.49,WWMH,,INUS,Waikanae,C2-1,2019
1769093.185,5468204.8135,13018000,KWWN007055,Wastewater,,,,,,WWMH,,PRV,Paraparaumu,,
1772682.338,5472909.4745,13018001,KWWN008653,Wastewater,12.55,12.91,1.56,14.11,14.47,WWMH,,INUS,Waikanae,Manhole 2,2019
1772052.692,5475935.1075,13018002,KWWN007052,Wastewater,,,,,,WWCON,,INUS,Waikanae,,
1766600.809,5470443.7105,13018003,KWWN007224,Wastewater,,,,,,WWCON,,INUS,Paraparaumu,,
1768567.094,5469974.4805,13018004,KWWN007380,Wastewater,,,,,,WWCON,,INUS,Paraparaumu,,
1768591.873,5471381.6175,13018005,KWWN007283,Wastewater,,,,,,WWCON,,INUS,Paraparaumu,,
1768897.065,5472751.1465,13018006,KWWN007134,Wastewater,,,,,,WWCON,,INUS,Paraparaumu,,
1783175.516,5485598.2475,13018007,KWWN007592,Wastewater,38.08,38.46,1.83,39.91,40.29,WWMH,,INUS,Otaki,A5,2016
1768301.406,5471989.1075,13018008,KWWN007102,Wastewater,,,,,,WWCE,,INUS,Paraparaumu,,
1767525.484,5470940.0855,13018009,KWWN007246,Wastewater,,,,,,WWCON,,INUS,Paraparaumu,,
1770069.245,5472761.2975,13018010,KWWN007118,Wastewater,,,,,,WWCON,,INUS,Paraparaumu,,
1778794.554,5488206.4445,13018011,KWWN007624,Wastewater,-0.06,0.31,2.5,2.44,2.81,WWMH,,INUS,Otaki,,2016
1766401.72,5465798.6705,13018012,KWWN010029,Wastewater,,,,,,WWCON,,INUS,Paraparaumu,,
1767071.453,5470455.0665,13018013,KWWN007231,Wastewater,,,,,,WWCON,,INUS,Paraparaumu,,
1770004.407,5471462.5085,13018014,KWWN007198,Wastewater,,,,,,WWCON,,INUS,Paraparaumu,,
1770003.94,5471461.6025,13018015,KWWN007195,Wastewater,,,,,,WWCON,,INUS,Paraparaumu,,
1768169.445,5470768.7525,13018016,KWWN007304,Wastewater,,,,,,WWCON,,INUS,Paraparaumu,,2002
1775324.524,5473632.4305,13018017,KWWN008960,Wastewater,112.15,112.5,1.72,113.87,114.22,WWMH,,INUS,Waikanae,A1-3,2019
1767071.814,5470455.5055,13018018,KWWN007232,Wastewater,,,,,,WWCON,,INUS,Paraparaumu,,
1767866.415,5466397.7825,13018019,KWWN007676,Wastewater,,,,,,WWCON,,INUS,Paraparaumu,,2016
1783247.618,5485559.0705,13018020,KWWN007594,Wastewater,39.35,39.73,1.54,40.89,41.27,WWMH,,PRV,Otaki,C1,2016
1766698.017,5466392.4465,13018021,KWWN007341,Wastewater,,,,,,WWCON,,INUS,Paraparaumu,,
1767638.914,5469011.8745,13018022,KWWN007277,Wastewater,,,,,,WWVA,,INUS,Paraparaumu,,2014
1771527.971,5474009.6215,13018023,KWWN007841,Wastewater,,,,,,WWWW,,INUS,Waikanae,,2017
1768893.37,5471395.9805,13018024,KWWN009013,Wastewater,3.64,3.99,1.08,4.72,5.07,WWMH,,INUS,Paraparaumu,A7,2020
1774767.947,5473516.8855,13018025,KWWN008346,Wastewater,,,,,,WWBE,,INUS,Waikanae,,
1771421.141,5474957.8725,13018026,KWWN007810,Wastewater,,,,,,WWCON,,PRV,Waikanae,,2017
1768896.316,5472751.1725,13018027,KWWN007131,Wastewater,,,,,,WWCON,,INUS,Paraparaumu,,
1767980.028,5471865.2355,13018028,KWWN007186,Wastewater,,,,,,WWCON,,INUS,Paraparaumu,,
1768065.861,5470868.1395,13018029,KWWN007297,Wastewater,,,,,,WWCON,,INUS,Paraparaumu,,
1770810.129,5474656.6075,13018030,KWWN007896,Wastewater,,,,,,WWBE,,INUS,Waikanae,,2017
1769961.33,5471034.2615,13018031,KWWN008156,Wastewater,,,,,,WWCON,,STANDBY,Paraparaumu,,2014
1775420.178,5473800.9945,13018032,KWWN008984,Wastewater,114.87,115.22,1.92,116.79,117.14,WWMH,,INUS,Waikanae,A4-3,2019
1772460.04,5475936.0655,13018033,KWWN007462,Wastewater,,,,,,WWCON,,INUS,Waikanae,,2001
1769498.247,5469799.7335,13018034,KWWN007430,Wastewater,,,,,,WWCON,,INUS,Paraparaumu,,
1769589.514,5472726.0665,13018035,KWWN007121,Wastewater,,,,,,WWCON,,INUS,Paraparaumu,,
1768807.993,5469601.4085,13018036,KWWN009308,Wastewater,,,,,,WWCE,,INUS,Paraparaumu,LHCE3,1977
1775344.885,5473735.1765,13018037,KWWN008982,Wastewater,103.4,103.75,1.99,105.39,105.74,WWMH,,INUS,Waikanae,A4-5,2019
1768176.849,5472621.1415,13018038,KWWN007139,Wastewater,,,,,,WWCON,,INUS,Paraparaumu,,
1767248.19,5467486.3505,13018039,KWWN007692,Wastewater,13.41,13.76,1.06,14.47,14.82,WWMH,,PRV,Paraparaumu,,2017
1767427.802,5467120.3165,13018040,KWWN007433,Wastewater,,,,,,WWCON,,INUS,Paraparaumu,,
1775331.12,5473874.9675,13018041,KWWN008957,Wastewater,85.81,86.16,3.35,89.16,89.51,WWMH,,INUS,Waikanae,A1-9,2019
1769219.962,5470984.7095,13018042,KWWN007371,Wastewater,,,,,,WWCON,,INUS,Paraparaumu,,
1774843.408,5473719.6485,13018043,KWWN009201,Wastewater,32.88,33.23,2.15,35.03,35.38,WWMH,,INUS,Waikanae,SSMH F1,2020
1772461.476,5475941.9495,13018044,KWWN007027,Wastewater,,,,,,WWCON,,INUS,Waikanae,,2001
1769102.088,5470714.8725,13018045,KWWN007310,Wastewater,,,,,,WWCON,,INUS,Paraparaumu,,
1766964.087,5471408.9465,13018046,KWWN008693,Wastewater,,,,,,WWMH,,PRV,Paraparaumu,,2000
1783097.691,5485880.4265,13018047,KWWN008493,Wastewater,36.74,37.12,1.65,38.39,38.77,WWMH,,INUS,Otaki,,2019
1768693.096,5471275.5545,13018048,KWWN007290,Wastewater,,,,,,WWCON,,INUS,Paraparaumu,,
1769064.212,5471169.2415,13018049,KWWN007360,Wastewater,,,1.41,,,WWMH,,INUS,Paraparaumu,,
1767279.286,5471111.1295,13018050,KWWN007256,Wastewater,,,,,,WWCON,,INUS,Paraparaumu,,
1770742.232,5474147.7785,13018051,KWWN008625,Wastewater,2.21,2.57,0.74,2.95,3.31,WWMH,,INUS,Waikanae,,
1782700.84,5485732.4105,13018052,KWWN011186,Wastewater,29.13,29.51,1.68,30.81,31.19,WWMH,,INUS,Otaki,SSMH-ROAD-02,2022
1768911.633,5468617.1785,13018053,KWWN010283,Wastewater,,,,,,WWBE,,PRV,Paraparaumu,,
1771332.885,5474000.0675,13018054,KWWN010293,Wastewater,1.35,1.71,1.82,3.17,3.53,WWMH,,INUS,Waikanae,PM01.6,2017
1770410.41,5471487.6405,13018055,KWWN010257,Wastewater,7.88,8.23,,,,WWCON,,STANDBY,Paraparaumu,SOP8A,2016
1768065.849,5470346.6215,13018056,KWWN010279,Wastewater,,,,,,WWCON,,INUS,Paraparaumu,,2017
1774044.541,5474849.7445,13018057,KWWN012516,Wastewater,,,,,,WWPWC,,PRV,Waikanae,,2023
1780083.637,5486265.8075,13018058,KWWN012342,Wastewater,5.53,5.9,1.17,6.7,7.07,WWMH,,INUS,Otaki,,2023
1766192.436,5465924.8915,13018059,KWWN010043,Wastewater,,,,,,WWCON,,INUS,Paraparaumu,,
1771636.971,5474069.2625,13018060,KWWN010300,Wastewater,3.92,4.28,2.01,5.93,6.29,WWMH,,INUS,Waikanae,SSA4,2017
1782649.58,5485811.5305,13018061,KWWN010945,Wastewater,28,28.38,1.33,29.33,29.71,WWMH,,INUS,Otaki,SSMH03,2021
1769550.35,5467874.0505,13018062,KWWN011604,Wastewater,41.5,41.85,1.28,42.78,43.13,WWMH,,PRV,Paraparaumu,A6,2020
1767321.12,5467320.6005,13018063,KWWN010173,Wastewater,,,,,,WWCON,,INUS,Paraparaumu,,
1770138.222,5473736.0965,13018064,KWWN011970,Wastewater,,,,,,WWVA,,INUS,Waikanae,,2010
1774050.241,5474867.7375,13018065,KWWN012522,Wastewater,,,,,,WWPWC,,PRV,Waikanae,,2023
1772425.625,5473801.1645,13018066,KWWN012105,Wastewater,,,,,,WWCON,,PRV,Waikanae,,2023
1766983.69,5470763.7975,13018067,KWWN009742,Wastewater,4.01,4.36,3.04,7.04,7.4,WWMH,,INUS,Paraparaumu,,2021
1774002.157,5474755.1795,13018068,KWWN012588,Wastewater,,,,,,WWCON,,INUS,Waikanae,,2023
1766513.47,5467224.1065,13018069,KWWN010188,Wastewater,,,,,,WWCON,,INUS,Paraparaumu,,
1766626.22,5466154.3105,13018070,KWWN010058,Wastewater,,,,,,WWWW,,INUS,Paraparaumu,,
1768288.306,5468495.1245,13018071,KWWN011430,Wastewater,,,,6.42,6.77,WWMH,,INUS,Paraparaumu,,2022
1767938.712,5470741.5825,13018072,KWWN010825,Wastewater,,,,,,WWCE,,PRV,Paraparaumu,,2021
1774263.584,5474729.1145,13018073,KWWN011367,Wastewater,,,,,,WWCE,,INUS,Waikanae,,2022
1781362.8,5485505.6105,13018074,KWWN012382,Wastewater,9.83,10.21,1.75,11.58,11.96,WWMH,,INUS,Otaki,SSMH A3,2023
1766272.622,5466188.4185,13018075,KWWN010049,Wastewater,,,,,,WWWW,,INUS,Paraparaumu,,
1767475.59,5466122.2905,13018076,KWWN010113,Wastewater,,,,,,WWCON,,INUS,Paraparaumu,,
1771138.466,5474101.6915,13018077,KWWN011208,Wastewater,,,,,,WWMH,,PRV,Waikanae,,
1772745.618,5473751.1595,13018078,KWWN012080,Wastewater,18.53,18.89,1.82,20.35,20.71,WWMH,,INUS,Waikanae,SSMH08,2023
1768292.103,5468488.1675,13018079,KWWN011549,Wastewater,,,,6.42,6.77,WWSUMP,,PRV,Paraparaumu,,2022
1780104.7,5486313.5105,13018080,KWWN012408,Wastewater,,,,,,WWCE,,INUS,Otaki,,2023
1772641.114,5473805.7255,13018081,KWWN012088,Wastewater,,,,,,WWCON,,PRV,Waikanae,,2023
1771619.371,5474094.5125,13018082,KWWN010364,Wastewater,,,,,,WWBE,,PRV,Waikanae,L035.2,2017
1774141.163,5474821.8685,13018083,KWWN012573,Wastewater,,,,,,WWPWC,,PRV,Waikanae,,2023
1774098.773,5474847.5725,13018084,KWWN012582,Wastewater,,,,,,WWCON,,INUS,Waikanae,,2023
1769502.94,5467909.4505,13018085,KWWN011601,Wastewater,38.12,38.47,1.51,39.63,39.98,WWMH,,PRV,Paraparaumu,A3,2020
1768083.76,5466861.1005,13018086,KWWN010150,Wastewater,,,,,,WWCON,,INUS,Paraparaumu,,
1779967.12,5486314.3505,13018087,KWWN012399,Wastewater,,,,,,WWCE,,PRV,Otaki,,2023
1770358.68,5472556.5815,13018088,KWWN012769,Wastewater,,,,,,WWCON,,PRV,Paraparaumu,,2023
1774082.198,5474693.0025,13018089,KWWN012532,Wastewater,,,,,,WWPWC,,INUS,Waikanae,,2023
1770429.36,5471486.8305,13018090,KWWN010258,Wastewater,7.64,8,,,,WWCON,,STANDBY,Paraparaumu,SOP8,2016
1769284.456,5472563.3895,13018091,KWWN010973,Wastewater,,,,,,WWCE,,INUS,Paraparaumu,,2021
1772619.693,5473683.5095,13018092,KWWN012050,Wastewater,,,,,,WWVA,,INUS,Waikanae,,2023
1774254.247,5474687.2735,13018093,KWWN011360,Wastewater,10.6,10.95,1.8,12.4,12.75,WWMH,,INUS,Waikanae,,2022
1771670.585,5474125.6745,13018094,KWWN010620,Wastewater,,,,,,WWCE,,PRV,Waikanae,,2021
1772652.613,5473056.7065,13018095,KWWN012429,Wastewater,,,,,,WWCON,,ENT,Waikanae,,2023
1769645.48,5469008.8745,13018096,KWWN010373,Wastewater,13.76,14.11,1.28,15.04,15.39,WWMH,,INUS,Paraparaumu,,2012
1771509.269,5474059.9175,13018097,KWWN010345,Wastewater,,,,,,WWBE,,PRV,Waikanae,L017.2,2017
1766458.67,5467415.6205,13018098,KWWN010197,Wastewater,,,,,,WWCON,,INUS,Paraparaumu,,
1766580.25,5467013.4505,13018099,KWWN010107,Wastewater,,,,,,WWCON,,INUS,Paraparaumu,,
1773339.69,5472542.8975,13018100,KWWN011316,Wastewater,,,,,,WWCE,,INUS,Waikanae,,2021
1774131.658,5474845.3985,13018101,KWWN012564,Wastewater,,,,,,WWPWC,,INUS,Waikanae,,2023
1772388.3,5473095.3805,13018102,KWWN010495,Wastewater,8.4,8.76,1.92,10.32,10.68,WWMH,,INUS,Waikanae,A1,2018
1766499.279,5466240.8755,13018103,KWWN010077,Wastewater,,,,,,WWCON,,INUS,Paraparaumu,,
1766664.842,5469118.1745,13018104,KWWN010460,Wastewater,,,,,,WWBE,,PRV,Paraparaumu,Lot4 BE,2017
1773259.624,5472315.0585,13018105,KWWN011247,Wastewater,,,,19.79,20.14,WWMH,,INUS,Waikanae,WDM00338B,2000
1781963.933,5485737.3365,13018106,KWWN012215,Wastewater,,,,11.74,12.12,WWMH,,INUS,Otaki,20070424143110,1980
1774790.182,5472366.0765,13018107,KWWN010275,Wastewater,57.59,57.94,2.46,60.05,60.4,WWMH,,INUS,Waikanae,20110215163519,2008
1769482.214,5469788.3365,13018108,KWWN010378,Wastewater,6.74,7.09,1.05,7.79,8.14,WWMH,,INUS,Paraparaumu,,2021
1774250.324,5474729.9985,13018109,KWWN011368,Wastewater,,,,,,WWCE,,INUS,Waikanae,,2022
1767423.64,5467845.4205,13018110,KWWN010178,Wastewater,,,,,,WWCON,,INUS,Paraparaumu,,
1783117.206,5485903.8075,13018111,KWWN010956,Wastewater,37.23,37.61,1.21,38.44,38.82,WWMH,,INUS,Otaki,SS MH A2,2021
1769182.792,5469706.5345,13018112,KWWN009887,Wastewater,6.28,6.63,0.73,7.01,7.36,WWMH,,INUS,Paraparaumu,,2021
1781361.269,5485600.1665,13018113,KWWN012396,Wastewater,,,,,,WWCE,,PRV,Otaki,,2023
1772643.93,5473793.9715,13018114,KWWN012066,Wastewater,,,,,,WWPWC,,PRV,Waikanae,,2023
1772619.73,5473679.2875,13018115,KWWN012121,Wastewater,,,,,,WWCON,,INUS,Waikanae,,2023
1769021.65,5468758.1705,13018116,KWWN012661,Wastewater,7.85,8.2,1.32,9.17,9.52,WWMH,,PRV,Paraparaumu,SSMH A6,2023
1766627.888,5466153.3695,13018117,KWWN010063,Wastewater,,,,,,WWCON,,INUS,Paraparaumu,,
1767476.15,5466121.8005,13018118,KWWN010118,Wastewater,,,,,,WWCON,,INUS,Paraparaumu,,
1767844.301,5470917.9315,13018119,KWWN009760,Wastewater,3.34,3.69,1.8,5.14,5.49,WWMH,,INUS,Paraparaumu,,2018
1766987.11,5471101.7425,13018120,KWWN011867,Wastewater,3.93,4.28,2.12,6.04,6.4,WWMH,,PRV,Paraparaumu,,2023
1766491.186,5467466.0615,13018121,KWWN010786,Wastewater,,,,,,WWCON,,INUS,Paraparaumu,,2008
1781343.908,5485478.1625,13018122,KWWN012384,Wastewater,9.28,9.66,2.46,11.74,12.12,WWMH,,INUS,Otaki,SSMH A1,2023
1774208.285,5474697.8735,13018123,KWWN012580,Wastewater,10.73,11.08,0.85,11.58,11.93,WWMH,,INUS,Waikanae,,2023
1770358.604,5472556.9165,13018124,KWWN012771,Wastewater,,,,,,WWCON,,PRV,Paraparaumu,,2023
1769628.523,5468983.5015,13018125,KWWN010374,Wastewater,14.2,14.55,0.83,15.03,15.38,WWMH,,INUS,Paraparaumu,,2012
1774210.867,5473196.1605,13018126,KWWN011004,Wastewater,26.72,27.07,1.09,27.81,28.16,WWMH,,INUS,Waikanae,,2022
1766975.529,5470765.0085,13018127,KWWN009743,Wastewater,6.96,7.31,0.79,7.74,8.1,WWMH,,PRV,Paraparaumu,,2021
1782674.681,5485634.8895,13018128,KWWN011190,Wastewater,28.1,28.48,2.12,30.22,30.6,WWMH,,INUS,Otaki,SSMH-ROAD-06,2022
1766626.56,5466154.5005,13018129,KWWN010060,Wastewater,,,,,,WWCON,,INUS,Paraparaumu,,
1768246.026,5468538.7205,13018130,KWWN011421,Wastewater,4.9,5.25,1.08,5.98,6.33,WWMH,,PRV,Paraparaumu,,2022
1774571.323,5471655.6465,13018131,KWWN011252,Wastewater,,,,,,WWMH,,INUS,Waikanae,,
1780043.343,5486214.3905,13018132,KWWN012495,Wastewater,,,,,,WWCE,,INUS,Otaki,,2023
1771566.87,5474067.3205,13018133,KWWN010361,Wastewater,,,,,,WWBE,,PRV,Waikanae,L032.2,2017
1774442.571,5474577.9685,13018134,KWWN011352,Wastewater,12,12.35,3.62,15.62,15.97,WWMH,,INUS,Waikanae,,2022
1772646.285,5473800.0255,13018135,KWWN012067,Wastewater,,,,,,WWPWC,,PRV,Waikanae,,2023
1772680.111,5473736.9665,13018136,KWWN012068,Wastewater,,,,,,WWCE,,INUS,Waikanae,,2023
1780361.365,5486446.3635,13018137,KWWN011020,Wastewater,4.13,4.5,1.54,5.67,6.04,WWMH,,INUS,Otaki,SSMH2,2021
1774848.085,5472825.3815,13018138,KWWN010230,Wastewater,69.28,69.63,0.89,70.17,70.52,WWMH,,INUS,Waikanae,,2014
1774129.441,5474777.4455,13018139,KWWN012575,Wastewater,,,,,,WWVA,,INUS,Waikanae,,2023
1766346.74,5466823.2405,13018140,KWWN010096,Wastewater,,,,,,WWCON,,INUS,Paraparaumu,,
1781372.534,5485582.7705,13018141,KWWN012394,Wastewater,,,,,,WWCE,,PRV,Otaki,,2023
1767943.07,5466446.9705,13018142,KWWN010249,Wastewater,6.91,7.26,,,,WWCON,,INUS,Paraparaumu,A7,2016
1774081.813,5474766.7935,13018143,KWWN012542,Wastewater,,,,,,WWPWC,,INUS,Waikanae,,2023
1767072.711,5466944.2645,13018144,KWWN010163,Wastewater,,,,,,WWCON,,INUS,Paraparaumu,,
1770940.856,5474124.7185,13018145,KWWN010939,Wastewater,,,,,,WWMH,,INUS,Waikanae,,1980
1766365.43,5466962.6005,13018146,KWWN010101,Wastewater,,,,,,WWCON,,INUS,Paraparaumu,,
1769268.354,5472554.6955,13018147,KWWN010972,Wastewater,,,,,,WWCE,,INUS,Paraparaumu,,2021
1774085.554,5474768.9825,13018148,KWWN012587,Wastewater,,,,,,WWCON,,INUS,Waikanae,,2023
1782691.31,5485673.7505,13018149,KWWN011189,Wastewater,28.65,29.03,1.86,30.51,30.89,WWMH,,INUS,Otaki,SSMH-ROAD-05,2022
1772681.584,5473752.3285,13018150,KWWN012071,Wastewater,13.14,13.5,1.81,14.95,15.31,WWMH,,INUS,Waikanae,SSMH05,2023
1771605.387,5474065.4415,13018151,KWWN010363,Wastewater,,,,,,WWBE,,PRV,Waikanae,L034.2,2017
1772614.934,5473681.4335,13018152,KWWN012046,Wastewater,,,,11.16,11.52,WWVA,,INUS,Waikanae,REFLUX,2023
1766961.5,5471101.7615,13018153,KWWN011866,Wastewater,4.89,5.25,1.16,6.05,6.41,WWMH,,PRV,Paraparaumu,,2023
1780129.15,5486342.7605,13018154,KWWN012413,Wastewater,,,,,,WWCE,,PRV,Otaki,,2023
1768229.56,5467510.5905,13018155,KWWN010157,Wastewater,,,,,,WWCON,,INUS,Paraparaumu,,
1770239.5,5470150.0375,13018156,KWWN011852,Wastewater,19.02,19.37,2.11,21.13,21.48,WWMH,,PRV,Paraparaumu,,2021
1767421.08,5466261.1905,13018157,KWWN010123,Wastewater,,,,,,WWCON,,INUS,Paraparaumu,,
1769085.484,5472180.3355,13018158,KWWN011129,Wastewater,,,,,,WWWW,,PRV,Paraparaumu,,2002
1767877.79,5466466.6105,13018159,KWWN010237,Wastewater,5.44,5.79,2.61,8.05,8.4,WWMH,,INUS,Paraparaumu,MH001,2016
1769905.379,5469369.9615,13018160,KWWN011553,Wastewater,12.96,13.31,2.13,15.09,15.44,WWMH,,INUS,Paraparaumu,,2022
1771119.865,5474074.7245,13018161,KWWN010285,Wastewater,,,1.5,,,WWCE,,INUS,Waikanae,,2005
1781584.1,5485617.6005,13018162,KWWN011085,Wastewater,9.55,9.93,1.51,11.06,11.44,WWMH,,INUS,Otaki,SSMH 07,2021
1780162.394,5486107.1905,13018163,KWWN012458,Wastewater,4.18,4.55,1.13,5.31,5.68,WWMH,,INUS,Otaki,,2023
1769387.806,5472582.1475,13018164,KWWN010978,Wastewater,,,,,,WWCE,,INUS,Paraparaumu,,2021
1772691.593,5473766.3675,13018165,KWWN012078,Wastewater,15.07,15.43,1.97,17.04,17.4,WWMH,,INUS,Waikanae,SSMH06,2023
1774172.866,5474569.9805,13018166,KWWN011358,Wastewater,9.42,9.77,0.67,10.09,10.44,WWMH,,INUS,Waikanae,,2022
1768403.959,5472547.2805,13018167,KWWN011699,Wastewater,,,,,,WWMH,,PRV,Paraparaumu,,2023
1769934.485,5472699.2575,13018168,KWWN012760,Wastewater,,,,2.68,3.04,WWCE,,INUS,Paraparaumu,,2023
1782886.569,5486013.4265,13018169,KWWN010766,Wastewater,,,,,,WWMH,,INUS,Otaki,,
1767786.752,5469851.6895,13018170,KWWN012213,Wastewater,,,,5.75,6.1,WWMH,,PRV,Paraparaumu,,2013
1770392.66,5471484.7205,13018171,KWWN010266,Wastewater,9.32,9.68,,,,WWCON,,STANDBY,Paraparaumu,SOP10,2016
1767530.573,5466517.5015,13018172,KWWN010137,Wastewater,,,,,,WWCON,,INUS,Paraparaumu,,
1767920.83,5466383.3005,13018173,KWWN010247,Wastewater,,,,,,WWCON,,INUS,Paraparaumu,A5,2016
1767872.6,5466827.8505,13018174,KWWN010242,Wastewater,9.34,9.69,1.34,10.68,11.03,WWMH,,INUS,Paraparaumu,MH007,2016
1774554.482,5471604.9205,13018175,KWWN011253,Wastewater,,,,,,WWMH,,INUS,Waikanae,,
1766580.78,5467014.4805,13018176,KWWN010110,Wastewater,,,,,,WWCON,,INUS,Paraparaumu,,
1769258.696,5469448.3865,13018177,KWWN009777,Wastewater,,,,,,WWCE,,PRV,Paraparaumu,,2021
1782182.097,5485556.5195,13018178,KWWN010516,Wastewater,10.57,10.95,1.86,12.43,12.81,WWVA,,INUS,Otaki,Scour Valve Ch,2018
1770830.067,5474063.8205,13018179,KWWN009895,Wastewater,1.68,2.04,0.97,2.65,3.01,WWMH,,INUS,Waikanae,,2021
1766529.436,5466515.1055,13018180,KWWN010084,Wastewater,,,,,,WWCON,,INUS,Paraparaumu,,
1773030.857,5473175.3445,13018181,KWWN012012,Wastewater,,,,,,WWCE,,ENT,Waikanae,,2023
1772611.611,5473679.2665,13018182,KWWN012123,Wastewater,,,,,,WWVA,,INUS,Waikanae,,2023
1766318.809,5466699.2775,13018183,KWWN010093,Wastewater,,,,,,WWCON,,INUS,Paraparaumu,,
1769146.915,5469521.4565,13018184,KWWN012148,Wastewater,,,,,,WWCE,,INUS,Paraparaumu,,2023
1766811.72,5470558.4405,13018185,KWWN010852,Wastewater,,,,,,WWCE,,INUS,Paraparaumu,,2021
1781597.92,5485653.1505,13018186,KWWN011079,Wastewater,9.26,9.64,1.57,10.83,11.21,WWMH,,INUS,Otaki,SSMH 01,2021
1768083.5,5466861.1705,13018187,KWWN010149,Wastewater,,,,,,WWCON,,INUS,Paraparaumu,,
1771554.758,5474039.3965,13018188,KWWN010341,Wastewater,,,,,,WWBE,,PRV,Waikanae,L013.2,2017
1772579.553,5473719.8905,13018189,KWWN012131,Wastewater,,,,,,WWCON,,PRV,Waikanae,,2023
1767790.608,5469847.9465,13018190,KWWN012210,Wastewater,,,,,,WWCON,,PRV,Paraparaumu,,2013
1773987.09,5474752.2445,13018191,KWWN012546,Wastewater,,,,,,WWPWC,,PRV,Waikanae,,2023
1775197.49,5473780.1305,13018192,KWWN012506,Wastewater,70.84,71.19,2.04,72.88,73.23,WWMH,,PRV,Waikanae,,2023
1780482.797,5485381.8035,13018193,KWWN011782,Wastewater,7.61,7.98,1.14,8.75,9.12,WWMH,,INUS,Otaki,,2007
1769326.743,5469124.5715,13018194,KWWN011284,Wastewater,8.18,8.53,1.3,9.48,9.83,WWMH,,INUS,Paraparaumu,,2022
1768977.121,5468693.1795,13018195,KWWN011145,Wastewater,,,,,,WWMH,,PRV,Paraparaumu,,
1770838.2,5474104.8205,13018196,KWWN009894,Wastewater,1.35,1.71,1.17,2.52,2.88,WWMH,,INUS,Waikanae,,2021
1774229.55,5473937.4005,13018197,KWWN010539,Wastewater,18.02,18.37,1.37,19.39,19.74,WWMH,,INUS,Waikanae,SSMH D5,2018
1780000.649,5486253.5595,13018198,KWWN012336,Wastewater,5.64,6.01,0.85,6.49,6.86,WWMH,,INUS,Otaki,,2023
1781802.024,5485416.6895,13018199,KWWN011405,Wastewater,,,,,,WWCE,,INUS,Otaki,,2022
1773347.181,5472543.9295,13018200,KWWN011315,Wastewater,,,,,,WWCE,,INUS,Waikanae,,2021
1769948.359,5470753.1085,13018201,KWWN010673,Wastewater,,,,,,WWCON,,INUS,Paraparaumu,,1980
1767073.67,5466944.1105,13018202,KWWN010164,Wastewater,,,,,,WWCON,,INUS,Paraparaumu,,
1771555.64,5474082.5505,13018203,KWWN010416,Wastewater,,,,,,WWCON,,INUS,Waikanae,B31,2017
1779983.143,5486156.1165,13018204,KWWN012492,Wastewater,,,,,,WWCE,,PRV,Otaki,,2023
1779987.86,5486307.1305,13018205,KWWN012403,Wastewater,,,,,,WWCE,,PRV,Otaki,,2023
1774125.177,5474776.2295,13018206,KWWN012540,Wastewater,,,,,,WWPWC,,INUS,Waikanae,,2023
1770358.457,5472557.5725,13018207,KWWN012775,Wastewater,,,,,,WWCON,,PRV,Paraparaumu,,2023
1782485.714,5485804.5045,13018208,KWWN011845,Wastewater,,,,,,WWCE,,PRV,Otaki,,2023
1779334.476,5488292.8065,13018209,KWWN011857,Wastewater,,,,4.12,4.49,WWMH,,PRV,Otaki,,1986
1783207.637,5485588.1755,13018210,KWWN010236,Wastewater,38.37,38.75,2.16,40.53,40.91,WWMH,,INUS,Otaki,A4,2016
1774053.136,5474844.6395,13018211,KWWN012559,Wastewater,,,,,,WWPWC,,INUS,Waikanae,,2023
1774102.476,5474701.6795,13018212,KWWN012530,Wastewater,,,,,,WWPWC,,INUS,Waikanae,,2023
1766751.43,5467805.7405,13018213,KWWN010227,Wastewater,,,,,,WWCON,,INUS,Paraparaumu,,
1770724.59,5472424.0605,13018214,KWWN010472,Wastewater,3.91,4.27,,,,WWVA,,STANDBY,Paraparaumu,SV04 VB,2017
1767889.965,5466537.5835,13018215,KWWN012037,Wastewater,,,,,,WWCE,,INUS,Paraparaumu,,
1780017.158,5486190.6155,13018216,KWWN012487,Wastewater,,,,,,WWCE,,PRV,Otaki,,2023
1766381.71,5466441.1205,13018217,KWWN010070,Wastewater,,,,,,WWCON,,INUS,Paraparaumu,,
1766528.455,5466513.9195,13018218,KWWN010087,Wastewater,,,,,,WWCON,,INUS,Paraparaumu,,
1767464.651,5466481.6675,13018219,KWWN009711,Wastewater,,,,,,WWWW,,PRV,Paraparaumu,,2020
1781454.26,5485195.3915,13018220,KWWN009833,Wastewater,10.99,11.37,2.12,13.11,13.49,WWMH,,PRV,Otaki,A3,2020
1770528.09,5471579.2005,13018221,KWWN010467,Wastewater,14.48,14.84,,,,WWVA,,STANDBY,Paraparaumu,AV03,2017
1774822.519,5472432.0745,13018222,KWWN010277,Wastewater,67.44,67.79,1.01,68.45,68.8,WWMH,,INUS,Waikanae,20110215163519,2008
1782665.62,5485692.4805,13018223,KWWN011192,Wastewater,29.07,29.45,1.38,30.45,30.83,WWMH,,PRV,Otaki,SSMH-ROW-02,2022
1774784.31,5473281.1775,13018224,KWWN012027,Wastewater,,,,,,WWCE,,INUS,Waikanae,,2023
1766400.389,5466191.0365,13018225,KWWN012171,Wastewater,,,,,,WWMH,,INUS,Paraparaumu,KWWN002182A,1980
1780722.654,5485920.9475,13018226,KWWN011320,Wastewater,7.93,8.3,1.05,8.98,9.35,WWMH,,INUS,Otaki,,2022
1766484.327,5467611.4245,13018227,KWWN010212,Wastewater,,,,,,WWWW,,INUS,Paraparaumu,,
1767010.255,5471340.9505,13018228,KWWN010328,Wastewater,-0.14,0.21,1.86,1.71,2.07,WWMH,,INUS,Paraparaumu,,2021
1766796.465,5467278.4485,13018229,KWWN011219,Wastewater,,,,,,WWCE,,INUS,Paraparaumu,,
1774009.591,5474754.0565,13018230,KWWN012545,Wastewater,,,,,,WWPWC,,PRV,Waikanae,,2023
1769901.07,5469502.6405,13018231,KWWN010330,Wastewater,,,,10.65,11,WWMH,,PRV,Paraparaumu,,
1766580.87,5467013.3105,13018232,KWWN010106,Wastewater,,,,,,WWCON,,INUS,Paraparaumu,,
1772458.486,5473848.0255,13018233,KWWN012058,Wastewater,,,,,,WWPWC,,PRV,Waikanae,,2023
1769957.212,5469461.0625,13018234,KWWN011556,Wastewater,11.46,11.81,1.71,13.17,13.52,WWMH,,INUS,Paraparaumu,,2022
1768806.81,5471131.5005,13018235,KWWN010451,Wastewater,1.49,1.84,2.91,4.4,4.75,WWMH,,INUS,Paraparaumu,SSMH-1B4,2016
1769926.167,5469391.6605,13018236,KWWN011554,Wastewater,12.14,12.49,2.17,14.31,14.66,WWMH,,INUS,Paraparaumu,,2022
1766513.37,5467223.3505,13018237,KWWN010185,Wastewater,,,,,,WWCON,,INUS,Paraparaumu,,
1775270.818,5473791.3355,13018238,KWWN010606,Wastewater,,,,,,WWCE,,PRV,Waikanae,55,2019
1772501.698,5473815.7665,13018239,KWWN012129,Wastewater,,,,,,WWCON,,PRV,Waikanae,,2023
1774351.056,5473331.3045,13018240,KWWN012285,Wastewater,25.32,25.67,1.62,26.94,27.29,WWMH,,INUS,Waikanae,,2022
1781575.47,5485782.0505,13018241,KWWN011086,Wastewater,10.29,10.67,0.95,11.24,11.62,WWMH,,INUS,Otaki,SSMH 10,2021
1774023.081,5474754.9885,13018242,KWWN012512,Wastewater,,,,,,WWPWC,,PRV,Waikanae,,2023
1766460.571,5466948.9705,13018243,KWWN009905,Wastewater,,,,,,WWMH,,INUS,Paraparaumu,,1993
1769463.279,5467951.7885,13018244,KWWN011978,Wastewater,,,,,,WWCE,,PRV,Paraparaumu,,2023
1783014.725,5485846.0485,13018245,KWWN011971,Wastewater,35.77,36.15,1.23,37,37.38,WWMH,,INUS,Otaki,,2022
1768291.194,5468489.1265,13018246,KWWN011551,Wastewater,,,,6.43,6.78,WWMH,,PRV,Paraparaumu,,2022
1772729.931,5473606.5515,13018247,KWWN012086,Wastewater,23.24,23.6,1.88,25.12,25.48,WWMH,,INUS,Waikanae,SSMH14,2023
1774245.176,5474768.0275,13018248,KWWN011362,Wastewater,11.19,11.54,0.9,12.09,12.44,WWMH,,INUS,Waikanae,,2022
1780095.13,5486276.6505,13018249,KWWN012411,Wastewater,,,,,,WWCE,,INUS,Otaki,,2023
1769320.189,5472578.9345,13018250,KWWN010975,Wastewater,,,,,,WWCE,,INUS,Paraparaumu,,2021
1774384.768,5474339.3235,13018251,KWWN011347,Wastewater,13.66,14.01,2.06,15.72,16.07,WWMH,,INUS,Waikanae,,2022
1771546.609,5474098.8635,13018252,KWWN010305,Wastewater,6.53,6.89,,,,WWMH,,INUS,Waikanae,SSB2,2017
1774210.36,5473901.0505,13018253,KWWN010541,Wastewater,17.62,17.97,1.78,19.43,19.78,WWMH,,INUS,Waikanae,H2,2018
1780017.803,5486186.3865,13018254,KWWN012476,Wastewater,5.46,5.83,1.07,6.53,6.9,WWMH,,INUS,Otaki,,2023
1772662.54,5473041.8105,13018255,KWWN012428,Wastewater,,,,,,WWCE,,INUS,Waikanae,,2023
1769433.0,5472610.4405,13018256,KWWN010970,Wastewater,0.86,1.22,2.56,3.42,3.78,WWMH,,INUS,Paraparaumu,SSMH A3,2021
1779079.932,5488554.5885,13018257,KWWN010485,Wastewater,2.3,2.67,1.38,3.68,4.05,WWMH,,INUS,Otaki,SSMH B1,2017
1774800.98,5472318.0205,13018258,KWWN012744,Wastewater,60.38,60.73,2.47,62.85,63.2,WWMH,,ENT,Waikanae,SSA1,2023
1766749.85,5467804.6905,13018259,KWWN010223,Wastewater,,,,,,WWCON,,INUS,Paraparaumu,,
1771611.452,5474110.8065,13018260,KWWN010365,Wastewater,,,,,,WWBE,,PRV,Waikanae,L036.2,2017
1771555.04,5474038.5205,13018261,KWWN010415,Wastewater,,,,,,WWCON,,INUS,Waikanae,B13,2017
1780123.747,5486222.4745,13018262,KWWN012479,Wastewater,,,,,,WWCE,,INUS,Otaki,,2023
1766459.32,5467416.0205,13018263,KWWN010199,Wastewater,,,,,,WWCON,,INUS,Paraparaumu,,
1779040.461,5488505.3365,13018264,KWWN010491,Wastewater,1.92,2.29,1.87,3.79,4.16,WWMH,,INUS,Otaki,SSMH A2,2017
1766192.84,5465922.3605,13018265,KWWN010046,Wastewater,,,,,,WWCON,,INUS,Paraparaumu,,
1768271.131,5468519.4815,13018266,KWWN011424,Wastewater,5.17,5.52,1.14,6.31,6.66,WWMH,,PRV,Paraparaumu,,2022
1771574.341,5474155.3535,13018267,KWWN011737,Wastewater,8.56,8.92,1.28,9.84,10.2,WWMH,,INUS,Waikanae,,2022
1770358.532,5472557.2365,13018268,KWWN012773,Wastewater,,,,,,WWCON,,PRV,Paraparaumu,,2023
1767712.5,5468599.6005,13018269,KWWN010252,Wastewater,0.07,0.42,4.82,4.89,5.24,WWMH,,INUS,Paraparaumu,MH3,2016
1775429.856,5473758.4965,13018270,KWWN010605,Wastewater,,,,,,WWCE,,PRV,Waikanae,54,2019
1769937.785,5472699.0605,13018271,KWWN012763,Wastewater,,,,3.09,3.45,WWCE,,INUS,Paraparaumu,,2023
1780208.56,5486184.0175,13018272,KWWN012473,Wastewater,4.47,4.84,0.91,5.38,5.75,WWMH,,INUS,Otaki,,2023
1767531.599,5466517.8335,13018273,KWWN010140,Wastewater,,,,,,WWCON,,INUS,Paraparaumu,,
1780103.98,5486292.0005,13018274,KWWN012410,Wastewater,,,,,,WWCE,,INUS,Otaki,,2023
1771568.86,5474151.5005,13018275,KWWN010311,Wastewater,8.22,8.58,1.83,10.05,10.41,WWMH,,INUS,Waikanae,SSC3,2017
1769912.127,5472059.9975,13018276,KWWN009723,Wastewater,,,,,,WWCE,,INUS,Paraparaumu,,2021
1767339.04,5471855.8255,13018277,KWWN012753,Wastewater,4.29,4.64,1.22,5.51,5.86,WWMH,,INUS,Paraparaumu,,2022
1771549.812,5474103.5315,13018278,KWWN010359,Wastewater,,,,,,WWBE,,PRV,Waikanae,L030.2,2017
1774107.548,5474773.2945,13018279,KWWN012541,Wastewater,,,,,,WWPWC,,INUS,Waikanae,,2023
1771357.954,5474023.2545,13018280,KWWN010295,Wastewater,3.1,3.46,1.33,4.43,4.79,WWMH,,INUS,Waikanae,PM01.4,2017
1774571.43,5473307.8005,13018281,KWWN011161,Wastewater,,,,,,WWCE,,INUS,Waikanae,,2022
1766483.5,5467351.3505,13018282,KWWN010194,Wastewater,,,,,,WWCON,,INUS,Paraparaumu,,
1773016.98,5473341.2275,13018283,KWWN012316,Wastewater,14.8,15.15,1.97,16.77,17.12,WWMH,,INUS,Waikanae,,1995
1766191.877,5465925.1055,13018284,KWWN010045,Wastewater,,,,,,WWCON,,INUS,Paraparaumu,,
1780044.279,5486171.7245,13018285,KWWN012465,Wastewater,5.22,5.59,1.08,6.3,6.67,WWMH,,INUS,Otaki,,2023
1766318.664,5466698.6475,13018286,KWWN010092,Wastewater,,,,,,WWCON,,INUS,Paraparaumu,,
1767890.93,5466756.1105,13018287,KWWN010241,Wastewater,8.86,9.21,3.19,12.05,12.4,WWMH,,INUS,Paraparaumu,MH006,2016
1766985.439,5471084.9855,13018288,KWWN011872,Wastewater,,,,,,WWSUMP,,PRV,Paraparaumu,,2023
1780045.315,5486169.7015,13018289,KWWN012486,Wastewater,,,,,,WWCE,,INUS,Otaki,,2023
1768969.698,5468788.2315,13018290,KWWN012667,Wastewater,,,,,,WWCE,,PRV,Paraparaumu,,2023
1777963.08,5486567.8605,13018291,KWWN011152,Wastewater,,,,,,WWMH,,INUS,Otaki,,2021
1779995.613,5486162.5445,13018292,KWWN012489,Wastewater,,,,,,WWCE,,PRV,Otaki,,2023
1780736.357,5484910.9585,13018293,KWWN011726,Wastewater,7.99,8.36,2.79,10.78,11.15,WWMH,,INUS,Otaki,,2023
1770433.752,5472608.0015,13018294,KWWN012772,Wastewater,,,,,,WWPWC,,PRV,Paraparaumu,,2023
1774028.818,5473002.0015,13018295,KWWN010610,Wastewater,,,,,,WWMH,,PRV,Waikanae,,1982
1774078.923,5474672.0035,13018296,KWWN012569,Wastewater,,,,,,WWVA,,INUS,Waikanae,,2023
1766191.76,5465924.6285,13018297,KWWN010044,Wastewater,,,,,,WWCON,,INUS,Paraparaumu,,
1779969.538,5486306.7825,13018298,KWWN012340,Wastewater,5.03,5.4,1.16,6.19,6.56,WWMH,,INUS,Otaki,,2023
1780057.431,5486227.0135,13018299,KWWN012464,Wastewater,5.93,6.3,1.13,7.06,7.43,WWMH,,INUS,Otaki,,2023
1769605.67,5467845.1305,13018300,KWWN011606,Wastewater,44.79,45.14,1.33,46.12,46.47,WWMH,,PRV,Paraparaumu,A8,2020
1774078.268,5474688.5455,13018301,KWWN012568,Wastewater,,,,,,WWVA,,INUS,Waikanae,,2023
1768422.519,5471846.9105,13018302,KWWN011255,Wastewater,2.11,2.46,0.6,2.71,3.06,WWCE,,INUS,Paraparaumu,,2022
1771515.82,5474027.7205,13018303,KWWN010406,Wastewater,,,,,,WWCE,,INUS,Waikanae,C9,2017
1768723.91,5471034.5505,13018304,KWWN010454,Wastewater,2.42,2.77,1.73,4.15,4.5,WWMH,,INUS,Paraparaumu,SSMH-1B7,2016
1766750.66,5467803.0605,13018305,KWWN010221,Wastewater,,,,,,WWCON,,INUS,Paraparaumu,,
1766444.983,5467523.1585,13018306,KWWN010203,Wastewater,,,,,,WWWW,,INUS,Paraparaumu,,
1767062.27,5471661.2705,13018307,KWWN011290,Wastewater,,,,,,WWCE,,INUS,Paraparaumu,,
1768409.577,5472534.7365,13018308,KWWN011700,Wastewater,,,,,,WWCE,,PRV,Paraparaumu,,2023
1782292.53,5485424.8005,13018309,KWWN010528,Wastewater,11.58,11.95,3.74,15.31,15.69,WWMH,,INUS,Otaki,MH2,2018
1769928.276,5469499.3085,13018310,KWWN011557,Wastewater,10.15,10.5,1.52,11.67,12.02,WWMH,,INUS,Paraparaumu,,2022
1774117.118,5474705.3765,13018311,KWWN012529,Wastewater,,,,,,WWPWC,,INUS,Waikanae,,2023
1771546.347,5474076.6065,13018312,KWWN010343,Wastewater,,,,,,WWBE,,PRV,Waikanae,L015.2,2017
1768333.306,5468539.1895,13018313,KWWN011427,Wastewater,4.97,5.32,1.22,6.19,6.54,WWMH,,PRV,Paraparaumu,,2022
1767233.53,5472091.6605,13018314,KWWN011569,Wastewater,,,,,,WWMH,,PRV,Paraparaumu,,
1781411.727,5485175.0405,13018315,KWWN009786,Wastewater,10.69,11.07,1.86,12.55,12.93,WWMH,,INUS,Otaki,A1,2020
1769463.092,5467965.5305,13018316,KWWN011979,Wastewater,,,,,,WWCE,,PRV,Paraparaumu,,2023
1772423.813,5473802.4745,13018317,KWWN012054,Wastewater,,,,,,WWPWC,,PRV,Waikanae,,2023
1771426.039,5474046.5375,13018318,KWWN010348,Wastewater,,,,,,WWBE,,PRV,Waikanae,L019b.2,2017
1772660.736,5473649.2315,13018319,KWWN012075,Wastewater,,,,,,WWCE,,INUS,Waikanae,,2023
1782655.93,5485834.4605,13018320,KWWN010944,Wastewater,28.15,28.53,1.44,29.59,29.97,WWMH,,INUS,Otaki,SSMH02,2021
1780452.914,5485410.6605,13018321,KWWN011789,Wastewater,7.58,7.95,0.73,8.31,8.68,WWMH,,INUS,Otaki,,2007
1768943.765,5468916.9325,13018322,KWWN010688,Wastewater,,,,,,WWVA,,PRV,Paraparaumu,,
1771535.592,5473657.5265,13018323,KWWN012509,Wastewater,2.81,3.17,0.85,3.66,4.02,WWMH,,PRV,Waikanae,,2024
1768792.309,5468499.6255,13018324,KWWN009904,Wastewater,,,,,,WWMH,,INUS,Paraparaumu,,
1766666.456,5469103.2145,13018325,KWWN010461,Wastewater,,,,,,WWPWC,,PRV,Paraparaumu,Lot5 PS,2017
1771527.483,5474012.0505,13018326,KWWN010296,Wastewater,1.48,1.84,3.18,4.66,5.02,WWMH,,INUS,Waikanae,SSA0,2017
1772977.446,5472497.3055,13018327,KWWN010474,Wastewater,16.02,16.37,0.95,16.97,17.32,WWMH,,PRV,Waikanae,,2021
1769006.31,5468736.5205,13018328,KWWN012660,Wastewater,7.41,7.76,1.68,9.09,9.44,WWMH,,PRV,Paraparaumu,SSMH A5,2023
1769638.98,5467812.1705,13018329,KWWN011599,Wastewater,53.03,53.38,1.67,54.7,55.05,WWMH,,PRV,Paraparaumu,A10,2020
1782721.56,5485660.9405,13018330,KWWN011193,Wastewater,29.99,30.37,1.41,31.4,31.78,WWMH,,PRV,Otaki,SSMH-ROW-03,2022
1766403.9,5466743.4005,13018331,KWWN010511,Wastewater,,,,,,WWMH,,INUS,Paraparaumu,,2018
1782164.322,5485557.9205,13018332,KWWN010512,Wastewater,11.03,11.41,3.77,14.8,15.18,WWMH,,INUS,Otaki,MH-1,2018
1771545.919,5474023.3955,13018333,KWWN010298,Wastewater,2.8,3.16,2.01,4.81,5.17,WWMH,,INUS,Waikanae,SSA2,2017
1766484.9,5467611.5905,13018334,KWWN010213,Wastewater,,,,,,WWCON,,INUS,Paraparaumu,,
1780047.36,5486385.4035,13018335,KWWN012333,Wastewater,4.22,4.59,1.12,5.34,5.71,WWMH,,INUS,Otaki,,2023
1774214.155,5474806.2505,13018336,KWWN012566,Wastewater,,,,,,WWPWC,,INUS,Waikanae,,2023
1772736.294,5473770.9585,13018337,KWWN012041,Wastewater,,,,20.88,21.24,WWVA,,INUS,Waikanae,SSMH MINI,2023
1775183.948,5473762.0735,13018338,KWWN012505,Wastewater,,,,,,WWCON,,PRV,Waikanae,,2023
1781392.725,5485568.3835,13018339,KWWN012380,Wastewater,10.52,10.9,1.64,12.16,12.54,WWMH,,INUS,Otaki,SSMH A5,2023
1769498.34,5467857.2805,13018340,KWWN011610,Wastewater,44.01,44.36,1.14,45.15,45.5,WWMH,,PRV,Paraparaumu,B2,2020
1766877.287,5467971.3925,13018341,KWWN012143,Wastewater,,,,,,WWMH,,INUS,Paraparaumu,,2010
1767320.55,5467321.1805,13018342,KWWN010175,Wastewater,,,,,,WWCON,,INUS,Paraparaumu,,
1768083.54,5466860.0205,13018343,KWWN010145,Wastewater,,,,,,WWCON,,INUS,Paraparaumu,,
1767424.696,5467844.1325,13018344,KWWN010182,Wastewater,,,,,,WWCON,,INUS,Paraparaumu,,
1766380.94,5466441.1905,13018345,KWWN010071,Wastewater,,,,,,WWCON,,INUS,Paraparaumu,,
1771574.634,5474053.2475,13018346,KWWN010362,Wastewater,,,,,,WWBE,,PRV,Waikanae,L033.2,2017
1771477.32,5474031.3905,13018347,KWWN010404,Wastewater,,,,,,WWCE,,INUS,Waikanae,C4,2017
1766192.609,5465922.9505,13018348,KWWN010040,Wastewater,,,,,,WWCON,,INUS,Paraparaumu,,
1770478.35,5471478.7305,13018349,KWWN010466,Wastewater,8.56,8.92,,,,WWVA,,STANDBY,Paraparaumu,ISOLATION VALV,2017
1772831.327,5473714.4235,13018350,KWWN012052,Wastewater,,,,,,WWPWC,,PRV,Waikanae,,2023
1768231.381,5467510.3685,13018351,KWWN010153,Wastewater,,,,,,WWCON,,INUS,Paraparaumu,,
1767420.72,5466261.1805,13018352,KWWN010124,Wastewater,,,,,,WWCON,,INUS,Paraparaumu,,
1771557.647,5474188.1585,13018353,KWWN011736,Wastewater,8.84,9.2,1.08,9.92,10.28,WWMH,,INUS,Waikanae,,2022
1780742.501,5486053.2095,13018354,KWWN011098,Wastewater,,,,,,WWCE,,INUS,Otaki,,2022
1769525.329,5468438.9765,13018355,KWWN012168,Wastewater,,,,,,WWCE,,PRV,Paraparaumu,,2023
1775259.362,5473532.4435,13018356,KWWN010604,Wastewater,,,,,,WWCE,,PRV,Waikanae,53,2019
1768660.46,5471895.6935,13018357,KWWN011750,Wastewater,,,,3.96,4.31,WWVA,,INUS,Paraparaumu,,
1767861.48,5466406.6505,13018358,KWWN010244,Wastewater,4.07,4.42,2.3,6.37,6.72,WWMH,,INUS,Paraparaumu,A2,2016
1771476.284,5474105.7655,13018359,KWWN010350,Wastewater,,,,,,WWBE,,PRV,Waikanae,L020.2,2017
1774150.688,5474776.7085,13018360,KWWN012539,Wastewater,,,,,,WWPWC,,INUS,Waikanae,,2023
1774132.9,5474173.1005,13018361,KWWN010232,Wastewater,14.51,14.86,1.6,16.11,16.46,WWMH,,INUS,Waikanae,,2015
1774042.611,5474857.1135,13018362,KWWN012519,Wastewater,,,,,,WWPWC,,PRV,Waikanae,,2023
1771538.822,5474095.6005,13018363,KWWN010344,Wastewater,,,,,,WWBE,,PRV,Waikanae,L016.2,2017
1774047.545,5474866.3385,13018364,KWWN012521,Wastewater,,,,,,WWPWC,,INUS,Waikanae,,2023
1774616.537,5471932.2825,13018365,KWWN011243,Wastewater,,,,,,WWMH,,INUS,Waikanae,,1999
1766272.442,5466186.5185,13018366,KWWN010054,Wastewater,,,,,,WWCON,,INUS,Paraparaumu,,
1774033.283,5472999.2155,13018367,KWWN010611,Wastewater,,,,,,WWBE,,PRV,Waikanae,,1982
1781560.95,5485708.5705,13018368,KWWN011081,Wastewater,9.79,10.17,1.14,10.93,11.31,WWMH,,INUS,Otaki,SSMH 03,2021
1766748.77,5467806.1205,13018369,KWWN010225,Wastewater,,,,,,WWCON,,INUS,Paraparaumu,,
1782315.605,5485470.2085,13018370,KWWN010519,Wastewater,10.86,11.23,,,,WWCON,,INUS,Otaki,Bend5-45deg,2018
1772389.592,5476012.5665,13018371,KWWN011997,Wastewater,2.72,3.08,0,2.72,3.08,WWCON,,INUS,Waikanae,,2004
1771636.859,5474087.4235,13018372,KWWN010369,Wastewater,,,,,,WWBE,,PRV,Waikanae,L509a.2,2017
1781371.0,5485512.0505,13018373,KWWN012381,Wastewater,9.9,10.28,1.78,11.68,12.06,WWMH,,INUS,Otaki,SSMH A4,2023
1771533.469,5474031.4335,13018374,KWWN010339,Wastewater,,,,,,WWBE,,PRV,Waikanae,L011.2,2017
1774442.755,5474494.3805,13018375,KWWN011351,Wastewater,12.49,12.84,2.84,15.33,15.68,WWMH,,INUS,Waikanae,,2022
1767897.67,5466590.1705,13018376,KWWN010239,Wastewater,6.53,6.88,2.03,8.56,8.91,WWMH,,INUS,Paraparaumu,MH003,2016
1780073.51,5486183.3025,13018377,KWWN012463,Wastewater,5.84,6.21,0.81,6.65,7.02,WWMH,,INUS,Otaki,,2023
1769301.529,5472571.4485,13018378,KWWN010974,Wastewater,,,,,,WWCE,,INUS,Paraparaumu,,2021
1767923.83,5466385.8005,13018379,KWWN010248,Wastewater,,,,,,WWCON,,INUS,Paraparaumu,A6,2016
1766272.272,5466187.2185,13018380,KWWN010053,Wastewater,,,,,,WWCON,,INUS,Paraparaumu,,
1770401.74,5471488.0605,13018381,KWWN010255,Wastewater,8.88,9.23,,,,WWCON,,STANDBY,Paraparaumu,SOP9,2016
1766665.228,5469103.3225,13018382,KWWN010462,Wastewater,,,,,,WWBE,,PRV,Paraparaumu,Lot5 BE,2017
1780681.713,5485219.1725,13018383,KWWN011768,Wastewater,,,,,,WWMH,,INUS,Otaki,KWWN000063A,1980
1766748.203,5470704.6575,13018384,KWWN010435,Wastewater,,,,,,WWCE,,INUS,Paraparaumu,,2021
1780136.23,5486342.1905,13018385,KWWN012405,Wastewater,,,,,,WWCE,,PRV,Otaki,,2023
1771557.703,5474077.7195,13018386,KWWN010304,Wastewater,4.43,4.79,1.96,6.39,6.75,WWMH,,INUS,Waikanae,SSB1,2017
1769982.862,5470933.0255,13018387,KWWN010672,Wastewater,,,,,,WWCON,,INUS,Paraparaumu,,1980
1774208.34,5474781.2685,13018388,KWWN012510,Wastewater,,,,,,WWVA,,INUS,Waikanae,,2023
1769221.799,5468960.9425,13018389,KWWN012304,Wastewater,,,,,,WWMH,,INUS,Paraparaumu,,
1767776.4,5468556.3005,13018390,KWWN010253,Wastewater,-0.03,0.32,5.35,5.32,5.67,WWMH,,INUS,Paraparaumu,MH4,2016
1767411.611,5466275.6635,13018391,KWWN011909,Wastewater,,,,,,WWMH,,INUS,Paraparaumu,,1998
1775264.812,5473597.4065,13018392,KWWN010607,Wastewater,95.03,95.38,4.08,99.11,99.46,WWMH,,INUS,Waikanae,C3-2,2019
1770305.572,5473799.8625,13018393,KWWN011311,Wastewater,2.24,2.6,1.28,3.52,3.88,WWMH,,INUS,Waikanae,,2022
1779963.64,5486310.5605,13018394,KWWN012400,Wastewater,,,,,,WWCE,,PRV,Otaki,,2023
1771615.9,5474109.3955,13018395,KWWN010301,Wastewater,4.76,5.12,1.96,6.72,7.08,WWMH,,INUS,Waikanae,SSA5,2017
1766272.732,5466186.0185,13018396,KWWN010056,Wastewater,,,,,,WWCON,,INUS,Paraparaumu,,
1780644.482,5486039.7845,13018397,KWWN010632,Wastewater,7.19,7.57,1.34,8.54,8.91,WWMH,,INUS,Otaki,SSMH-03,2021
1766811.106,5470558.3405,13018398,KWWN010850,Wastewater,,,,,,WWCE,,INUS,Paraparaumu,,1980
1774403.503,5474355.2895,13018399,KWWN011348,Wastewater,13.39,13.74,2.14,15.53,15.88,WWMH,,INUS,Waikanae,,2022
1780134.99,5486332.2305,13018400,KWWN012407,Wastewater,,,,,,WWCE,,PRV,Otaki,,2023
1772618.09,5473677.0395,13018401,KWWN012122,Wastewater,,,,,,WWCON,,INUS,Waikanae,,2023
1767424.955,5467843.4215,13018402,KWWN010183,Wastewater,,,,,,WWCON,,INUS,Paraparaumu,,
1771484.294,5474064.1335,13018403,KWWN010317,Wastewater,6.05,6.41,1.34,7.39,7.75,WWMH,,INUS,Waikanae,SSE2,2017
1780747.437,5484980.3305,13018404,KWWN011724,Wastewater,9.1,9.47,1.47,10.57,10.94,WWMH,,INUS,Otaki,,2023
1771533.562,5474030.6405,13018405,KWWN010407,Wastewater,,,,,,WWCE,,INUS,Waikanae,C11,2017
1782291.21,5485414.3305,13018406,KWWN010529,Wastewater,11.68,12.05,2.62,14.29,14.67,WWMH,,INUS,Otaki,MH3,2018
1767845.622,5470940.8825,13018407,KWWN009759,Wastewater,3.19,3.54,1.85,5.04,5.39,WWMH,,INUS,Paraparaumu,,2018
1767504.794,5467704.6695,13018408,KWWN012009,Wastewater,,,,,,WWMH,,INUS,Paraparaumu,,1979
1780087.7,5486263.4205,13018409,KWWN012412,Wastewater,,,,,,WWCE,,INUS,Otaki,,2023
1781479.296,5485209.8495,13018410,KWWN009834,Wastewater,11.12,11.5,1.42,12.54,12.92,WWMH,,PRV,Otaki,A4,2020
1778652.306,5487464.3595,13018411,KWWN011267,Wastewater,,,,,,WWMH,,PRV,Otaki,,1980
1780493.18,5486725.8105,13018412,KWWN011346,Wastewater,,,,,,WWCE,,INUS,Otaki,,2022
1774186.824,5473949.7695,13018413,KWWN010540,Wastewater,17.05,17.4,1.46,18.57,18.92,WWMH,,INUS,Waikanae,H1,2018
1782738.4,5485700.5705,13018414,KWWN011191,Wastewater,30.1,30.48,1.63,31.73,32.11,WWMH,,PRV,Otaki,SSMH-ROW-01,2022
1766460.043,5467415.4525,13018415,KWWN010200,Wastewater,,,,,,WWCON,,INUS,Paraparaumu,,
1766515.93,5467726.7405,13018416,KWWN010216,Wastewater,,,,,,WWCON,,INUS,Paraparaumu,,
1772154.79,5472653.6205,13018417,KWWN009784,Wastewater,8.52,8.88,0.8,9.32,9.68,WWMH,,INUS,Waikanae,,2021
1774129.911,5474805.4115,13018418,KWWN012555,Wastewater,,,,,,WWPWC,,INUS,Waikanae,,2023
1766352.32,5466878.1605,13018419,KWWN010099,Wastewater,,,,,,WWCON,,INUS,Paraparaumu,,
1774213.134,5474689.8435,13018420,KWWN011357,Wastewater,10.23,10.58,1.39,11.62,11.97,WWMH,,INUS,Waikanae,,2022
1780148.676,5486127.3545,13018421,KWWN012459,Wastewater,4.47,4.84,2.1,6.57,6.94,WWMH,,INUS,Otaki,,2023
1779158.205,5488514.6215,13018422,KWWN010483,Wastewater,2.91,3.28,1.61,4.52,4.89,WWMH,,INUS,Otaki,SSMH B3,2017
1772474.749,5473856.0385,13018423,KWWN012059,Wastewater,,,,,,WWPWC,,PRV,Waikanae,,2023
1767475.92,5466121.7805,13018424,KWWN010117,Wastewater,,,,,,WWCON,,INUS,Paraparaumu,,
1780081.005,5486196.5705,13018425,KWWN012462,Wastewater,5.66,6.03,1.28,6.94,7.31,WWMH,,INUS,Otaki,,2023
1768849.289,5468761.1845,13018426,KWWN009902,Wastewater,,,,,,WWMH,,PRV,Paraparaumu,,
1768240.743,5470630.8915,13018427,KWWN009842,Wastewater,4.38,4.73,1.15,5.53,5.88,WWMH,,INUS,Paraparaumu,,1997
1767531.24,5466519.1805,13018428,KWWN010141,Wastewater,,,,,,WWCON,,INUS,Paraparaumu,,
1771187.909,5473215.0975,13018429,KWWN010398,Wastewater,,,,,,WWCE,,PRV,Waikanae,,2021
1771561.112,5474141.4705,13018430,KWWN010358,Wastewater,,,,,,WWBE,,PRV,Waikanae,L028.2,2017
1772461.93,5473131.2105,13018431,KWWN010498,Wastewater,8.99,9.35,1.01,10,10.36,WWMH,,INUS,Waikanae,A4,2018
1766512.54,5467224.2005,13018432,KWWN010187,Wastewater,,,,,,WWCON,,INUS,Paraparaumu,,
1772726.449,5473762.6925,13018433,KWWN012045,Wastewater,18.35,18.71,2.47,20.82,21.18,WWMH,,INUS,Waikanae,SSMH07,2023
1769272.973,5469156.8985,13018434,KWWN011288,Wastewater,,,,,,WWWW,,PRV,Paraparaumu,,2022
1767789.501,5469853.8395,13018435,KWWN012212,Wastewater,,,,5.76,6.11,WWMH,,PRV,Paraparaumu,,2013
1782630.25,5485766.8305,13018436,KWWN010946,Wastewater,27.6,27.98,1.39,28.99,29.37,WWMH,,INUS,Otaki,SSMH04,2021
1781511.035,5485228.4345,13018437,KWWN009832,Wastewater,11.52,11.9,0.94,12.46,12.84,WWMH,,PRV,Otaki,A5,2020
1774252.05,5473916.3505,13018438,KWWN010537,Wastewater,17.72,18.07,1.39,19.11,19.46,WWMH,,INUS,Waikanae,D4,2018
1774090.063,5474848.0985,13018439,KWWN012557,Wastewater,,,,,,WWPWC,,INUS,Waikanae,,2023
1774191.286,5474772.7365,13018440,KWWN012537,Wastewater,,,,,,WWPWC,,INUS,Waikanae,,2023
1766330.104,5466612.7595,13018441,KWWN010090,Wastewater,,,,,,WWCON,,INUS,Paraparaumu,,
1771501.274,5474009.0485,13018442,KWWN010320,Wastewater,2.69,3.05,2.2,4.89,5.25,WWMH,,INUS,Waikanae,SSX11,2017
1782366.722,5485380.0225,13018443,KWWN010531,Wastewater,11.99,12.37,3.82,15.81,16.19,WWMH,,INUS,Otaki,MH5,2018
1774797.455,5472363.4165,13018444,KWWN010276,Wastewater,60.92,61.27,3.01,63.93,64.28,WWMH,,INUS,Waikanae,20110215163519,2008
1770315.45,5473808.0405,13018445,KWWN011310,Wastewater,2.72,3.08,0.79,3.51,3.87,WWMH,,INUS,Waikanae,,2022
1771496.78,5474028.3865,13018446,KWWN010334,Wastewater,,,,,,WWBE,,PRV,Waikanae,L006.2,2017
1769329.054,5470798.4785,13018447,KWWN009800,Wastewater,,,1.6,,,WWMH,,PRV,Paraparaumu,,1997
1766997.006,5471399.8715,13018448,KWWN010326,Wastewater,,,,,,WWCE,,PRV,Paraparaumu,,2021
1780154.413,5486156.5795,13018449,KWWN012469,Wastewater,4.75,5.12,1.84,6.59,6.96,WWMH,,INUS,Otaki,,2023
1768757.54,5471061.2305,13018450,KWWN010453,Wastewater,2.09,2.44,2.26,4.35,4.7,WWMH,,INUS,Paraparaumu,SSMH-1B6,2016
1768230.287,5467509.9155,13018451,KWWN010156,Wastewater,,,,,,WWCON,,INUS,Paraparaumu,,
1772527.504,5473794.5165,13018452,KWWN012130,Wastewater,,,,,,WWCON,,PRV,Waikanae,,2023
1766581.258,5467013.8735,13018453,KWWN010111,Wastewater,,,,,,WWCON,,INUS,Paraparaumu,,
1782207.07,5485540.1145,13018454,KWWN010517,Wastewater,10.79,11.16,,,,WWCON,,INUS,Otaki,Bend3-11deg,2018
1774043.015,5474757.8195,13018455,KWWN012544,Wastewater,,,,,,WWPWC,,INUS,Waikanae,,2023
1774225.33,5474845.7385,13018456,KWWN012572,Wastewater,,,,,,WWVA,,INUS,Waikanae,,2023
1766628.68,5466153.4805,13018457,KWWN010065,Wastewater,,,,,,WWCON,,INUS,Paraparaumu,,
1771483.619,5474030.5315,13018458,KWWN010333,Wastewater,,,,,,WWBE,,PRV,Waikanae,L005.2,2017
1768288.631,5468497.1035,13018459,KWWN011552,Wastewater,,,,,,WWCON,,INUS,Paraparaumu,,2022
1771511.193,5474017.9345,13018460,KWWN010312,Wastewater,2,2.36,2.89,4.89,5.25,WWMH,,INUS,Waikanae,SSD1,2017
1768092.49,5467908.3225,13018461,KWWN009908,Wastewater,,,,,,WWCE,,INUS,Paraparaumu,,2021
1769155.073,5469514.4265,13018462,KWWN011749,Wastewater,,,,,,WWCE,,PRV,Paraparaumu,,2021
1766529.593,5466515.5475,13018463,KWWN010082,Wastewater,,,,,,WWCON,,INUS,Paraparaumu,,
1771569.507,5474153.1595,13018464,KWWN011735,Wastewater,,,,,,WWCON,,PRV,Waikanae,,2022
1782997.647,5485806.9515,13018465,KWWN011669,Wastewater,35.14,35.52,1.68,36.82,37.2,WWMH,,INUS,Otaki,,2022
1773979.851,5474772.0275,13018466,KWWN012570,Wastewater,,,,,,WWVA,,INUS,Waikanae,,2023
1766192.319,5465923.4685,13018467,KWWN010042,Wastewater,,,,,,WWCON,,INUS,Paraparaumu,,
1768819.74,5471112.6505,13018468,KWWN010452,Wastewater,1.32,1.67,2.82,4.14,4.49,WWMH,,INUS,Paraparaumu,SSMH-1B5,2016
1772430.624,5473820.8125,13018469,KWWN012056,Wastewater,,,,,,WWPWC,,PRV,Waikanae,,2023
1770431.74,5471485.6905,13018470,KWWN010259,Wastewater,7.63,7.99,,,,WWCON,,STANDBY,Paraparaumu,SOP7,2016
1783251.801,5485785.9625,13018471,KWWN010705,Wastewater,40.62,41,1.18,41.8,42.18,WWMH,,INUS,Otaki,OSM00448,1979
1767953.433,5471470.2225,13018472,KWWN010700,Wastewater,,,0.8,,,WWMH,,INUS,Paraparaumu,,1997
1779021.514,5488467.7525,13018473,KWWN010482,Wastewater,3.59,3.96,1.67,5.26,5.63,WWMH,,INUS,Otaki,SSMH C1,2017
1767073.55,5466943.3415,13018474,KWWN010161,Wastewater,,,,,,WWCON,,INUS,Paraparaumu,,
1780688.46,5486059.5005,13018475,KWWN010630,Wastewater,7.6,7.97,1.06,8.66,9.03,WWMH,,INUS,Otaki,SSMH-01,2021
1782683.87,5485741.3005,13018476,KWWN011185,Wastewater,29.31,29.69,1.14,30.45,30.83,WWMH,,INUS,Otaki,SSMH-ROAD-01,2022
1782340.58,5485371.7505,13018477,KWWN010530,Wastewater,11.87,12.25,2.47,14.34,14.72,WWMH,,INUS,Otaki,MH4,2018
1767072.912,5466945.3675,13018478,KWWN010165,Wastewater,,,,,,WWCON,,INUS,Paraparaumu,,
1768544.917,5471755.0635,13018479,KWWN010699,Wastewater,,,,,,WWVA,,INUS,Paraparaumu,,2021
1769042.153,5468743.5325,13018480,KWWN012666,Wastewater,,,,,,WWCE,,PRV,Paraparaumu,,2023
1768686.63,5471056.5105,13018481,KWWN010455,Wastewater,2.92,3.27,1.54,4.46,4.81,WWMH,,INUS,Paraparaumu,SSMH-1B8,2016
1769490.308,5467911.2855,13018482,KWWN011977,Wastewater,,,,,,WWCE,,PRV,Paraparaumu,,2023
1771195.209,5473212.6695,13018483,KWWN010400,Wastewater,,,,,,WWCE,,PRV,Waikanae,,
1780157.755,5486203.9835,13018484,KWWN012480,Wastewater,,,,,,WWCE,,INUS,Otaki,,2023
1780134.017,5486336.1925,13018485,KWWN012346,Wastewater,5.02,5.39,1.23,6.25,6.62,WWMH,,INUS,Otaki,,2023
1774232.222,5474679.4085,13018486,KWWN011369,Wastewater,,,,,,WWCE,,INUS,Waikanae,,2022
1769375.665,5472578.2465,13018487,KWWN010981,Wastewater,,,,,,WWCE,,INUS,Paraparaumu,,2021
1774342.909,5474583.5855,13018488,KWWN011365,Wastewater,,,,,,WWCE,,INUS,Waikanae,,2022
1772854.238,5473658.3875,13018489,KWWN012115,Wastewater,,,,,,WWCON,,INUS,Waikanae,,2023
1769500.485,5468456.3785,13018490,KWWN012167,Wastewater,,,,,,WWCE,,INUS,Paraparaumu,,2023
1768294.745,5468575.4965,13018491,KWWN011423,Wastewater,4.32,4.67,1.58,5.9,6.25,WWMH,,PRV,Paraparaumu,,2022
1767419.891,5470817.6615,13018492,KWWN011791,Wastewater,,,,,,WWCE,,INUS,Paraparaumu,,2023
1769773.38,5469908.2325,13018493,KWWN011761,Wastewater,,,,,,WWWW,,PRV,Paraparaumu,,2018
1772621.077,5473680.4515,13018494,KWWN012118,Wastewater,,,,,,WWCON,,INUS,Waikanae,,2023
1773969.022,5474768.0445,13018495,KWWN012548,Wastewater,,,,,,WWPWC,,PRV,Waikanae,,2023
1774555.796,5472496.5745,13018496,KWWN009724,Wastewater,37.17,37.52,1.14,38.31,38.66,WWMH,,INUS,Waikanae,,2021
1772649.224,5473708.9215,13018497,KWWN012074,Wastewater,9.49,9.85,1.98,11.47,11.83,WWMH,,INUS,Waikanae,SSMH03,2023
1770477.71,5471477.2405,13018498,KWWN010267,Wastewater,9.61,9.96,,,,WWCON,,STANDBY,Paraparaumu,SOP1,2016
1782056.038,5485764.8725,13018499,KWWN009712,Wastewater,,,,,,WWCON,,PRV,Otaki,,
1774110.552,5474499.0575,13018500,KWWN011359,Wastewater,8.86,9.21,1.08,9.94,10.29,WWMH,,INUS,Waikanae,,2022
1771573.187,5474139.9515,13018501,KWWN010310,Wastewater,7.93,8.29,1.75,9.68,10.04,WWMH,,INUS,Waikanae,SSC2,2017
1767185.566,5471110.2285,13018502,KWWN010549,Wastewater,3.42,3.78,1.91,5.34,5.69,WWCE,,INUS,Paraparaumu,,2019
1767475.92,5466122.4605,13018503,KWWN010114,Wastewater,,,,,,WWCON,,INUS,Paraparaumu,,
1780425.472,5485436.4185,13018504,KWWN011787,Wastewater,6.98,7.35,1.11,8.09,8.46,WWMH,,INUS,Otaki,,2007
1772683.054,5473639.4315,13018505,KWWN012079,Wastewater,16.35,16.71,1.47,17.82,18.18,WWMH,,INUS,Waikanae,SSMH13A,2023
1767960.893,5472098.1625,13018506,KWWN011864,Wastewater,,,,5.19,5.55,WWCE,,INUS,Paraparaumu,,2023
1766513.65,5467225.0865,13018507,KWWN010190,Wastewater,,,,,,WWCON,,INUS,Paraparaumu,,
1766516.37,5467726.5905,13018508,KWWN010217,Wastewater,,,,,,WWCON,,INUS,Paraparaumu,,
1779073.622,5488465.9035,13018509,KWWN010489,Wastewater,2.26,2.63,1.93,4.19,4.56,WWMH,,INUS,Otaki,SSMH A4,2017
1768948.44,5471990.2505,13018510,KWWN011886,Wastewater,2.21,2.56,1.08,3.29,3.64,WWMH,,INUS,Paraparaumu,,2021
1774002.527,5474767.8615,13018511,KWWN012550,Wastewater,,,,,,WWPWC,,PRV,Waikanae,,2023
1768941.891,5471983.5235,13018512,KWWN011887,Wastewater,,,,,,WWCE,,INUS,Paraparaumu,,2021
1771515.86,5474028.5905,13018513,KWWN010337,Wastewater,,,,,,WWBE,,PRV,Waikanae,L009.2,2017
1769266.96,5472542.2905,13018514,KWWN010968,Wastewater,2.47,2.83,1.04,3.51,3.87,WWMH,,INUS,Paraparaumu,SSMH A1,2021
1774126.203,5474689.7055,13018515,KWWN012534,Wastewater,,,,,,WWPWC,,INUS,Waikanae,,2023
1780164.557,5486178.0365,13018516,KWWN012481,Wastewater,,,,,,WWCE,,INUS,Otaki,,2023
1771525.207,5474029.2985,13018517,KWWN010338,Wastewater,,,,,,WWBE,,PRV,Waikanae,L010.2,2017
1780765.528,5485892.5735,13018518,KWWN011319,Wastewater,7.62,7.99,0.83,8.45,8.82,WWMH,,INUS,Otaki,,2022
1773359.7,5475004.4005,13018519,KWWN010271,Wastewater,2.68,3.03,5.79,8.47,8.82,WWMH,,INUS,Waikanae,MH002,2016
1767323.04,5467319.8405,13018520,KWWN010171,Wastewater,,,,,,WWCON,,INUS,Paraparaumu,,
1780166.311,5486118.5975,13018521,KWWN012468,Wastewater,4.27,4.64,1.14,5.41,5.78,WWMH,,INUS,Otaki,,2023
1779964.01,5486307.7005,13018522,KWWN012401,Wastewater,,,,,,WWCE,,PRV,Otaki,,2023
1774518.65,5471603.0095,13018523,KWWN011244,Wastewater,,,,,,WWWW,,INUS,Waikanae,,
1769348.77,5472578.5005,13018524,KWWN010969,Wastewater,1.48,1.84,2.44,3.92,4.28,WWMH,,INUS,Paraparaumu,SSMH A2,2021
1769277.391,5469144.7325,13018525,KWWN011286,Wastewater,,,,,,WWWW,,PRV,Paraparaumu,,2022
1774045.662,5474864.5315,13018526,KWWN012520,Wastewater,,,,,,WWPWC,,PRV,Waikanae,,2023
1773295.3,5475099.7005,13018527,KWWN010269,Wastewater,2.41,2.76,4.01,6.42,6.77,WWMH,,INUS,Waikanae,MH004,2016
1767882.15,5470832.0245,13018528,KWWN011975,Wastewater,,,,,,WWWW,,PRV,Paraparaumu,,
1766748.52,5467804.9605,13018529,KWWN010222,Wastewater,,,,,,WWCON,,INUS,Paraparaumu,,
1774062.699,5474868.0535,13018530,KWWN012560,Wastewater,,,,,,WWPWC,,PRV,Waikanae,,2023
1767362.85,5471828.4805,13018531,KWWN012754,Wastewater,3.21,3.56,1.47,4.68,5.03,WWMH,,INUS,Paraparaumu,,2022
1774937.82,5473528.9945,13018532,KWWN011701,Wastewater,,,,,,WWCE,,INUS,Waikanae,,2019
1774329.88,5474591.7125,13018533,KWWN011354,Wastewater,15.68,16.03,1.78,17.46,17.81,WWMH,,INUS,Waikanae,,2022
1780075.286,5486426.9365,13018534,KWWN012339,Wastewater,4.01,4.38,1.47,5.48,5.85,WWMH,,INUS,Otaki,,2023
1767367.678,5472041.1435,13018535,KWWN011154,Wastewater,,,,,,WWWW,,PRV,Paraparaumu,,1995
1771497.008,5474026.8175,13018536,KWWN010411,Wastewater,,,,,,WWCON,,INUS,Waikanae,B6,2017
1766499.526,5466240.4835,13018537,KWWN010079,Wastewater,,,,,,WWCON,,INUS,Paraparaumu,,
1766811.6,5470558.8305,13018538,KWWN010851,Wastewater,,,,,,WWCE,,INUS,Paraparaumu,,2021
1779986.143,5486160.7035,13018539,KWWN012491,Wastewater,,,,,,WWCE,,PRV,Otaki,,2023
1766986.17,5471394.7505,13018540,KWWN010327,Wastewater,0.24,0.6,1.29,1.53,1.89,WWMH,,INUS,Paraparaumu,,2021
1768898.38,5471994.8035,13018541,KWWN012418,Wastewater,,,,,,WWCON,,INUS,Paraparaumu,,2014
1780006.325,5486180.0005,13018542,KWWN012498,Wastewater,,,,,,WWCE,,PRV,Otaki,,2023
1767457.343,5471103.1485,13018543,KWWN012281,Wastewater,,,,,,WWWW,,PRV,Paraparaumu,,2023
1766750.1,5467805.9105,13018544,KWWN010226,Wastewater,,,,,,WWCON,,INUS,Paraparaumu,,
1768893.426,5469126.7645,13018545,KWWN011827,Wastewater,,,,,,WWCE,,PRV,Paraparaumu,,1980
1768944.952,5471984.0135,13018546,KWWN011888,Wastewater,,,,,,WWCE,,INUS,Paraparaumu,,2021
1780093.55,5486370.7305,13018547,KWWN012414,Wastewater,,,,,,WWCE,,INUS,Otaki,,2023
1780059.309,5486162.0955,13018548,KWWN012485,Wastewater,,,,,,WWCE,,INUS,Otaki,,2023
1766751.11,5467804.5105,13018549,KWWN010224,Wastewater,,,,,,WWCON,,INUS,Paraparaumu,,
1767531.661,5466519.4675,13018550,KWWN010143,Wastewater,,,,,,WWCON,,INUS,Paraparaumu,,
1774206.414,5474772.0805,13018551,KWWN012581,Wastewater,,,,,,WWCON,,INUS,Waikanae,,2023
1766988.496,5471094.9455,13018552,KWWN011868,Wastewater,3.85,4.21,1.77,5.63,5.98,WWMH,,PRV,Paraparaumu,,2023
1771543.533,5474033.1855,13018553,KWWN010414,Wastewater,,,,,,WWCON,,INUS,Waikanae,B12,2017
1774202.713,5474699.1435,13018554,KWWN012578,Wastewater,,,,,,WWVA,,INUS,Waikanae,,2023
1768247.936,5470630.7955,13018555,KWWN009843,Wastewater,4.87,5.22,0.9,5.77,6.12,WWMH,,INUS,Paraparaumu,,1997
1767836.504,5470972.1035,13018556,KWWN009758,Wastewater,2.92,3.27,1.96,4.88,5.23,WWMH,,INUS,Paraparaumu,,2018
1769418.778,5470755.0765,13018557,KWWN010551,Wastewater,,,0.7,,,WWMH,,PRV,Paraparaumu,,
1774509.717,5471590.6075,13018558,KWWN011249,Wastewater,,,,,,WWCON,,INUS,Waikanae,,
1772618.655,5473679.9615,13018559,KWWN012047,Wastewater,,,,,,WWVA,,INUS,Waikanae,,2023
1772632.487,5473710.1825,13018560,KWWN012070,Wastewater,,,,,,WWCE,,INUS,Waikanae,,2023
1780030.81,5486179.6825,13018561,KWWN012477,Wastewater,5.34,5.71,1.15,6.49,6.86,WWMH,,INUS,Otaki,,2023
1769929.878,5469501.8555,13018562,KWWN011558,Wastewater,10.03,10.38,1.56,11.59,11.94,WWMH,,INUS,Paraparaumu,,2022
1766626.32,5466153.8205,13018563,KWWN010059,Wastewater,,,,,,WWCON,,INUS,Paraparaumu,,
1769076.202,5468312.4045,13018564,KWWN010233,Wastewater,19.19,19.54,1.18,20.37,20.72,WWMH,,INUS,Paraparaumu,,2015
1780017.177,5486183.1925,13018565,KWWN012488,Wastewater,,,,,,WWCE,,PRV,Otaki,,2023
1770676.78,5472201.4705,13018566,KWWN010468,Wastewater,5.21,5.57,,,,WWVA,,STANDBY,Paraparaumu,SV03 VB,2017
1768907.047,5470918.8795,13018567,KWWN012422,Wastewater,,,,,,WWCON,,INUS,Paraparaumu,,2012
1766528.291,5466514.7425,13018568,KWWN010085,Wastewater,,,,,,WWCON,,INUS,Paraparaumu,,
1773360.8,5474989.7005,13018569,KWWN010272,Wastewater,2.73,3.08,4.38,7.11,7.46,WWMH,,INUS,Waikanae,MH001,2016
1774102.986,5474863.5295,13018570,KWWN012562,Wastewater,,,,,,WWPWC,,PRV,Waikanae,,2023
1772675.2,5473644.8845,13018571,KWWN012085,Wastewater,15.3,15.66,2.17,17.47,17.83,WWMH,,INUS,Waikanae,SSMH13,2023
1772619.536,5473679.7595,13018572,KWWN012120,Wastewater,,,,,,WWCON,,INUS,Waikanae,,2023
1768029.191,5470401.2715,13018573,KWWN010280,Wastewater,,,,,,WWCON,,INUS,Paraparaumu,,2017
1771470.07,5474033.5405,13018574,KWWN010403,Wastewater,,,,,,WWCE,,INUS,Waikanae,C3,2017
1772492.85,5473810.4355,13018575,KWWN012061,Wastewater,,,,,,WWPWC,,PRV,Waikanae,,2023
1780164.951,5486196.9475,13018576,KWWN012472,Wastewater,5.02,5.39,1.37,6.39,6.76,WWMH,,INUS,Otaki,,2023
1769557.32,5467888.3705,13018577,KWWN011613,Wastewater,41.09,41.44,1.38,42.47,42.82,WWMH,,PRV,Paraparaumu,D1,2020
1773324.8,5475056.5005,13018578,KWWN010270,Wastewater,2.5,2.85,6.22,8.72,9.07,WWMH,,INUS,Waikanae,MH003,2016
1774284.834,5473122.6755,13018579,KWWN012397,Wastewater,,,,,,WWCE,,ENT,Waikanae,,2022
1771404.425,5474051.2455,13018580,KWWN010367,Wastewater,,,,,,WWBE,,PRV,Waikanae,L504.2,2017
1768288.746,5468492.2275,13018581,KWWN011428,Wastewater,5.12,5.47,1.32,6.44,6.79,WWMH,,INUS,Paraparaumu,,2022
1771534.089,5474114.0515,13018582,KWWN010306,Wastewater,7.1,7.46,2,9.1,9.46,WWMH,,INUS,Waikanae,SSB3,2017
1771430.594,5474033.7175,13018583,KWWN010314,Wastewater,2.77,3.13,2.52,5.29,5.65,WWMH,,INUS,Waikanae,SSD3,2017
1767484.73,5466233.3995,13018584,KWWN010839,Wastewater,7.24,7.59,1.27,8.51,8.86,WWMH,,INUS,Paraparaumu,,2021
1780053.228,5486351.8925,13018585,KWWN012334,Wastewater,4.81,5.18,1.17,5.98,6.35,WWMH,,INUS,Otaki,,2023
1772641.496,5473779.2785,13018586,KWWN012063,Wastewater,,,,,,WWPWC,,PRV,Waikanae,,2023
1774136.519,5474707.5235,13018587,KWWN012528,Wastewater,,,,,,WWPWC,,INUS,Waikanae,,2023
1766985.613,5471094.9575,13018588,KWWN011877,Wastewater,,,,,,WWBE,,PRV,Paraparaumu,,2023
1769156.194,5471064.4755,13018589,KWWN011995,Wastewater,,,,,,WWVA,,INUS,Paraparaumu,,1980
1781709.601,5485335.1505,13018590,KWWN012654,Wastewater,,,,,,WWCE,,INUS,Otaki,,2022
1772875.099,5473438.8495,13018591,KWWN010502,Wastewater,,,,,,WWCON,,PRV,Waikanae,,2016
1774169.081,5474776.0175,13018592,KWWN012586,Wastewater,,,,,,WWCON,,INUS,Waikanae,,2023
1781595.03,5485701.5005,13018593,KWWN011080,Wastewater,9.55,9.93,1,10.55,10.93,WWMH,,INUS,Otaki,SSMH 02,2021
1780056.723,5486163.4335,13018594,KWWN012493,Wastewater,,,,,,WWCE,,INUS,Otaki,,2023
1767484.989,5466233.9325,13018595,KWWN010841,Wastewater,,,,,,WWCE,,PRV,Paraparaumu,,2021
1781531.82,5485605.3805,13018596,KWWN011084,Wastewater,10.55,10.93,0.98,11.53,11.91,WWMH,,INUS,Otaki,SSMH 06,2021
1767476.06,5466122.2215,13018597,KWWN010116,Wastewater,,,,,,WWCON,,INUS,Paraparaumu,,
1783120.235,5485595.8025,13018598,KWWN010235,Wastewater,37.5,37.88,1.2,38.7,39.08,WWMH,,INUS,Otaki,D2,2016
1766483.46,5467351.0005,13018599,KWWN010193,Wastewater,,,,,,WWCON,,INUS,Paraparaumu,,
1766365.625,5466963.6215,13018600,KWWN010100,Wastewater,,,,,,WWWW,,INUS,Paraparaumu,,
1771417.561,5474959.7495,13018601,KWWN010286,Wastewater,,,,,,WWVA,,PRV,Waikanae,,2017
1767896.545,5466680.9075,13018602,KWWN010240,Wastewater,8.09,8.44,1.28,9.37,9.72,WWMH,,INUS,Paraparaumu,MH004,2016
1780109.976,5486180.6145,13018603,KWWN012461,Wastewater,5.42,5.79,1.33,6.75,7.12,WWMH,,INUS,Otaki,,2023
1771524.612,5474115.9645,13018604,KWWN010354,Wastewater,,,,,,WWBE,,PRV,Waikanae,L024.2,2017
1772620.389,5473679.4885,13018605,KWWN012117,Wastewater,,,,,,WWCON,,INUS,Waikanae,,2023
1774102.147,5474861.2385,13018606,KWWN012584,Wastewater,,,,,,WWCON,,INUS,Waikanae,,2023
1782671.17,5485856.4405,13018607,KWWN010943,Wastewater,28.34,28.72,1.37,29.71,30.09,WWMH,,INUS,Otaki,SSMH01,2021
1772673.304,5473675.0825,13018608,KWWN012084,Wastewater,14.03,14.39,1.73,15.76,16.12,WWMH,,INUS,Waikanae,SSMH12,2023
1771180.218,5473232.5465,13018609,KWWN010396,Wastewater,,,,,,WWCE,,INUS,Waikanae,,2021
1767073.44,5466945.7705,13018610,KWWN010167,Wastewater,,,,,,WWCON,,INUS,Paraparaumu,,
1774062.301,5474865.6175,13018611,KWWN012571,Wastewater,,,,,,WWVA,,INUS,Waikanae,,2023
1768083.02,5466860.1805,13018612,KWWN010146,Wastewater,,,,,,WWCON,,INUS,Paraparaumu,,
1767858.72,5470899.3055,13018613,KWWN009761,Wastewater,3.69,4.04,1.57,5.26,5.61,WWMH,,INUS,Paraparaumu,,2018
1772875.938,5473438.2835,13018614,KWWN010503,Wastewater,,,,,,WWCON,,PRV,Waikanae,,2016
1779982.333,5486352.0905,13018615,KWWN012337,Wastewater,4.39,4.76,1.5,5.89,6.26,WWMH,,INUS,Otaki,,2023
1767475.73,5466122.0105,13018616,KWWN010115,Wastewater,,,,,,WWCON,,INUS,Paraparaumu,,
1772669.093,5473719.4825,13018617,KWWN012069,Wastewater,,,,,,WWCE,,INUS,Waikanae,,2023
1768898.534,5471995.2635,13018618,KWWN012419,Wastewater,,,,,,WWCON,,INUS,Paraparaumu,,2014
1769059.42,5468763.4905,13018619,KWWN012664,Wastewater,8.08,8.43,1.54,9.62,9.97,WWMH,,PRV,Paraparaumu,SSMH D1,2023
1771455.679,5474038.1765,13018620,KWWN010329,Wastewater,,,,,,WWBE,,PRV,Waikanae,L001.2,2017
1766489.731,5467458.0835,13018621,KWWN010787,Wastewater,,,,,,WWCON,,INUS,Paraparaumu,,2008
1766460.43,5467415.6605,13018622,KWWN010202,Wastewater,,,,,,WWCON,,INUS,Paraparaumu,,
1772628.497,5473694.6325,13018623,KWWN012073,Wastewater,9.28,9.64,1.94,11.22,11.58,WWMH,,INUS,Waikanae,SSMH02,2023
1771180.209,5473230.3525,13018624,KWWN010397,Wastewater,,,,,,WWCE,,PRV,Waikanae,,2021
1771532.44,5473517.6805,13018625,KWWN010922,Wastewater,,,,4.61,4.97,WWMH,,PRV,Waikanae,,
1766345.93,5466822.7305,13018626,KWWN010095,Wastewater,,,,,,WWCON,,INUS,Paraparaumu,,
1766460.07,5467415.9205,13018627,KWWN010201,Wastewater,,,,,,WWCON,,INUS,Paraparaumu,,
1766562.748,5467528.0945,13018628,KWWN011573,Wastewater,12.23,12.58,0.79,13.02,13.37,WWMH,,PRV,Paraparaumu,,2021
1766499.506,5466242.0025,13018629,KWWN010075,Wastewater,,,,,,WWCON,,INUS,Paraparaumu,,
1774090.984,5474697.2885,13018630,KWWN012531,Wastewater,,,,,,WWPWC,,INUS,Waikanae,,2023
1768083.2,5466859.9325,13018631,KWWN010144,Wastewater,,,,,,WWWW,,INUS,Paraparaumu,,
1779993.522,5486160.5065,13018632,KWWN012490,Wastewater,,,,,,WWCE,,PRV,Otaki,,2023
1771538.565,5474121.8695,13018633,KWWN010309,Wastewater,7.49,7.85,1.94,9.43,9.79,WWMH,,INUS,Waikanae,SSC1,2017
1768580.782,5470024.3285,13018634,KWWN009727,Wastewater,4.32,4.67,1.63,5.95,6.3,WWMH,,INUS,Paraparaumu,,1999
1779989.004,5486158.7285,13018635,KWWN012475,Wastewater,5.91,6.28,1.13,7.04,7.41,WWMH,,INUS,Otaki,,2023
1771346.815,5474015.6065,13018636,KWWN010294,Wastewater,2.44,2.8,1.49,3.93,4.29,WWMH,,INUS,Waikanae,PM01.5,2017
1766272.733,5466185.8375,13018637,KWWN010057,Wastewater,,,,,,WWCON,,INUS,Paraparaumu,,
1783000.044,5485894.3945,13018638,KWWN011665,Wastewater,34.12,34.5,2.52,36.64,37.02,WWMH,,INUS,Otaki,,2022
1769526.12,5467889.6405,13018639,KWWN011603,Wastewater,39.56,39.91,1.9,41.46,41.81,WWMH,,PRV,Paraparaumu,A5,2020
1769292.418,5469134.2355,13018640,KWWN011285,Wastewater,,,,,,WWWW,,PRV,Paraparaumu,,2022
1783109.748,5485907.0905,13018641,KWWN010957,Wastewater,37.12,37.5,1.19,38.31,38.69,WWMH,,INUS,Otaki,SS MH A1,2021
1774130.482,5474777.5535,13018642,KWWN012574,Wastewater,,,,,,WWCON,,INUS,Waikanae,,2023
1768230.69,5467510.7605,13018643,KWWN010155,Wastewater,,,,,,WWCON,,INUS,Paraparaumu,,
1770408.57,5471487.7805,13018644,KWWN010256,Wastewater,8.47,8.83,,,,WWCON,,STANDBY,Paraparaumu,SOP8B,2016
1780739.899,5485949.7905,13018645,KWWN011321,Wastewater,8.33,8.7,0.95,9.28,9.65,WWMH,,INUS,Otaki,,2022
1774175.298,5474704.1725,13018646,KWWN012526,Wastewater,,,,,,WWPWC,,INUS,Waikanae,,2023
1774214.795,5474808.3795,13018647,KWWN012567,Wastewater,,,,,,WWPWC,,INUS,Waikanae,,2023
1774044.276,5474772.2645,13018648,KWWN012552,Wastewater,,,,,,WWPWC,,INUS,Waikanae,,2023
1769477.22,5467965.8105,13018649,KWWN011598,Wastewater,35.3,35.65,1.37,36.67,37.02,WWMH,,PRV,Paraparaumu,A1,2020
1774280.866,5474668.9985,13018650,KWWN011366,Wastewater,,,,,,WWCE,,INUS,Waikanae,,2022
1780090.31,5486389.9905,13018651,KWWN012415,Wastewater,,,,,,WWCE,,INUS,Otaki,,2023
1766329.671,5466612.5015,13018652,KWWN010089,Wastewater,,,,,,WWCON,,INUS,Paraparaumu,,
1766528.655,5466515.8695,13018653,KWWN010081,Wastewater,,,,,,WWCON,,INUS,Paraparaumu,,
1768939.71,5468783.1105,13018654,KWWN012658,Wastewater,6.24,6.59,1.72,7.96,8.31,WWMH,,PRV,Paraparaumu,SSMH A3,2023
1767110.622,5470961.4415,13018655,KWWN010696,Wastewater,,,,,,WWVA,,INUS,Paraparaumu,,
1771417.644,5474048.9705,13018656,KWWN010349,Wastewater,,,,,,WWBE,,PRV,Waikanae,L019c.2,2017
1774083.092,5474781.8135,13018657,KWWN012554,Wastewater,,,,,,WWPWC,,INUS,Waikanae,,2023
1774092.029,5474866.3205,13018658,KWWN012561,Wastewater,,,,,,WWPWC,,PRV,Waikanae,,2023
1779114.452,5488414.0515,13018659,KWWN010480,Wastewater,3.31,3.68,1.7,5.01,5.38,WWMH,,INUS,Otaki,SSMH E1,2017
1767321.31,5467321.1805,13018660,KWWN010174,Wastewater,,,,,,WWCON,,INUS,Paraparaumu,,
1774472.369,5474361.6595,13018661,KWWN011349,Wastewater,13.56,13.91,1.2,14.76,15.11,WWMH,,INUS,Waikanae,,2022
1768936.07,5468811.6005,13018662,KWWN012656,Wastewater,5.76,6.11,1.7,7.46,7.81,WWMH,,PRV,Paraparaumu,SSMH A1,2023
1766627.13,5466153.5905,13018663,KWWN010061,Wastewater,,,,,,WWCON,,INUS,Paraparaumu,,
1782315.628,5485470.2215,13018664,KWWN010520,Wastewater,10.86,11.23,,,,WWCON,,INUS,Otaki,Bend6-45deg,2018
1774297.09,5473964.3405,13018665,KWWN010536,Wastewater,17.23,17.58,1.57,18.8,19.15,WWMH,,INUS,Waikanae,D3,2018
1769915.81,5469359.8205,13018666,KWWN011559,Wastewater,,,,,,WWCE,,INUS,Paraparaumu,,2022
1772735.235,5473774.4435,13018667,KWWN012077,Wastewater,,,,,,WWCE,,INUS,Waikanae,,2023
1782340.216,5485474.1095,13018668,KWWN010526,Wastewater,12.8,13.18,,,,WWCON,,INUS,Otaki,Tiein,2018
1780137.62,5486336.7205,13018669,KWWN012406,Wastewater,,,,,,WWCE,,PRV,Otaki,,2023
1774042.928,5474852.9785,13018670,KWWN012518,Wastewater,,,,,,WWPWC,,PRV,Waikanae,,2023
1780198.643,5485656.8195,13018671,KWWN012010,Wastewater,,,3.2,,,WWMH,,INUS,Otaki,OSM00781,1980
1769651.327,5469776.6515,13018672,KWWN011940,Wastewater,,,,,,WWCE,,INUS,Paraparaumu,,2023
1774514.811,5471600.8395,13018673,KWWN011250,Wastewater,,,,,,WWCON,,INUS,Waikanae,,
1782255.269,5485524.8655,13018674,KWWN010518,Wastewater,10.88,11.26,,,,WWCON,,INUS,Otaki,Bend4-22.5deg,2018
1766272.192,5466188.0385,13018675,KWWN010051,Wastewater,,,,,,WWCON,,INUS,Paraparaumu,,
1771514.685,5474055.5505,13018676,KWWN010316,Wastewater,5.04,5.4,1.77,6.81,7.17,WWMH,,INUS,Waikanae,SSE1,2017
1772611.63,5473686.9375,13018677,KWWN012044,Wastewater,10.17,10.53,1.14,11.31,11.67,WWMH,,INUS,Waikanae,SSMH ROW4,2023
1771533.592,5474030.2935,13018678,KWWN010413,Wastewater,,,,,,WWCON,,INUS,Waikanae,B11,2017
1772408.06,5473116.7005,13018679,KWWN010496,Wastewater,8.6,8.96,1.64,10.24,10.6,WWMH,,INUS,Waikanae,A2,2018
1766580.388,5467014.0795,13018680,KWWN010109,Wastewater,,,,,,WWCON,,INUS,Paraparaumu,,
1768229.88,5467511.1105,13018681,KWWN010158,Wastewater,,,,,,WWCON,,INUS,Paraparaumu,,
1772763.359,5473674.0275,13018682,KWWN012083,Wastewater,25.38,25.74,1.02,26.4,26.76,WWMH,,INUS,Waikanae,SSMH11,2023
1780741.501,5486051.6545,13018683,KWWN011097,Wastewater,7.52,7.89,1.28,8.8,9.17,WWMH,,INUS,Otaki,,2022
1779051.592,5488495.7335,13018684,KWWN010490,Wastewater,2.02,2.39,1.8,3.82,4.19,WWMH,,INUS,Otaki,SSMH A3,2017
1774155.624,5474706.4375,13018685,KWWN012527,Wastewater,,,,,,WWPWC,,INUS,Waikanae,,2023
1783137.82,5485950.1005,13018686,KWWN010955,Wastewater,37.02,37.4,0.9,37.92,38.3,WWMH,,INUS,Otaki,,2021
1772648.574,5473048.0275,13018687,KWWN012427,Wastewater,9.22,9.58,2.84,12.06,12.42,WWMH,,INUS,Waikanae,,2023
1766748.37,5467803.3805,13018688,KWWN010219,Wastewater,,,,,,WWCON,,INUS,Paraparaumu,,
1771481.596,5474069.2025,13018689,KWWN010346,Wastewater,,,,,,WWBE,,PRV,Waikanae,L018.2,2017
1780152.106,5486144.1445,13018690,KWWN012483,Wastewater,,,,,,WWCE,,INUS,Otaki,,2023
1780198.711,5486184.4535,13018691,KWWN012471,Wastewater,5.39,5.76,1.26,6.65,7.02,WWMH,,INUS,Otaki,,2023
1774415.925,5474623.7425,13018692,KWWN011353,Wastewater,11.69,12.04,3.38,15.07,15.42,WWMH,,INUS,Waikanae,,2022
1766259.166,5466413.8015,13018693,KWWN010067,Wastewater,,,,,,WWCON,,INUS,Paraparaumu,,
1766183.691,5465649.8285,13018694,KWWN012004,Wastewater,,,,,,WWMH,,INUS,Paraparaumu,KWWN002130A,
1782961.362,5485803.9035,13018695,KWWN011668,Wastewater,33.3,33.68,2.95,36.25,36.63,WWMH,,INUS,Otaki,,2022
1774081.759,5474781.4235,13018696,KWWN012553,Wastewater,,,,,,WWPWC,,INUS,Waikanae,,2023
1774346.747,5474592.0845,13018697,KWWN011364,Wastewater,,,,,,WWCE,,INUS,Waikanae,,2022
1780052.411,5486230.2205,13018698,KWWN012497,Wastewater,,,,,,WWCE,,INUS,Otaki,,2023
1766353.15,5466878.0505,13018699,KWWN010098,Wastewater,,,,,,WWCON,,INUS,Paraparaumu,,
1769477.31,5467888.2705,13018700,KWWN011608,Wastewater,40.08,40.43,1.45,41.53,41.88,WWMH,,PRV,Paraparaumu,B1,2020
1772154.657,5472644.2565,13018701,KWWN009783,Wastewater,7.98,8.34,1.19,9.17,9.53,WWMH,,INUS,Waikanae,,2021
1769313.396,5469135.9185,13018702,KWWN011283,Wastewater,8.36,8.71,0.56,8.92,9.27,WWMH,,INUS,Paraparaumu,,2022
1771600.498,5474153.7125,13018703,KWWN010303,Wastewater,6.74,7.1,2.02,8.76,9.12,WWMH,,INUS,Waikanae,SSA7,2017
1766666.68,5469127.4905,13018704,KWWN010457,Wastewater,,,,,,WWPWC,,PRV,Paraparaumu,Lot3 PS,2017
1767073.744,5466945.1795,13018705,KWWN010166,Wastewater,,,,,,WWCON,,INUS,Paraparaumu,,
1766459.339,5467415.5225,13018706,KWWN010198,Wastewater,,,,,,WWCON,,INUS,Paraparaumu,,
1770452.661,5472629.3865,13018707,KWWN012774,Wastewater,,,,,,WWPWC,,PRV,Paraparaumu,,2023
1769491.93,5467898.1705,13018708,KWWN011609,Wastewater,38.6,38.95,1.6,40.2,40.55,WWMH,,PRV,Paraparaumu,B1A,2020
1774572.109,5473472.4655,13018709,KWWN011009,Wastewater,,,,,,WWMH,,INUS,Waikanae,,2019
1773262.693,5472258.9735,13018710,KWWN011248,Wastewater,,,,,,WWMH,,INUS,Waikanae,,2000
1768904.077,5470916.6805,13018711,KWWN010291,Wastewater,,,,,,WWMH,,INUS,Paraparaumu,,2012
1781377.308,5485580.5735,13018712,KWWN012393,Wastewater,,,,,,WWCE,,PRV,Otaki,,2023
1771496.91,5474027.6705,13018713,KWWN010405,Wastewater,,,,,,WWCE,,INUS,Waikanae,C6,2017
1774042.25,5474771.7155,13018714,KWWN012551,Wastewater,,,,,,WWPWC,,INUS,Waikanae,,2023
1772875.492,5473439.2685,13018715,KWWN010501,Wastewater,,,,,,WWCON,,PRV,Waikanae,,2016
1774143.444,5474217.0255,13018716,KWWN011264,Wastewater,13.95,14.3,1.29,15.24,15.59,WWMH,,INUS,Waikanae,,2022
1773979.709,5474748.3645,13018717,KWWN012547,Wastewater,,,,,,WWPWC,,PRV,Waikanae,,2023
1772746.092,5473682.3635,13018718,KWWN012082,Wastewater,24.05,24.41,1.59,25.64,26,WWMH,,INUS,Waikanae,SSMH10,2023
1768970.47,5468761.7705,13018719,KWWN012659,Wastewater,6.67,7.02,1.65,8.32,8.67,WWMH,,PRV,Paraparaumu,SSMH A4,2023
1779975.603,5486350.7115,13018720,KWWN012338,Wastewater,4.21,4.58,1.76,5.97,6.34,WWMH,,INUS,Otaki,,2023
1767480.436,5466223.9155,13018721,KWWN010840,Wastewater,6.56,6.91,1.14,7.7,8.05,WWMH,,INUS,Paraparaumu,,2021
1767913.533,5468451.6815,13018722,KWWN010444,Wastewater,,,,3.89,4.24,WWMH,,INUS,Paraparaumu,,
1774318.608,5473351.9045,13018723,KWWN012286,Wastewater,25.72,26.07,0.83,26.55,26.9,WWMH,,INUS,Waikanae,,2022
1772641.212,5473805.3095,13018724,KWWN012087,Wastewater,,,,,,WWVA,,PRV,Waikanae,,2023
1771526.321,5474019.4175,13018725,KWWN010297,Wastewater,1.89,2.25,2.97,4.86,5.22,WWMH,,INUS,Waikanae,SSA1,2017
1766500.17,5466240.7605,13018726,KWWN010078,Wastewater,,,,,,WWCON,,INUS,Paraparaumu,,
1774840.237,5472822.3385,13018727,KWWN010231,Wastewater,68.32,68.67,1.19,69.51,69.86,WWMH,,INUS,Waikanae,,
1774924.009,5473134.3235,13018728,KWWN011238,Wastewater,,,,78.82,79.17,WWCE,,INUS,Waikanae,,2022
1774171.513,5474788.0185,13018729,KWWN012525,Wastewater,,,,,,WWPWC,,INUS,Waikanae,,2023
1770460.73,5471462.0505,13018730,KWWN010262,Wastewater,8.23,8.59,,,,WWCON,,STANDBY,Paraparaumu,SOP4,2016
1771476.04,5474027.5005,13018731,KWWN010410,Wastewater,,,,,,WWCON,,INUS,Waikanae,B4,2017
1767490.833,5471085.4365,13018732,KWWN012280,Wastewater,,,,,,WWMH,,PRV,Paraparaumu,,2023
1766133.734,5465580.1525,13018733,KWWN010037,Wastewater,,,,,,WWCON,,INUS,Paraparaumu,,
1774005.074,5473016.8195,13018734,KWWN010609,Wastewater,,,,,,WWCON,,INUS,Waikanae,,1979
1772735.522,5473771.4155,13018735,KWWN012040,Wastewater,,,,,,WWVA,,INUS,Waikanae,,2023
1771623.924,5474120.2485,13018736,KWWN010370,Wastewater,,,,,,WWBE,,PRV,Waikanae,L509b.2,2017
1767419.935,5470815.5005,13018737,KWWN011792,Wastewater,3.52,3.87,1.11,4.63,4.98,WWMH,,PRV,Paraparaumu,,2023
1770725.9,5472423.7105,13018738,KWWN010471,Wastewater,3.91,4.27,,,,WWVA,,STANDBY,Paraparaumu,SV04 C,2017
1779132.348,5488460.2045,13018739,KWWN010487,Wastewater,2.59,2.96,1.73,4.32,4.69,WWMH,,INUS,Otaki,SSMH A6,2017
1774830.33,5472380.8205,13018740,KWWN012746,Wastewater,72.64,72.99,1.37,74.01,74.36,WWMH,,ENT,Waikanae,SSA3,2023
1769069.224,5469187.8355,13018741,KWWN010448,Wastewater,1.16,1.51,,,,WWMH,,PRV,Paraparaumu,,
1766191.723,5465925.6815,13018742,KWWN010047,Wastewater,,,,,,WWCON,,INUS,Paraparaumu,,
1780667.69,5486028.5505,13018743,KWWN010631,Wastewater,7.39,7.76,1.38,8.77,9.14,WWMH,,INUS,Otaki,SSMH-02,2021
1782181.702,5485555.9415,13018744,KWWN010515,Wastewater,10.57,10.95,,,,WWCON,,INUS,Otaki,150x100 Flange,2018
1773966.188,5474763.2855,13018745,KWWN012514,Wastewater,,,,,,WWPWC,,PRV,Waikanae,,2023
1780151.156,5486141.3495,13018746,KWWN012484,Wastewater,,,,,,WWCE,,INUS,Otaki,,2023
1769265.084,5469136.5235,13018747,KWWN011287,Wastewater,,,,,,WWWW,,PRV,Paraparaumu,,2022
1767530.78,5466518.0825,13018748,KWWN010139,Wastewater,,,,,,WWCON,,INUS,Paraparaumu,,
1772422.035,5473805.7725,13018749,KWWN012055,Wastewater,,,,,,WWPWC,,PRV,Waikanae,,2023
1771478.083,5474101.4705,13018750,KWWN010308,Wastewater,7.66,8.02,1.63,9.29,9.65,WWMH,,INUS,Waikanae,SSB5,2017
1774169.697,5474788.2365,13018751,KWWN012524,Wastewater,,,,,,WWPWC,,INUS,Waikanae,,2023
1774178.851,5474686.6275,13018752,KWWN012536,Wastewater,,,,,,WWPWC,,INUS,Waikanae,,2023
1772852.69,5473660.7035,13018753,KWWN012053,Wastewater,,,,,,WWPWC,,PRV,Waikanae,,2023
1780086.93,5486370.4315,13018754,KWWN012345,Wastewater,4.33,4.7,1.36,5.69,6.06,WWMH,,INUS,Otaki,,2023
1769680.35,5469375.9215,13018755,KWWN012033,Wastewater,,,,,,WWVA,,INUS,Paraparaumu,,1980
1767450.853,5466408.2505,13018756,KWWN009706,Wastewater,,,,,,WWWW,,PRV,Paraparaumu,,1998
1770386.23,5471476.2405,13018757,KWWN010264,Wastewater,9.76,10.12,,,,WWCON,,STANDBY,Paraparaumu,SOP12,2016
1766191.506,5465925.3495,13018758,KWWN010048,Wastewater,,,,,,WWCON,,INUS,Paraparaumu,,
1767933.384,5471510.3695,13018759,KWWN010701,Wastewater,,,0.8,,,WWWW,,INUS,Paraparaumu,,1997
1780100.793,5486296.7535,13018760,KWWN012343,Wastewater,5.14,5.51,1.33,6.47,6.84,WWMH,,INUS,Otaki,,2023
1771436.603,5474043.0035,13018761,KWWN010347,Wastewater,,,,,,WWBE,,PRV,Waikanae,L019a.2,2017
1769051.99,5468757.6405,13018762,KWWN012663,Wastewater,7.94,8.29,1.51,9.45,9.8,WWMH,,PRV,Paraparaumu,SSMH C2,2023
1771508.839,5474027.9265,13018763,KWWN010336,Wastewater,,,,,,WWBE,,PRV,Waikanae,L008.2,2017
1780350.92,5486423.9605,13018764,KWWN011019,Wastewater,4.31,4.68,1.52,5.83,6.2,WWMH,,INUS,Otaki,SSMH1,2021
1768563.762,5472440.1745,13018765,KWWN011942,Wastewater,,,,,,WWCE,,INUS,Paraparaumu,,2023
1769300.486,5469010.1535,13018766,KWWN011262,Wastewater,,,,,,WWCE,,PRV,Paraparaumu,,2022
1780942.528,5485330.8885,13018767,KWWN010234,Wastewater,,,,9.98,10.35,WWMH,,PRV,Otaki,,2013
1782339.016,5485473.1465,13018768,KWWN010523,Wastewater,12.35,12.73,,,,WWCON,,INUS,Otaki,Bend9-22.5deg,2018
1767324.09,5467320.4305,13018769,KWWN010169,Wastewater,,,,,,WWCON,,INUS,Paraparaumu,,
1769416.79,5472646.3105,13018770,KWWN010971,Wastewater,0.55,0.91,3.31,3.86,4.22,WWMH,,INUS,Paraparaumu,SSMH A4,2021
1771513.658,5474110.7665,13018771,KWWN010353,Wastewater,,,,,,WWBE,,PRV,Waikanae,L023.2,2017
1779990.428,5486310.4355,13018772,KWWN012341,Wastewater,4.75,5.12,1.29,6.04,6.41,WWMH,,INUS,Otaki,,2023
1768290.24,5468499.1675,13018773,KWWN011548,Wastewater,,,,,,WWWW,,INUS,Paraparaumu,,2022
1769925.578,5469364.7315,13018774,KWWN011560,Wastewater,,,,,,WWCE,,INUS,Paraparaumu,,2022
1780080.734,5486154.6945,13018775,KWWN012466,Wastewater,4.95,5.32,1.41,6.36,6.73,WWMH,,INUS,Otaki,,2023
1774130.472,5474778.1825,13018776,KWWN012576,Wastewater,,,,,,WWVA,,INUS,Waikanae,,2023
1768290.644,5468489.6625,13018777,KWWN011550,Wastewater,,,,6.43,6.78,WWMH,,PRV,Paraparaumu,,2022
1780034.718,5486199.1805,13018778,KWWN012494,Wastewater,,,,,,WWCE,,INUS,Otaki,,2023
1770270.377,5472479.6415,13018779,KWWN012770,Wastewater,,,,,,WWPWC,,PRV,Paraparaumu,,2023
1774870.14,5472426.2805,13018780,KWWN012748,Wastewater,83.09,83.44,1.39,84.48,84.83,WWMH,,ENT,Waikanae,SSAS,2023
1766750.148,5467806.6305,13018781,KWWN010228,Wastewater,,,,,,WWCON,,INUS,Paraparaumu,,
1781536.23,5485623.8205,13018782,KWWN011083,Wastewater,10.35,10.73,0.99,11.34,11.72,WWMH,,INUS,Otaki,SSMH 05,2021
1769947.423,5469416.6115,13018783,KWWN011555,Wastewater,11.94,12.29,1.81,13.75,14.1,WWMH,,INUS,Paraparaumu,,2022
1767420.91,5466260.0835,13018784,KWWN010120,Wastewater,,,,,,WWWW,,INUS,Paraparaumu,,
1780131.7,5486349.4405,13018785,KWWN012404,Wastewater,,,,,,WWCE,,PRV,Otaki,,2023
1767420.71,5466260.8405,13018786,KWWN010122,Wastewater,,,,,,WWCON,,INUS,Paraparaumu,,
1768083.68,5466860.5705,13018787,KWWN010148,Wastewater,,,,,,WWCON,,INUS,Paraparaumu,,
1769930.3,5469379.1825,13018788,KWWN011561,Wastewater,,,,,,WWCE,,INUS,Paraparaumu,,2022
1766814.9,5470562.4005,13018789,KWWN010849,Wastewater,,,,,,WWMH,,PRV,Paraparaumu,,2021
1775038.539,5473512.8445,13018790,KWWN010680,Wastewater,,,,,,WWCE,,PRV,Waikanae,,2021
1770858.849,5472967.8655,13018791,KWWN010504,Wastewater,,,,,,WWCON,,STANDBY,Paraparaumu,,2016
1782694.63,5485679.8305,13018792,KWWN011188,Wastewater,28.74,29.12,1.9,30.64,31.02,WWMH,,INUS,Otaki,SSMH-ROAD-04,2022
1766580.768,5467012.8365,13018793,KWWN010104,Wastewater,,,,,,WWCON,,INUS,Paraparaumu,,
1772425.747,5473801.4295,13018794,KWWN012043,Wastewater,,,,,,WWVA,,PRV,Waikanae,,2023
1767423.32,5467844.4405,13018795,KWWN010179,Wastewater,,,,,,WWCON,,INUS,Paraparaumu,,
1774347.276,5474663.1825,13018796,KWWN011356,Wastewater,11.26,11.61,2.56,13.82,14.17,WWMH,,INUS,Waikanae,,2022
1774336.244,5473316.4415,13018797,KWWN010791,Wastewater,,,,26.97,27.32,WWCE,,INUS,Waikanae,,2022
1769149.352,5469520.6395,13018798,KWWN011748,Wastewater,,,,,,WWMH,,PRV,Paraparaumu,,
1782338.746,5485473.0295,13018799,KWWN010522,Wastewater,12.25,12.63,,,,WWCON,,INUS,Otaki,Bend8-45deg,2018
1768330.451,5468539.8435,13018800,KWWN011426,Wastewater,3.96,4.31,1.24,6.2,6.55,WWMH,,PRV,Paraparaumu,,2022
1768229.36,5467511.0905,13018801,KWWN010159,Wastewater,,,,,,WWCON,,INUS,Paraparaumu,,
1767649.6,5468642.5005,13018802,KWWN010251,Wastewater,0.17,0.52,4.68,4.85,5.2,WWMH,,INUS,Paraparaumu,MH2,2016
1767423.1,5467845.3605,13018803,KWWN010176,Wastewater,,,,,,WWWW,,INUS,Paraparaumu,,
1766660.491,5468035.7325,13018804,KWWN011396,Wastewater,,,,,,WWCON,,INUS,Paraparaumu,,
1773281.6,5475106.1005,13018805,KWWN010268,Wastewater,2.37,2.72,3.28,5.65,6,WWMH,,INUS,Waikanae,MH005,2016
1782987.12,5485861.9605,13018806,KWWN011666,Wastewater,33.82,34.2,2.52,36.34,36.72,WWMH,,INUS,Otaki,,2022
1768083.25,5466860.6905,13018807,KWWN010147,Wastewater,,,,,,WWCON,,INUS,Paraparaumu,,
1771488.61,5474007.4605,13018808,KWWN010368,Wastewater,,,,,,WWBE,,PRV,Waikanae,L505.2,2017
1774815.64,5472329.5505,13018809,KWWN012745,Wastewater,62.85,63.2,1.41,64.26,64.61,WWMH,,ENT,Waikanae,SSA2,2023
1769791.782,5469160.4655,13018810,KWWN012306,Wastewater,10.98,11.33,1.47,12.45,12.8,WWMH,,INUS,Paraparaumu,,2023
1770473.01,5471470.0205,13018811,KWWN010263,Wastewater,8.46,8.82,,,,WWCON,,STANDBY,Paraparaumu,SOP3,2016
1767420.88,5466261.6805,13018812,KWWN010127,Wastewater,,,,,,WWCON,,INUS,Paraparaumu,,
1774782.665,5472333.9285,13018813,KWWN010274,Wastewater,56.01,56.36,2.07,58.08,58.43,WWMH,,INUS,Waikanae,20110215163519,2016
1767421.12,5466260.8505,13018814,KWWN010121,Wastewater,,,,,,WWCON,,INUS,Paraparaumu,,
1774210.644,5474660.3925,13018815,KWWN011401,Wastewater,10.07,10.42,,,,WWCON,,INUS,Waikanae,,2022
1780713.098,5486003.4965,13018816,KWWN011096,Wastewater,8.1,8.47,0.89,8.99,9.36,WWMH,,INUS,Otaki,,2022
1782968.158,5485820.1545,13018817,KWWN011667,Wastewater,33.55,33.93,2.57,36.12,36.5,WWMH,,INUS,Otaki,,2022
1767475.67,5466122.5305,13018818,KWWN010112,Wastewater,,,,,,WWWW,,INUS,Paraparaumu,,
1781557.11,5485701.8705,13018819,KWWN011082,Wastewater,9.88,10.26,1.02,10.9,11.28,WWMH,,INUS,Otaki,SSMH 04,2021
1767869.432,5466397.0425,13018820,KWWN010246,Wastewater,5.77,6.12,0.95,6.72,7.07,WWMH,,INUS,Paraparaumu,,2016
1768230.887,5467509.5845,13018821,KWWN010154,Wastewater,,,,,,WWCON,,INUS,Paraparaumu,,
1774249.406,5473171.5765,13018822,KWWN011003,Wastewater,25.72,26.07,2.58,28.3,28.65,WWMH,,INUS,Waikanae,,2022
1771169.832,5473212.3495,13018823,KWWN010399,Wastewater,,,,,,WWCE,,INUS,Waikanae,,2021
1780121.253,5486217.7165,13018824,KWWN012467,Wastewater,5.55,5.92,1.75,7.3,7.67,WWMH,,INUS,Otaki,,2023
1766373.432,5466341.4405,13018825,KWWN009912,Wastewater,,,,,,WWMH,,INUS,Paraparaumu,,2006
1778695.835,5487505.2965,13018826,KWWN011263,Wastewater,,,,,,WWMH,,INUS,Otaki,,1980
1781356.0,5485492.9705,13018827,KWWN012383,Wastewater,9.68,10.06,2.05,11.73,12.11,WWMH,,INUS,Otaki,SSMH A2,2023
1772422.77,5473103.9005,13018828,KWWN010499,Wastewater,9.05,9.41,1.53,10.58,10.94,WWMH,,INUS,Waikanae,B1,2018
1769333.31,5468142.3285,13018829,KWWN011678,Wastewater,,,,,,WWCE,,INUS,Paraparaumu,,2022
1774093.799,5474866.2335,13018830,KWWN012523,Wastewater,,,,,,WWPWC,,PRV,Waikanae,,2023
1774204.634,5474698.9355,13018831,KWWN012577,Wastewater,,,,,,WWCON,,INUS,Waikanae,,2023
1774204.502,5474697.8545,13018832,KWWN012579,Wastewater,,,,,,WWVA,,INUS,Waikanae,,2023
1780063.701,5486295.3175,13018833,KWWN012335,Wastewater,5.41,5.78,1.17,6.58,6.95,WWMH,,INUS,Otaki,,2023
1770688.1,5472276.8905,13018834,KWWN010470,Wastewater,7.95,8.31,,,,WWVA,,STANDBY,Paraparaumu,AV04,2017
1780602.49,5485467.3465,13018835,KWWN009935,Wastewater,,,,,,WWCE,,INUS,Otaki,,2021
1771461.35,5474035.6105,13018836,KWWN010409,Wastewater,,,,,,WWCON,,INUS,Waikanae,B2,2017
1766446.831,5467523.2075,13018837,KWWN010211,Wastewater,,,,,,WWCON,,INUS,Paraparaumu,,
1772617.811,5473683.0775,13018838,KWWN012051,Wastewater,7.08,7.44,4.23,11.31,11.67,WWMH,,INUS,Waikanae,SSMH01,2023
1772881.885,5472873.1935,13018839,KWWN011955,Wastewater,,,,,,WWCE,,INUS,Waikanae,,2022
1769364.118,5472574.1115,13018840,KWWN010979,Wastewater,,,,,,WWCE,,INUS,Paraparaumu,,2021
1767791.912,5469848.3545,13018841,KWWN012211,Wastewater,,,,5.55,5.9,WWWW,,PRV,Paraparaumu,A1,2013
1770064.294,5470186.1015,13018842,KWWN010229,Wastewater,7.24,7.59,0.62,7.86,8.21,WWMH,,INUS,Paraparaumu,,2014
1774000.196,5473019.8635,13018843,KWWN010612,Wastewater,,,,,,WWCON,,INUS,Waikanae,,1979
1781367.757,5485598.1755,13018844,KWWN012395,Wastewater,,,,,,WWCE,,PRV,Otaki,,2023
1767072.6,5466943.5775,13018845,KWWN010162,Wastewater,,,,,,WWCON,,INUS,Paraparaumu,,
1767432.566,5466389.1995,13018846,KWWN009707,Wastewater,,,,,,WWWW,,PRV,Paraparaumu,,2008
1768083.72,5466861.3305,13018847,KWWN010151,Wastewater,,,,,,WWCON,,INUS,Paraparaumu,,
1779141.58,5488472.8745,13018848,KWWN010486,Wastewater,2.67,3.04,1.52,4.19,4.56,WWMH,,INUS,Otaki,SSMH A7,2017
1774715.388,5472136.2115,13018849,KWWN011881,Wastewater,,,,,,WWCE,,PRV,Waikanae,,
1772620.167,5473679.9675,13018850,KWWN012119,Wastewater,,,,,,WWCON,,INUS,Waikanae,,2023
1767039.387,5471419.3335,13018851,KWWN010204,Wastewater,,,,,,WWCE,,PRV,Paraparaumu,,2021
1774118.803,5474834.5055,13018852,KWWN012556,Wastewater,,,,,,WWPWC,,INUS,Waikanae,,2023
1767424.044,5467844.9075,13018853,KWWN010180,Wastewater,,,,,,WWCON,,INUS,Paraparaumu,,
1780143.735,5486133.5065,13018854,KWWN012460,Wastewater,4.53,4.9,2.12,6.65,7.02,WWMH,,INUS,Otaki,,2023
1766528.508,5466515.4075,13018855,KWWN010083,Wastewater,,,,,,WWCON,,INUS,Paraparaumu,,
1769412.986,5472591.2775,13018856,KWWN010980,Wastewater,,,,,,WWCE,,INUS,Paraparaumu,,2021
1771233.772,5473252.3275,13018857,KWWN010401,Wastewater,,,,,,WWMH,,INUS,Waikanae,,2018
1780207.217,5486094.5535,13018858,KWWN012474,Wastewater,3.83,4.2,1.71,5.54,5.91,WWMH,,INUS,Otaki,,2023
1766932.745,5470764.0445,13018859,KWWN009746,Wastewater,,,,,,WWWW,,PRV,Paraparaumu,,2021
1772807.099,5473726.1515,13018860,KWWN012042,Wastewater,,,,14.61,14.97,WWVA,,INUS,Waikanae,SSMH MINI,2023
1780725.206,5485455.9105,13018861,KWWN009949,Wastewater,,,,,,WWCE,,INUS,Otaki,,2021
1774234.252,5474775.7445,13018862,KWWN011363,Wastewater,11.36,11.71,0.71,12.07,12.42,WWMH,,INUS,Waikanae,,2022
1771604.072,5474140.9385,13018863,KWWN010302,Wastewater,5.65,6.01,2.39,8.04,8.4,WWMH,,INUS,Waikanae,SSA6,2017
1771630.52,5474116.8955,13018864,KWWN010318,Wastewater,4.93,5.29,1.8,6.73,7.09,WWMH,,INUS,Waikanae,SSF1,2017
1774656.881,5471819.0585,13018865,KWWN011242,Wastewater,,,,,,WWMH,,INUS,Waikanae,,1999
1767531.371,5466517.2635,13018866,KWWN010138,Wastewater,,,,,,WWCON,,INUS,Paraparaumu,,
1771577.674,5474038.3185,13018867,KWWN010299,Wastewater,3.17,3.53,1.83,5,5.36,WWMH,,INUS,Waikanae,SSA3,2017
1766665.89,5469119.1305,13018868,KWWN010458,Wastewater,,,,,,WWPWC,,PRV,Paraparaumu,Lot4 PS,2017
1771232.789,5473253.9765,13018869,KWWN012750,Wastewater,,,,,,WWCON,,INUS,Waikanae,,2018
1770303.306,5472517.2685,13018870,KWWN012768,Wastewater,,,,,,WWPWC,,PRV,Paraparaumu,,2023
1780095.099,5486328.7785,13018871,KWWN012344,Wastewater,4.58,4.95,1.52,6.1,6.47,WWMH,,INUS,Otaki,,2023
1771555.04,5474038.5205,13018872,KWWN010408,Wastewater,,,,,,WWCE,,INUS,Waikanae,C13,2017
1774131.184,5474846.7745,13018873,KWWN012563,Wastewater,,,,,,WWPWC,,INUS,Waikanae,,2023
1771549.26,5474132.2235,13018874,KWWN010357,Wastewater,,,,,,WWBE,,PRV,Waikanae,L027.2,2017
1771417.495,5474960.5705,13018875,KWWN010287,Wastewater,,,,3.79,4.15,WWMH,,PRV,Waikanae,,2017
1780089.29,5486394.0805,13018876,KWWN012416,Wastewater,,,,,,WWCE,,INUS,Otaki,,2023
1767420.75,5466261.5405,13018877,KWWN010125,Wastewater,,,,,,WWCON,,INUS,Paraparaumu,,
1766446.191,5467523.1825,13018878,KWWN010208,Wastewater,,,,,,WWCON,,INUS,Paraparaumu,,
1768093.231,5467912.1345,13018879,KWWN009907,Wastewater,3.43,3.78,2.29,5.72,6.07,WWMH,,INUS,Paraparaumu,,2021
1768293.801,5468502.9125,13018880,KWWN011429,Wastewater,3.65,4,2.64,6.29,6.64,WWMH,,PRV,Paraparaumu,,2022
1771602.259,5474129.2725,13018881,KWWN010366,Wastewater,,,,,,WWBE,,PRV,Waikanae,L037.2,2017
1768928.968,5468822.4775,13018882,KWWN012668,Wastewater,,,,,,WWCON,,PRV,Paraparaumu,,2023
1769140.887,5469501.3135,13018883,KWWN012150,Wastewater,,,,,,WWCE,,INUS,Paraparaumu,,2023
1781438.612,5485190.3365,13018884,KWWN009831,Wastewater,10.9,11.28,1.9,12.8,13.18,WWMH,,PRV,Otaki,A2,2020
1774000.521,5474767.8345,13018885,KWWN012549,Wastewater,,,,,,WWPWC,,PRV,Waikanae,,2023
1779139.651,5488521.0685,13018886,KWWN010484,Wastewater,2.72,3.09,1.02,3.74,4.11,WWMH,,INUS,Otaki,SSMH B2,2017
1780775.646,5484955.7855,13018887,KWWN011725,Wastewater,7.64,8.01,2.97,10.61,10.98,WWMH,,INUS,Otaki,,2023
1768269.47,5468562.0815,13018888,KWWN011422,Wastewater,4.55,4.9,1.17,5.72,6.07,WWMH,,PRV,Paraparaumu,,2022
1774206.554,5474612.0275,13018889,KWWN011402,Wastewater,9.8,10.16,,,,WWCON,,INUS,Waikanae,,2022
1771501.932,5474098.9315,13018890,KWWN010307,Wastewater,7.43,7.79,2.09,9.52,9.88,WWMH,,INUS,Waikanae,SSB4,2017
1769468.312,5468014.5265,13018891,KWWN011614,Wastewater,33.28,33.63,0.82,34.1,34.45,WWMH,,INUS,Paraparaumu,,1985
1769580.49,5467857.1405,13018892,KWWN011605,Wastewater,42.74,43.09,1.35,44.09,44.44,WWMH,,PRV,Paraparaumu,A7,2020
1780142.08,5486212.4985,13018893,KWWN012499,Wastewater,,,,,,WWCE,,INUS,Otaki,,2023
1774129.169,5474818.7485,13018894,KWWN012585,Wastewater,,,,,,WWCON,,INUS,Waikanae,,2023
1772647.37,5473765.5925,13018895,KWWN012062,Wastewater,,,,,,WWPWC,,PRV,Waikanae,,2023
1769404.803,5472588.2875,13018896,KWWN010977,Wastewater,,,,,,WWCE,,INUS,Paraparaumu,,2021
1773056.599,5473407.3335,13018897,KWWN012317,Wastewater,15.49,15.84,0.97,16.46,16.81,WWMH,,INUS,Waikanae,,1995
1767633.882,5468643.6735,13018898,KWWN010250,Wastewater,0.21,0.56,4.76,4.97,5.32,WWMH,,INUS,Paraparaumu,MH1,2016
1770329.401,5470052.0545,13018899,KWWN011854,Wastewater,,,,,,WWWW,,PRV,Paraparaumu,,2021
1774148.183,5473500.8225,13018900,KWWN010284,Wastewater,21.57,21.92,1.73,23.3,23.65,WWMH,,INUS,Waikanae,,2017
1769370.94,5468159.3805,13018901,KWWN011679,Wastewater,,,,,,WWMH,,PRV,Paraparaumu,,
1782339.989,5485473.9435,13018902,KWWN010525,Wastewater,12.8,13.18,0.67,13.47,13.85,WWVA,,INUS,Otaki,Isolation Valv,2018
1772491.242,5473856.8485,13018903,KWWN012103,Wastewater,,,,,,WWCON,,PRV,Waikanae,,2023
1771570.323,5474155.2495,13018904,KWWN011734,Wastewater,,,,,,WWSUMP,,PRV,Waikanae,,2022
1768310.885,5468559.3495,13018905,KWWN011425,Wastewater,4.18,4.53,1.75,5.93,6.28,WWMH,,PRV,Paraparaumu,,2022
1772643.561,5473805.2515,13018906,KWWN012065,Wastewater,,,,,,WWPWC,,PRV,Waikanae,,2023
1783020.147,5485939.9645,13018907,KWWN011664,Wastewater,34.44,34.82,2.44,36.88,37.26,WWMH,,INUS,Otaki,,2022
1774153.693,5474689.6575,13018908,KWWN012535,Wastewater,,,,,,WWPWC,,INUS,Waikanae,,2023
1770276.115,5470147.9855,13018909,KWWN011851,Wastewater,19.66,20.02,2.48,22.14,22.5,WWMH,,PRV,Paraparaumu,,2021
1770453.21,5471463.3305,13018910,KWWN010260,Wastewater,8.04,8.39,,,,WWCON,,STANDBY,Paraparaumu,SOP6,2016
1766193.35,5465923.2305,13018911,KWWN010039,Wastewater,,,,,,WWCON,,INUS,Paraparaumu,,
1769527.62,5467908.2005,13018912,KWWN011611,Wastewater,39.81,40.16,1.43,41.24,41.59,WWMH,,PRV,Paraparaumu,C1,2020
1771461.818,5474035.7425,13018913,KWWN010402,Wastewater,,,,,,WWCE,,INUS,Waikanae,C2,2017
1767423.048,5467844.7855,13018914,KWWN010177,Wastewater,,,,,,WWCON,,INUS,Paraparaumu,,
1772484.835,5473859.0915,13018915,KWWN012060,Wastewater,,,,,,WWPWC,,PRV,Waikanae,,2023
1766458.76,5467416.1005,13018916,KWWN010196,Wastewater,,,,,,WWCON,,INUS,Paraparaumu,,
1774069.835,5474849.1825,13018917,KWWN012558,Wastewater,,,,,,WWPWC,,INUS,Waikanae,,2023
1774047.301,5474846.8875,13018918,KWWN012517,Wastewater,,,,,,WWPWC,,INUS,Waikanae,,2023
1772909.339,5472506.3215,13018919,KWWN011817,Wastewater,,,,,,WWMH,,PRV,Waikanae,,1980
1771670.442,5474133.2955,13018920,KWWN010068,Wastewater,,,,,,WWCE,,PRV,Waikanae,,2021
1780044.814,5486216.9415,13018921,KWWN012496,Wastewater,,,,,,WWCE,,INUS,Otaki,,2023
1766749.42,5467802.6105,13018922,KWWN010218,Wastewater,,,,,,WWWW,,INUS,Paraparaumu,,
1780649.48,5485222.9805,13018923,KWWN009655,Wastewater,8.08,8.45,1.25,9.33,9.7,WWMH,,INUS,Otaki,,2021
1775224.96,5473799.2205,13018924,KWWN012507,Wastewater,76.84,77.19,1.22,78.06,78.41,WWMH,,PRV,Waikanae,,2023
1766513.284,5467225.6465,13018925,KWWN010191,Wastewater,,,,,,WWCON,,INUS,Paraparaumu,,
1771521.604,5473119.8575,13018926,KWWN011282,Wastewater,,,,5.81,6.17,WWMH,,PRV,Waikanae,,2022
1770678.08,5472200.9605,13018927,KWWN010469,Wastewater,4.86,5.22,,,,WWVA,,STANDBY,Paraparaumu,SV03 C,2017
1766947.702,5470754.7705,13018928,KWWN009747,Wastewater,,,,,,WWWW,,PRV,Paraparaumu,,2021
1774265.81,5473999.6505,13018929,KWWN010533,Wastewater,16.7,17.05,1.57,18.27,18.62,WWMH,,INUS,Waikanae,D2,2018
1767943.519,5470752.8675,13018930,KWWN010824,Wastewater,,,,4.41,4.76,WWMH,,PRV,Paraparaumu,,2021
1769471.389,5467940.3215,13018931,KWWN011976,Wastewater,37.01,37.36,1.09,38.1,38.45,WWMH,,PRV,Paraparaumu,,2023
1766749.57,5467803.2505,13018932,KWWN010220,Wastewater,,,,,,WWCON,,INUS,Paraparaumu,,
1770212.748,5470136.4925,13018933,KWWN011853,Wastewater,18.57,18.92,2.34,20.91,21.26,WWMH,,PRV,Paraparaumu,,2021
1771488.623,5474018.8965,13018934,KWWN010313,Wastewater,2.29,2.65,2.73,5.02,5.38,WWMH,,INUS,Waikanae,SSD2,2017
1774024.997,5474755.1515,13018935,KWWN012511,Wastewater,,,,,,WWPWC,,PRV,Waikanae,,2023
1782339.603,5485473.7185,13018936,KWWN010524,Wastewater,12.53,12.91,,,,WWCON,,INUS,Otaki,Bend10-22.5deg,2018
1780139.675,5486213.8705,13018937,KWWN012500,Wastewater,,,,,,WWCE,,INUS,Otaki,,2023
1766500.434,5466241.7615,13018938,KWWN010076,Wastewater,,,,,,WWCON,,INUS,Paraparaumu,,
1769961.522,5472676.4065,13018939,KWWN012764,Wastewater,3.22,3.58,2.37,5.59,5.95,WWMH,,PRV,Paraparaumu,,2023
1774513.76,5471637.0605,13018940,KWWN011251,Wastewater,,,,,,WWMH,,INUS,Waikanae,,
1774140.914,5474822.8325,13018941,KWWN012565,Wastewater,,,,,,WWPWC,,INUS,Waikanae,,2023
1768030.731,5470402.2525,13018942,KWWN010282,Wastewater,,,,,,WWCON,,INUS,Paraparaumu,,2017
1772620.21,5473682.4075,13018943,KWWN012049,Wastewater,,,,11.34,11.7,WWMH,,INUS,Waikanae,MAGFLOW,2023
1769332.025,5472582.9475,13018944,KWWN010976,Wastewater,,,,,,WWCE,,INUS,Paraparaumu,,2021
1766580.195,5467012.9265,13018945,KWWN010105,Wastewater,,,,,,WWCON,,INUS,Paraparaumu,,
1767476.16,5466121.9605,13018946,KWWN010119,Wastewater,,,,,,WWCON,,INUS,Paraparaumu,,
1766512.78,5467225.2505,13018947,KWWN010189,Wastewater,,,,,,WWCON,,INUS,Paraparaumu,,
1774224.6,5473887.9105,13018948,KWWN010542,Wastewater,17.85,18.2,1.49,19.34,19.69,WWMH,,INUS,Waikanae,H3,2018
1780162.173,5486178.6815,13018949,KWWN012470,Wastewater,4.9,5.27,1.59,6.49,6.86,WWMH,,INUS,Otaki,,2023
1782323.839,5485474.9005,13018950,KWWN010521,Wastewater,11.39,11.76,,,,WWCON,,INUS,Otaki,Bend7-45deg,2018
1769024.161,5472123.7795,13018951,KWWN011130,Wastewater,,,,,,WWCON,,PRV,Paraparaumu,,2002
1771232.15,5473253.5225,13018952,KWWN012749,Wastewater,,,,,,WWCON,,INUS,Waikanae,,2018
1779969.87,5486297.6405,13018953,KWWN012402,Wastewater,,,,,,WWCE,,PRV,Otaki,,2023
1771558.571,5474085.8515,13018954,KWWN010360,Wastewater,,,,,,WWBE,,PRV,Waikanae,L031.2,2017
1769449.974,5469731.1225,13018955,KWWN011345,Wastewater,,,,,,WWCON,,INUS,Paraparaumu,,2021
1780673.54,5486089.5305,13018956,KWWN010633,Wastewater,6.82,7.19,1.65,8.47,8.84,WWMH,,INUS,Otaki,SSMH-04,2021
1774095.5,5474680.6985,13018957,KWWN012533,Wastewater,,,,,,WWPWC,,INUS,Waikanae,,2023
1773966.714,5474756.3345,13018958,KWWN012513,Wastewater,,,,,,WWPWC,,PRV,Waikanae,,2023
1783430.914,5485712.3555,13018959,KWWN010550,Wastewater,43.97,44.35,1.44,45.41,45.79,WWMH,,INUS,Otaki,SSMH3,2019
1766961.423,5471117.1035,13018960,KWWN011865,Wastewater,5.16,5.52,0.88,6.04,6.4,WWMH,,PRV,Paraparaumu,,2023
1766817.95,5469622.6305,13018961,KWWN009752,Wastewater,,,1.52,,,WWCE,,INUS,Paraparaumu,,2021
1766628.007,5466154.0435,13018962,KWWN010064,Wastewater,,,,,,WWCON,,INUS,Paraparaumu,,
1771564.408,5474046.8075,13018963,KWWN010342,Wastewater,,,,,,WWBE,,PRV,Waikanae,L014.2,2017
1770388.41,5471480.8105,13018964,KWWN010265,Wastewater,9.54,9.9,,,,WWCON,,STANDBY,Paraparaumu,SOP11,2016
1774183.221,5474275.6615,13018965,KWWN011265,Wastewater,11.88,12.23,3.01,14.89,15.24,WWMH,,INUS,Waikanae,,2022
1782165.655,5485558.1865,13018966,KWWN010513,Wastewater,11.99,12.36,,,,WWCON,,INUS,Otaki,Bend1-11deg do,2018
1769513.66,5467897.2405,13018967,KWWN011602,Wastewater,39.17,39.52,1.69,40.86,41.21,WWMH,,PRV,Paraparaumu,A4,2020
1774065.338,5474762.5005,13018968,KWWN012543,Wastewater,,,,,,WWPWC,,INUS,Waikanae,,2023
1766627.27,5466154.2905,13018969,KWWN010062,Wastewater,,,,,,WWCON,,INUS,Paraparaumu,,
1782175.422,5485559.9745,13018970,KWWN010514,Wastewater,10.66,11.04,,,,WWCON,,INUS,Otaki,Bend2-45deg,2018
1781948.749,5485708.8645,13018971,KWWN012214,Wastewater,,,,,,WWCON,,INUS,Otaki,,1997
1781238.094,5485741.1855,13018972,KWWN011838,Wastewater,,,,,,WWCE,,ENT,Otaki,,2023
1774854.93,5472415.4905,13018973,KWWN012747,Wastewater,79.99,80.34,1.96,81.95,82.3,WWMH,,ENT,Waikanae,SSA4,2023
1768925.148,5468828.3285,13018974,KWWN012655,Wastewater,5.47,5.82,1.84,7.31,7.66,WWMH,,INUS,Paraparaumu,SSMH A0,2023
1771501.987,5474028.2615,13018975,KWWN010335,Wastewater,,,,,,WWBE,,PRV,Waikanae,L007.2,2017
1766512.428,5467223.5605,13018976,KWWN010186,Wastewater,,,,,,WWCON,,INUS,Paraparaumu,,
1782664.85,5485822.9445,13018977,KWWN010954,Wastewater,,,,,,WWCE,,INUS,Otaki,,2021
1771477.407,5474031.8585,13018978,KWWN010332,Wastewater,,,,,,WWBE,,PRV,Waikanae,L004.2,2017
1767811.884,5470795.9965,13018979,KWWN011974,Wastewater,,,,,,WWWW,,PRV,Paraparaumu,,
1782532.795,5485737.2485,13018980,KWWN011156,Wastewater,,,,,,WWCON,,PRV,Otaki,,2000
1769486.9,5467929.3105,13018981,KWWN011600,Wastewater,36.88,37.23,1.18,38.06,38.41,WWMH,,PRV,Paraparaumu,A2,2020
1768928.5,5468800.5505,13018982,KWWN012657,Wastewater,5.91,6.26,1.83,7.74,8.09,WWMH,,PRV,Paraparaumu,SSMH A2,2023
1767424.123,5467843.6525,13018983,KWWN010181,Wastewater,,,,,,WWCON,,INUS,Paraparaumu,,
1778877.062,5487405.2245,13018984,KWWN010681,Wastewater,,,,,,WWVA,,INUS,Otaki,,2016
1766485.48,5467611.7505,13018985,KWWN010214,Wastewater,,,,,,WWCON,,INUS,Paraparaumu,,
1767783.728,5468541.6425,13018986,KWWN010254,Wastewater,-0.07,0.28,5.34,5.27,5.62,WWMH,,INUS,Paraparaumu,MH5,2016
1766499.726,5466242.7585,13018987,KWWN010074,Wastewater,,,,,,WWCON,,INUS,Paraparaumu,,
1774120.944,5474834.0725,13018988,KWWN012583,Wastewater,,,,,,WWCON,,INUS,Waikanae,,2023
1772429.84,5473090.1005,13018989,KWWN010500,Wastewater,9.91,10.27,1.06,10.97,11.33,WWMH,,INUS,Waikanae,B2,2018
1780105.1,5486294.5605,13018990,KWWN012409,Wastewater,,,,,,WWCE,,INUS,Otaki,,2023
1780123.747,5486222.4745,13018991,KWWN012478,Wastewater,,,,,,WWCE,,INUS,Otaki,,2023
1769255.063,5469445.2015,13018992,KWWN009776,Wastewater,,,,,,WWCE,,PRV,Paraparaumu,,2021
1774045.449,5474759.8265,13018993,KWWN012589,Wastewater,,,,,,WWCON,,INUS,Waikanae,,2023
1780708.348,5484935.4085,13018994,KWWN011723,Wastewater,9.32,9.69,1.46,10.78,11.15,WWMH,,INUS,Otaki,,2023
1766990.546,5471084.4285,13018995,KWWN011869,Wastewater,3.73,4.08,1.57,5.29,5.65,WWMH,,PRV,Paraparaumu,,2023
1772686.885,5473655.2695,13018996,KWWN012076,Wastewater,,,,,,WWCE,,INUS,Waikanae,,2023
1772679.604,5473112.2225,13018997,KWWN012426,Wastewater,8.03,8.39,3.17,11.2,11.56,WWMH,,INUS,Waikanae,,2023
1782320.418,5485457.6485,13018998,KWWN010527,Wastewater,11.43,11.81,2.25,13.68,14.06,WWMH,,INUS,Otaki,MH1,2018
1772433.319,5473840.6965,13018999,KWWN012057,Wastewater,,,,,,WWPWC,,PRV,Waikanae,,2023
1774168.111,5474775.5685,13019000,KWWN012538,Wastewater,,,,,,WWPWC,,INUS,Waikanae,,2023
1774800.99,5472306.4915,13019001,KWWN012740,Wastewater,,,,,,WWBE,,ENT,Waikanae,,2022
1772730.171,5473726.4125,13019002,KWWN012081,Wastewater,21.33,21.69,1.65,22.98,23.34,WWMH,,INUS,Waikanae,SSMH09,2023
1768985.002,5468694.0805,13019003,KWWN011146,Wastewater,,,,,,WWCE,,PRV,Paraparaumu,,
1779108.79,5488451.1815,13019004,KWWN010488,Wastewater,2.44,2.81,2.06,4.5,4.87,WWMH,,INUS,Otaki,SSMH A5,2017
1769060.53,5468769.5965,13019005,KWWN012665,Wastewater,,,,,,WWSUMP,,PRV,Paraparaumu,,2023
1766259.025,5466413.2615,13019006,KWWN010066,Wastewater,,,,,,WWCON,,INUS,Paraparaumu,,
1766193.06,5465923.7805,13019007,KWWN010041,Wastewater,,,,,,WWCON,,INUS,Paraparaumu,,
1769127.184,5469517.1145,13019008,KWWN012149,Wastewater,,,,,,WWCE,,INUS,Paraparaumu,,2023
1769621.36,5467834.7405,13019009,KWWN011607,Wastewater,47.66,48.01,1.27,48.93,49.28,WWMH,,PRV,Paraparaumu,A9,2020
1774205.197,5474595.9715,13019010,KWWN011355,Wastewater,9.69,10.04,0.5,10.19,10.54,WWMH,,INUS,Waikanae,,2022
1771470.29,5474034.1605,13019011,KWWN010331,Wastewater,,,,,,WWBE,,PRV,Waikanae,L003.2,2017
1767894.27,5466520.8505,13019012,KWWN010238,Wastewater,5.74,6.09,1.77,7.51,7.86,WWMH,,INUS,Paraparaumu,MH002,2016
1766665.608,5469126.8865,13019013,KWWN010459,Wastewater,,,,,,WWBE,,PRV,Paraparaumu,Lot3 BE,2017
1766529.22,5466514.4405,13019014,KWWN010086,Wastewater,,,,,,WWCON,,INUS,Paraparaumu,,
1769525.37,5467934.4405,13019015,KWWN011612,Wastewater,40.25,40.6,1.16,41.41,41.76,WWMH,,PRV,Paraparaumu,C2,2020
1772420.41,5473128.9205,13019016,KWWN010497,Wastewater,8.74,9.1,1.44,10.18,10.54,WWMH,,INUS,Waikanae,A3,2018
1770457.74,5471461.7805,13019017,KWWN010261,Wastewater,8.16,8.52,,,,WWCON,,STANDBY,Paraparaumu,SOP5,2016
1767421.01,5466261.5805,13019018,KWWN010126,Wastewater,,,,,,WWCON,,INUS,Paraparaumu,,
1766996.757,5471070.9335,13019019,KWWN011870,Wastewater,3.25,3.61,1.64,4.89,5.25,WWMH,,INUS,Paraparaumu,,2023
1774806.195,5472388.5985,13019020,KWWN010273,Wastewater,66.46,66.81,1.28,67.74,68.09,WWMH,,INUS,Waikanae,20110215163519,2008
1772668.065,5473734.4595,13019021,KWWN012072,Wastewater,10.92,11.28,1.67,12.59,12.95,WWMH,,INUS,Waikanae,SSMH04,2023
1772620.554,5473681.6325,13019022,KWWN012048,Wastewater,,,,,,WWVA,,INUS,Waikanae,,2023
1767323.79,5467319.5905,13019023,KWWN010170,Wastewater,,,,,,WWCON,,INUS,Paraparaumu,,
1769495.576,5469772.0395,13019024,KWWN011327,Wastewater,,,,,,WWCON,,INUS,Paraparaumu,,2021
1771489.467,5474104.5875,13019025,KWWN010351,Wastewater,,,,,,WWBE,,PRV,Waikanae,L021.2,2017
1773976.966,5474772.0085,13019026,KWWN012515,Wastewater,,,,,,WWPWC,,PRV,Waikanae,,2023
1768422.865,5471845.2435,13019027,KWWN011254,Wastewater,2,2.35,0.7,2.7,3.05,WWCE,,INUS,Paraparaumu,,2022
1768649.72,5471099.1405,13019028,KWWN010456,Wastewater,2.64,2.99,1.75,4.39,4.74,WWMH,,INUS,Paraparaumu,SSMH-1B9,2016
1780163.365,5486175.0975,13019029,KWWN012482,Wastewater,,,,,,WWCE,,INUS,Otaki,,2023
1766580.982,5467013.9965,13019030,KWWN010108,Wastewater,,,,,,WWCON,,INUS,Paraparaumu,,
1775193.252,5473665.7455,13019031,KWWN010603,Wastewater,,,,,,WWCE,,PRV,Waikanae,52,2019
1768840.161,5468751.8655,13019032,KWWN009903,Wastewater,,,,,,WWMH,,PRV,Paraparaumu,,
1771413.747,5474043.6275,13019033,KWWN010315,Wastewater,2.94,3.3,2.36,5.3,5.66,WWMH,,INUS,Waikanae,SSD4,2017
1769431.074,5468250.1265,13019034,KWWN011104,Wastewater,,,,,,WWCE,,INUS,Paraparaumu,,1964
1766983.088,5471084.5255,13019035,KWWN011871,Wastewater,,,,,,WWBE,,PRV,Paraparaumu,,2023
1771622.041,5474154.8395,13019036,KWWN010319,Wastewater,5.94,6.3,1.62,7.56,7.92,WWMH,,INUS,Waikanae,SSG1,2017
1772618.847,5473679.2525,13019037,KWWN012116,Wastewater,5.14,5.5,6.2,11.34,11.7,WWWW,,INUS,Waikanae,,2023
1767531.899,5466518.9425,13019038,KWWN010142,Wastewater,,,,,,WWCON,,INUS,Paraparaumu,,
1780345.53,5486482.6515,13019039,KWWN011028,Wastewater,3.17,3.54,2.58,5.75,6.12,WWMH,,INUS,Otaki,SSMH1,2021
1774256.633,5474745.6555,13019040,KWWN011361,Wastewater,11,11.35,1.14,12.14,12.49,WWMH,,INUS,Waikanae,,2022
1779060.69,5488443.0105,13019041,KWWN010481,Wastewater,3.54,3.91,1.63,5.17,5.54,WWMH,,INUS,Otaki,SSMH D1,2017
1771501.93,5474027.0005,13019042,KWWN010412,Wastewater,,,,,,WWCON,,INUS,Waikanae,B7,2017
1771543.192,5474034.6735,13019043,KWWN010340,Wastewater,,,,,,WWBE,,PRV,Waikanae,L012.2,2017
1782708.82,5485713.3305,13019044,KWWN011187,Wastewater,29,29.38,0.71,29.71,30.09,WWMH,,INUS,Otaki,SSMH-ROAD-03,2022
1766500.613,5466242.6075,13019045,KWWN010073,Wastewater,,,,,,WWCON,,INUS,Paraparaumu,,
1767323.37,5467320.6205,13019046,KWWN010172,Wastewater,,,,,,WWCON,,INUS,Paraparaumu,,
1772635.408,5473796.0395,13019047,KWWN012064,Wastewater,,,,,,WWPWC,,PRV,Waikanae,,2023
1768932.35,5471968.6265,13019048,KWWN011889,Wastewater,,,,,,WWCE,,PRV,Paraparaumu,,2021
1774444.359,5474408.8775,13019049,KWWN011350,Wastewater,13.01,13.36,2.05,15.06,15.41,WWMH,,INUS,Waikanae,,2022
1768995.6,5468797.2405,13019050,KWWN012662,Wastewater,7.17,7.52,0.93,8.1,8.45,WWMH,,PRV,Paraparaumu,SSMH C1,2023
1766365.237,5466961.5475,13019051,KWWN010102,Wastewater,,,,,,WWCON,,INUS,Paraparaumu,,
1772372.484,5473067.0305,13019052,KWWN013143,Wastewater,8.31,8.67,2.42,10.73,11.09,WWMH,,INUS,Waikanae,B1,2023
1772408.17,5473029.7705,13019053,KWWN013147,Wastewater,,,,11.7,12.06,WWCE,,ENT,Waikanae,LOT 29,2023
1774403.872,5472767.4805,13019054,KWWN013179,Wastewater,,,,,,WWCE,,PRV,Waikanae,,2024
1772379.53,5473041.6105,13019055,KWWN013152,Wastewater,,,,11.46,11.82,WWCE,,ENT,Waikanae,LOT 48,2023
1774413.55,5472719.0095,13019056,KWWN013194,Wastewater,,,,,,WWCE,,PRV,Waikanae,,2024
1773017.976,5472494.5555,13019057,KWWN013051,Wastewater,16.4,16.75,0.56,,,WWCON,,INUS,Waikanae,,1993
1774414.809,5472721.9295,13019058,KWWN013196,Wastewater,,,,,,WWCE,,PRV,Waikanae,,2024
1768846.116,5469090.3635,13019059,KWWN012883,Wastewater,5.32,5.67,1.15,6.47,6.82,WWMH,,PRV,Paraparaumu,,2008
1772429.38,5473001.5705,13019060,KWWN013158,Wastewater,,,,12.34,12.7,WWCE,,PRV,Waikanae,LOT 54,2023
1770061.592,5469173.7295,13019061,KWWN012999,Wastewater,24.86,25.21,0.69,25.55,25.9,WWMH,,PRV,Paraparaumu,,2024
1774415.87,5472784.7255,13019062,KWWN013181,Wastewater,,,,,,WWCE,,PRV,Waikanae,,2024
1781463.6,5486043.8935,13019063,KWWN013122,Wastewater,,,,,,WWCON,,INUS,Otaki,,2023
1770274.835,5474421.5735,13019064,KWWN012948,Wastewater,,,,,,WWCE,,INUS,Waikanae,,2023
1766671.886,5469094.2565,13019065,KWWN013126,Wastewater,,,,,,WWCON,,INUS,Paraparaumu,,2017
1769823.668,5472795.5915,13019066,KWWN013045,Wastewater,,,,,,WWWW,,INUS,Paraparaumu,,2007
1768851.375,5470016.0325,13019067,KWWN012826,Wastewater,,,,,,WWCE,,INUS,Paraparaumu,,2023
1781455.98,5486029.4955,13019068,KWWN013121,Wastewater,7.06,7.44,2.21,9.27,9.65,WWMH,,PRV,Otaki,,2023
1774408.872,5472708.0555,13019069,KWWN013192,Wastewater,,,,,,WWCE,,PRV,Waikanae,,2024
1774419.704,5472781.3675,13019070,KWWN013183,Wastewater,,,,,,WWCE,,PRV,Waikanae,,2024
1769154.237,5468757.6265,13019071,KWWN013032,Wastewater,7.77,8.12,1.75,9.52,9.87,WWMH,,PRV,Paraparaumu,,2018
1774416.621,5472725.3075,13019072,KWWN013204,Wastewater,,,,,,WWCE,,PRV,Waikanae,,2024
1780194.325,5486405.3825,13019073,KWWN012835,Wastewater,4.39,4.76,0.93,5.32,5.69,WMMH,,INUS,Otaki,,2024
1768642.6,5470028.5005,13019074,KWWN012790,Wastewater,3.61,3.96,2.11,5.72,6.07,WWMH,,INUS,Paraparaumu,SSMH A1,2023
1770111.843,5472089.3715,13019075,KWWN012849,Wastewater,,,,,,WWCE,,INUS,Paraparaumu,,1984
1774393.595,5472742.8795,13019076,KWWN013172,Wastewater,,,,,,WWCE,,PRV,Waikanae,,2024
1774379.838,5472723.5295,13019077,KWWN013186,Wastewater,,,,,,WWCE,,PRV,Waikanae,,2024
1769712.849,5469184.8165,13019078,KWWN012970,Wastewater,9.22,9.57,2.07,11.29,11.64,WWMH,,INUS,Paraparaumu,,2023
1780205.379,5485807.8475,13019079,KWWN012870,Wastewater,,,,,,WWMH,,PRV,Otaki,,2020
1781042.763,5484053.2895,13019080,KWWN012839,Wastewater,,,,,,WWMH,,INUS,Te Horo,,2024
1780190.247,5486442.7425,13019081,KWWN012834,Wastewater,4.1,4.47,1.25,5.35,5.72,WMMH,,INUS,Otaki,,2024
1768640.631,5470025.7855,13019082,KWWN012815,Wastewater,,,,,,WWCE,,INUS,Paraparaumu,,2023
1768673.82,5469989.4505,13019083,KWWN012791,Wastewater,4.08,4.43,1.85,5.93,6.28,WWMH,,INUS,Paraparaumu,SSMH B1,2023
1772670.51,5473057.8205,13019084,KWWN013145,Wastewater,,,,11.45,11.81,WWCE,,INUS,Waikanae,LOT 2,2023
1769791.458,5469222.8775,13019085,KWWN012972,Wastewater,9.56,9.91,1.78,11.34,11.69,WWMH,,INUS,Paraparaumu,,2023
1770118.035,5469196.3515,13019086,KWWN013244,Wastewater,26.32,26.68,0.86,27.18,27.54,WWMH,,PRV,Paraparaumu,SSMH 50,2024
1768682.48,5470034.0815,13019087,KWWN012824,Wastewater,,,,,,WWCE,,INUS,Paraparaumu,,2023
1782447.354,5485778.9295,13019088,KWWN013120,Wastewater,19.97,20.35,1.07,21.04,21.42,WWMH,,INUS,Otaki,,2024
1768263.471,5469626.7325,13019089,KWWN012885,Wastewater,,,,,,WWMH,,PRV,Paraparaumu,,2012
1768727.49,5470060.2715,13019090,KWWN012814,Wastewater,,,,,,WWCE,,INUS,Paraparaumu,,2023
1771452.678,5475142.2435,13019091,KWWN012986,Wastewater,,,,,,WWCE,,PRV,Waikanae,,2022
1769970.173,5470970.3395,13019092,KWWN012837,Wastewater,,,,,,WWVA,,INUS,Paraparaumu,,2014
1770899.495,5474110.9605,13019093,KWWN012993,Wastewater,1.78,2.14,0.14,1.92,2.28,WWCE,,PRV,Waikanae,,2023
1774058.48,5473233.1755,13019094,KWWN012880,Wastewater,23.39,23.75,2.25,25.64,26,WWMH,,INUS,Waikanae,,1998
1770100.365,5469353.2285,13019095,KWWN013014,Wastewater,,,,,,WWMH,,PRV,Paraparaumu,,2018
1774388.875,5472719.6655,13019096,KWWN013188,Wastewater,,,,,,WWCE,,PRV,Waikanae,,2024
1774391.95,5472734.7605,13019097,KWWN013207,Wastewater,35.27,35.62,0,35.27,35.62,WWCON,,ENT,Waikanae,,2024
1774425.175,5472787.7015,13019098,KWWN013205,Wastewater,36.91,37.26,,,,WWSUMP,,PRV,Waikanae,,2024
1768817.26,5470060.5905,13019099,KWWN012785,Wastewater,5.47,5.82,1.59,7.06,7.41,WWMH,,INUS,Paraparaumu,SSMH A6,2023
1766156.967,5465568.0755,13019100,KWWN012925,Wastewater,,,,,,WWCE,,PRV,Paraparaumu,,1986
1774394.137,5472744.3275,13019101,KWWN013173,Wastewater,,,,,,WWCE,,PRV,Waikanae,,2024
1768728.223,5470036.2715,13019102,KWWN012829,Wastewater,,,,,,WWCE,,INUS,Paraparaumu,,2023
1774384.252,5472721.6385,13019103,KWWN013187,Wastewater,,,,,,WWCE,,PRV,Waikanae,,2024
1767926.981,5472806.0835,13019104,KWWN013272,Wastewater,,,,,,WWCE,,PRV,Paraparaumu,,2024
1774991.103,5473345.8525,13019105,KWWN013053,Wastewater,,,,,,WWCE,,PRV,Waikanae,,2014
1774417.186,5472726.7175,13019106,KWWN013169,Wastewater,,,,,,WWCE,,PRV,Waikanae,,2024
1772437.87,5473002.1205,13019107,KWWN013159,Wastewater,,,,12.31,12.67,WWCE,,PRV,Waikanae,LOT 55,2023
1774396.319,5472749.8075,13019108,KWWN013174,Wastewater,,,,,,WWCE,,PRV,Waikanae,,2024
1769767.382,5469181.3945,13019109,KWWN012966,Wastewater,,,,,,WWMH,,INUS,Paraparaumu,,2023
1768829.697,5470062.5205,13019110,KWWN012810,Wastewater,,,,,,WWCE,,INUS,Paraparaumu,,2023
1770892.385,5474073.3815,13019111,KWWN012960,Wastewater,,,,,,WWCE,,PRV,Waikanae,,2023
1768728.802,5469920.9335,13019112,KWWN012819,Wastewater,,,,,,WWCE,,INUS,Paraparaumu,,2023
1774406.085,5472704.5265,13019113,KWWN013191,Wastewater,,,,,,WWCE,,PRV,Waikanae,,2024
1768832.29,5469999.2325,13019114,KWWN012827,Wastewater,,,,,,WWCE,,INUS,Paraparaumu,,2023
1768660.164,5469997.7785,13019115,KWWN012816,Wastewater,,,,,,WWCE,,INUS,Paraparaumu,,2023
1781442.75,5485996.1445,13019116,KWWN013123,Wastewater,,,,,,WWCE,,PRV,Otaki,,2023
1768727.608,5470039.5045,13019117,KWWN012796,Wastewater,4.82,5.17,1.62,6.44,6.79,WWMH,,INUS,Paraparaumu,SSMH C1,2023
1774399.648,5472714.8375,13019118,KWWN013167,Wastewater,,,,,,WWCE,,PRV,Waikanae,,2024
1769747.084,5469211.2635,13019119,KWWN012968,Wastewater,8.24,8.59,2.43,10.67,11.02,WWMH,,INUS,Paraparaumu,,2023
1768719.81,5470050.7205,13019120,KWWN012788,Wastewater,,,,6.38,6.73,WWMH,,INUS,Paraparaumu,SSMH A3,2023
1772387.91,5473029.5705,13019121,KWWN013153,Wastewater,,,,11.5,11.86,WWCE,,ENT,Waikanae,LOT 49,2023
1782454.607,5485793.9575,13019122,KWWN013119,Wastewater,20.86,21.24,1.15,22.01,22.39,WWMH,,INUS,Otaki,,2024
1780172.91,5486196.1905,13019123,KWWN012831,Wastewater,,,,,,WWCE,,PRV,Otaki,,2023
1782461.06,5485805.1165,13019124,KWWN013118,Wastewater,21.63,22.01,1.16,22.79,23.17,WWMH,,INUS,Otaki,,2024
1772328.16,5473051.4505,13019125,KWWN013144,Wastewater,9.57,9.93,1.46,11.03,11.39,WWMH,,INUS,Waikanae,B2,2023
1780811.387,5485035.6915,13019126,KWWN012981,Wastewater,8.72,9.09,1.43,10.15,10.52,WWMH,,PRV,Otaki,,2022
1774376.691,5472724.8275,13019127,KWWN013184,Wastewater,,,,,,WWCE,,PRV,Waikanae,,2024
1768783.869,5470070.1525,13019128,KWWN012811,Wastewater,,,,,,WWCE,,INUS,Paraparaumu,,2023
1774390.859,5472737.4875,13019129,KWWN013171,Wastewater,,,,,,WWCE,,PRV,Waikanae,,2024
1775306.51,5473530.6405,13019130,KWWN013160,Wastewater,,,,,,WWCE,,PRV,Waikanae,,2019
1768866.15,5470034.6305,13019131,KWWN012795,Wastewater,6.29,6.64,1.07,7.36,7.71,WWMH,,INUS,Paraparaumu,SSMH B5,2023
1774391.721,5472718.2595,13019132,KWWN013166,Wastewater,,,,,,WWCE,,PRV,Waikanae,,2024
1780874.158,5485054.7255,13019133,KWWN012980,Wastewater,9.1,9.47,1.23,10.33,10.7,WWMH,,PRV,Otaki,,2022
1768806.36,5470065.6425,13019134,KWWN012809,Wastewater,,,,,,WWCE,,INUS,Paraparaumu,,2023
1770105.731,5469190.9745,13019135,KWWN013245,Wastewater,26.11,26.46,1.02,27.13,27.48,WWMH,,PRV,Paraparaumu,SSMH 51,2024
1766956.723,5466557.1505,13019136,KWWN012879,Wastewater,,,,,,WWMH,,INUS,Paraparaumu,,1981
1772341.66,5473058.9705,13019137,KWWN013149,Wastewater,,,,10.98,11.34,WWCE,,ENT,Waikanae,LOT 41,2023
1770897.629,5474115.1985,13019138,KWWN012949,Wastewater,1.3,1.66,1.46,2.76,3.12,WWMH,,INUS,Waikanae,,2023
1772352.46,5473055.9805,13019139,KWWN013151,Wastewater,,,,11.09,11.45,WWCE,,ENT,Waikanae,LOT 47,2023
1770899.887,5474111.9605,13019140,KWWN012959,Wastewater,1.59,1.95,,,,WWCE,,PRV,Waikanae,,2023
1766494.846,5466433.5885,13019141,KWWN013113,Wastewater,5.15,5.5,1.98,7.13,7.48,WWMH,,INUS,Paraparaumu,WWA,2024
1767792.174,5470920.4955,13019142,KWWN012842,Wastewater,3.64,3.99,1.53,5.17,5.52,WWMH,,INUS,Paraparaumu,,2023
1769812.178,5469211.3505,13019143,KWWN012971,Wastewater,11.08,11.43,1.85,12.93,13.28,WWMH,,INUS,Paraparaumu,,2023
1768710.903,5469941.0105,13019144,KWWN012818,Wastewater,,,,,,WWCE,,INUS,Paraparaumu,,2023
1769735.373,5469218.3185,13019145,KWWN012969,Wastewater,7.92,8.27,1.6,9.52,9.87,WWMH,,INUS,Paraparaumu,,2023
1768777.62,5470068.1705,13019146,KWWN012786,Wastewater,5.09,5.44,1.7,6.79,7.14,WWMH,,INUS,Paraparaumu,SSMH A5,2023
1780728.78,5486455.9855,13019147,KWWN013110,Wastewater,,,,,,WWMH,,PRV,Otaki,,1986
1772408.36,5473014.2705,13019148,KWWN013156,Wastewater,,,,11.7,12.06,WWCE,,ENT,Waikanae,LOT 52,2023
1771671.255,5475187.6105,13019149,KWWN012916,Wastewater,,,,,,WWCE,,INUS,Waikanae,,2024
1770091.807,5469344.8655,13019150,KWWN013015,Wastewater,,,,,,WWCON,,PRV,Paraparaumu,,2018
1768685.305,5469969.4695,13019151,KWWN012817,Wastewater,,,,,,WWCE,,INUS,Paraparaumu,,2023
1774406.35,5472772.3365,13019152,KWWN013197,Wastewater,,,,,,WWCE,,PRV,Waikanae,,2024
1770146.647,5469311.2925,13019153,KWWN013013,Wastewater,,,,,,WWMH,,PRV,Paraparaumu,,2018
1768776.587,5469949.6135,13019154,KWWN012822,Wastewater,,,,,,WWCE,,INUS,Paraparaumu,,2023
1767918.094,5472824.6625,13019155,KWWN013262,Wastewater,1.32,1.68,1.31,2.63,2.99,WWMH,,PRV,Paraparaumu,,2024
1767804.383,5470924.8345,13019156,KWWN012843,Wastewater,3,3.35,2.24,5.24,5.59,WWMH,,INUS,Paraparaumu,,2023
1766516.954,5466415.5755,13019157,KWWN013115,Wastewater,5.93,6.28,0.96,6.89,7.24,WWMH,,INUS,Paraparaumu,,2024
1771449.646,5475137.9705,13019158,KWWN012987,Wastewater,,,,,,WWCE,,PRV,Waikanae,,2022
1774409.842,5472713.7355,13019159,KWWN013165,Wastewater,35.37,35.72,1.52,36.89,37.24,WWCE,,ENT,Waikanae,SSMH 4,2024
1770060.807,5469206.1855,13019160,KWWN012997,Wastewater,,,,25.45,25.8,WWCE,,PRV,Paraparaumu,,2024
1768754.11,5469929.2565,13019161,KWWN012820,Wastewater,,,,,,WWCE,,INUS,Paraparaumu,,2023
1767932.564,5472794.1975,13019162,KWWN013273,Wastewater,,,,,,WWCE,,PRV,Paraparaumu,,2024
1774405.239,5472738.3835,13019163,KWWN013206,Wastewater,,,,,,WWSUMP,,PRV,Waikanae,,2024
1767917.451,5472823.6075,13019164,KWWN013271,Wastewater,,,,,,WWCE,,PRV,Paraparaumu,,2024
1774373.58,5472725.9955,13019165,KWWN013185,Wastewater,,,,,,WWCE,,PRV,Waikanae,,2024
1772397.45,5473020.2905,13019166,KWWN013155,Wastewater,,,,11.66,12.02,WWCE,,ENT,Waikanae,LOT 51,2023
1768271.947,5469605.9825,13019167,KWWN012886,Wastewater,,,,,,WWMH,,PRV,Paraparaumu,,2012
1769910.425,5470832.5455,13019168,KWWN013103,Wastewater,,,,,,WWCON,,INUS,Paraparaumu,20120427114359,
1774397.498,5472752.5875,13019169,KWWN013175,Wastewater,,,,,,WWCE,,PRV,Waikanae,,2024
1780920.894,5485069.4015,13019170,KWWN012982,Wastewater,9.43,9.8,0.89,10.32,10.69,WWMH,,PRV,Otaki,,2022
1768880.6,5470058.8305,13019171,KWWN012783,Wastewater,6.1,6.45,1.5,7.6,7.95,WWMH,,INUS,Paraparaumu,SSMH A8,2023
1781433.882,5485974.8315,13019172,KWWN013124,Wastewater,,,,,,WWCE,,PRV,Otaki,,2023
1768284.134,5469586.2915,13019173,KWWN012887,Wastewater,,,,,,WWMH,,PRV,Paraparaumu,,2012
1774412.958,5472783.9995,13019174,KWWN013164,Wastewater,,,,,,WWMH,,ENT,Waikanae,SSMH 3,2024
1774411.173,5472786.6515,13019175,KWWN013199,Wastewater,,,,,,WWCE,,PRV,Waikanae,,2024
1770098.666,5472136.1325,13019176,KWWN012848,Wastewater,,,,,,WWCE,,INUS,Paraparaumu,,1984
1766104.636,5465493.2725,13019177,KWWN012838,Wastewater,,,,,,WWCE,,INUS,Paraparaumu,,2014
1766668.769,5466823.3305,13019178,KWWN013109,Wastewater,,,,,,WWCE,,INUS,Paraparaumu,,2024
1774389.84,5472734.6375,13019179,KWWN013170,Wastewater,,,,,,WWCE,,PRV,Waikanae,,2024
1780269.162,5485775.7235,13019180,KWWN012869,Wastewater,,,,,,WWMH,,INUS,Otaki,,2020
1774407.46,5472774.9165,13019181,KWWN013198,Wastewater,,,,,,WWCE,,PRV,Waikanae,,2024
1774399.458,5472756.3655,13019182,KWWN013176,Wastewater,,,,,,WWCE,,PRV,Waikanae,,2024
1774400.952,5472760.0145,13019183,KWWN013177,Wastewater,,,,,,WWCE,,PRV,Waikanae,,2024
1773018.263,5472506.0225,13019184,KWWN013049,Wastewater,16.32,16.67,1.15,18.47,18.82,WWMH,,INUS,Waikanae,,1993
1770164.639,5469330.5445,13019185,KWWN013012,Wastewater,,,,,,WWMH,,PRV,Paraparaumu,,2018
1772430.11,5472983.7905,13019186,KWWN013157,Wastewater,,,,12.08,12.44,WWCE,,PRV,Waikanae,LOT 53,2023
1768869.14,5470032.3665,13019187,KWWN012825,Wastewater,,,,,,WWCE,,INUS,Paraparaumu,,2023
1770053.64,5469223.0605,13019188,KWWN012994,Wastewater,22.51,22.86,1.01,23.52,23.87,WWMH,,INUS,Paraparaumu,,2024
1768757.267,5469932.3325,13019189,KWWN012821,Wastewater,,,,,,WWCE,,INUS,Paraparaumu,,2023
1774412.197,5472716.1685,13019190,KWWN013168,Wastewater,,,,,,WWCE,,PRV,Waikanae,,2024
1771452.638,5475139.8255,13019191,KWWN012988,Wastewater,3.04,3.4,1.34,4.38,4.74,WWMH,,PRV,Waikanae,,2022
1768680.53,5470027.3105,13019192,KWWN012789,Wastewater,4.03,4.38,2.02,6.05,6.4,WWMH,,INUS,Paraparaumu,SSMH A2,2023
1772432.96,5473011.7005,13019193,KWWN013142,Wastewater,8.8,9.16,3.06,11.86,12.22,WWMH,,INUS,Waikanae,A1,2023
1774406.335,5472788.9465,13019194,KWWN013200,Wastewater,,,,,,WWCE,,PRV,Waikanae,,2024
1773017.235,5472465.7565,13019195,KWWN013050,Wastewater,16.61,16.96,0.56,17.17,17.52,WWMH,,PRV,Waikanae,,1993
1768751.08,5469932.6005,13019196,KWWN012793,Wastewater,4.91,5.26,1.61,6.52,6.87,WWMH,,INUS,Paraparaumu,SSMH B3,2023
1769770.668,5469190.3275,13019197,KWWN012973,Wastewater,9.31,9.66,1.66,10.97,11.32,WWMH,,INUS,Paraparaumu,,2023
1770072.883,5469178.8445,13019198,KWWN012998,Wastewater,24.71,25.06,0.79,25.5,25.85,WWMH,,PRV,Paraparaumu,,2024
1774406.604,5472705.7375,13019199,KWWN013190,Wastewater,,,,,,WWCE,,PRV,Waikanae,,2024
1768861.09,5470057.5705,13019200,KWWN012784,Wastewater,5.89,6.24,1.53,7.42,7.77,WWMH,,INUS,Paraparaumu,SSMH A7,2023
1774418.525,5472784.2385,13019201,KWWN013203,Wastewater,,,,,,WWCE,,PRV,Waikanae,,2024
1774410.805,5472711.9295,13019202,KWWN013193,Wastewater,,,,,,WWCE,,PRV,Waikanae,,2024
1769828.394,5472799.9455,13019203,KWWN013044,Wastewater,4.12,4.48,0.58,4.7,5.06,WWMH,,INUS,Paraparaumu,,2007
1766508.309,5466415.2675,13019204,KWWN013116,Wastewater,,,,,,WWMH,,INUS,Paraparaumu,,2024
1768706.519,5468954.9265,13019205,KWWN013291,Wastewater,,,,,,WWCE,,INUS,Paraparaumu,,2024
1769561.294,5468245.5875,13019206,KWWN013030,Wastewater,,,,,,WWCE,,ENT,Paraparaumu,,
1766671.824,5469094.2505,13019207,KWWN013125,Wastewater,,,,,,WWCON,,INUS,Paraparaumu,,2017
1770047.71,5469237.2055,13019208,KWWN012995,Wastewater,22.12,22.47,1.4,23.52,23.87,WWMH,,INUS,Paraparaumu,,2024
1768727.64,5469928.2505,13019209,KWWN012792,Wastewater,4.69,5.04,1.68,6.37,6.72,WWMH,,INUS,Paraparaumu,SSMH B2,2023
1769866.491,5473027.2995,13019210,KWWN013031,Wastewater,,,,,,WWCON,,INUS,Waikanae,,2002
1780800.252,5485040.4715,13019211,KWWN012992,Wastewater,8.59,8.96,,,,SWCON,,PRV,Otaki,,2022
1774370.955,5472730.7655,13019212,KWWN013163,Wastewater,34.61,34.96,1.66,36.27,36.62,WWMH,,ENT,Waikanae,SSMH 1,2024
1768747.75,5470066.4005,13019213,KWWN012787,Wastewater,4.81,5.16,1.8,6.61,6.96,WWMH,,INUS,Paraparaumu,SSMH A4,2023
1774387.212,5472723.6555,13019214,KWWN013182,Wastewater,34.9,35.25,1.76,36.66,37.01,WWMH,,ENT,Waikanae,SSMH 2,2024
1774409.647,5472779.5865,13019215,KWWN013180,Wastewater,,,,,,WWCE,,PRV,Waikanae,,2024
1768813.88,5469982.7475,13019216,KWWN012828,Wastewater,,,,,,WWCE,,INUS,Paraparaumu,,2023
1770093.965,5469217.7975,13019217,KWWN013246,Wastewater,,,,27.11,27.46,WWCE,,PRV,Paraparaumu,SSLH 52,2024
1769794.042,5469150.7105,13019218,KWWN012963,Wastewater,,,,,,WWCE,,INUS,Paraparaumu,,2023
1768828.41,5470001.7005,13019219,KWWN012794,Wastewater,5.68,6.03,1.34,7.02,7.37,WWMH,,INUS,Paraparaumu,SSMH B4,2023
1775355.46,5473731.4605,13019220,KWWN013161,Wastewater,,,,,,WWCE,,INUS,Waikanae,,2019
1774402.768,5472788.4645,13019221,KWWN013201,Wastewater,37.94,38.29,,,,WWCE,,PRV,Waikanae,,2024
1768795.209,5469966.2505,13019222,KWWN012823,Wastewater,,,,,,WWCE,,INUS,Paraparaumu,,2023
1772336.12,5473049.8405,13019223,KWWN013150,Wastewater,,,,11.06,11.42,WWCE,,ENT,Waikanae,LOT 46,2023
1768730.327,5470037.4415,13019224,KWWN012830,Wastewater,,,,,,WWCE,,INUS,Paraparaumu,,2023
1769764.034,5469195.5035,13019225,KWWN012967,Wastewater,9.01,9.36,2.09,11.1,11.45,WWMH,,INUS,Paraparaumu,,2023
1772392.81,5473047.6305,13019226,KWWN013146,Wastewater,,,,11.65,12.01,WWCE,,ENT,Waikanae,LOT 28,2023
1774401.684,5472790.7045,13019227,KWWN013202,Wastewater,,,,,,WWCE,,PRV,Waikanae,,2024
1767756.945,5470902.1085,13019228,KWWN012841,Wastewater,4.26,4.61,0.87,5.13,5.48,WWMH,,PRV,Paraparaumu,,2023
1770047.376,5469238.6105,13019229,KWWN012996,Wastewater,,,,,,WWCON,,INUS,Paraparaumu,,2024
1770359.18,5472554.3575,13019230,KWWN012776,Wastewater,,,,,,WWCE,,PRV,Paraparaumu,,2023
1781039.99,5484054.3285,13019231,KWWN012840,Wastewater,,,,,,WWMH,,INUS,Te Horo,,2024
1772443.49,5473024.4605,13019232,KWWN013148,Wastewater,,,,11.89,12.25,WWCE,,ENT,Waikanae,LOT 30,2023
1774403.039,5472764.8365,13019233,KWWN013178,Wastewater,,,,,,WWCE,,PRV,Waikanae,,2024
1774396.272,5472715.9265,13019234,KWWN013189,Wastewater,,,,,,WWCE,,PRV,Waikanae,,2024
1768778.086,5470071.2935,13019235,KWWN012812,Wastewater,,,,,,WWCE,,INUS,Paraparaumu,,2023
1766500.288,5466409.2545,13019236,KWWN013114,Wastewater,4.35,4.7,1.82,6.17,6.52,WWMH,,INUS,Paraparaumu,WWB,2024
1774414.475,5472721.0195,13019237,KWWN013195,Wastewater,,,,,,WWCE,,PRV,Waikanae,,2024
1770087.124,5469233.3905,13019238,KWWN013247,Wastewater,24.11,24.46,1.07,25.18,25.53,WWMH,,ENT,Paraparaumu,SSMH 52,2024
1766566.359,5467030.1225,13019239,KWWN012836,Wastewater,2.82,3.17,0.6,3.43,3.78,WWMH,,PRV,Paraparaumu,,2023
1781874.982,5485482.0515,13019240,KWWN012845,Wastewater,,,,,,WWCE,,INUS,Otaki,,2021
1772389.63,5473027.8405,13019241,KWWN013154,Wastewater,,,,11.53,11.89,WWCE,,ENT,Waikanae,LOT 50,2023
1768746.893,5470069.3095,13019242,KWWN012813,Wastewater,,,,,,WWCE,,INUS,Paraparaumu,,2023
